timestamp,target
2016-07-01 00:00:00,38.662
2016-07-01 01:00:00,37.124
2016-07-01 02:00:00,36.465
2016-07-01 03:00:00,33.6085
2016-07-01 04:00:00,31.8505
2016-07-01 05:00:00,30.532
2016-07-01 06:00:00,30.093
2016-07-01 07:00:00,29.873
2016-07-01 08:00:00,29.653
2016-07-01 09:00:00,29.2135
2016-07-01 10:00:00,27.456
2016-07-01 11:00:00,27.456
2016-07-01 12:00:00,27.2365
2016-07-01 13:00:00,26.577
2016-07-01 14:00:00,26.797
2016-07-01 15:00:00,26.797
2016-07-01 16:00:00,26.797
2016-07-01 17:00:00,26.5775
2016-07-01 18:00:00,26.5775
2016-07-01 19:00:00,26.1375
2016-07-01 20:00:00,26.1375
2016-07-01 21:00:00,25.6985
2016-07-01 22:00:00,25.918
2016-07-01 23:00:00,25.918
2016-07-02 00:00:00,25.918
2016-07-02 01:00:00,26.3575
2016-07-02 02:00:00,26.1375
2016-07-02 03:00:00,25.6985
2016-07-02 04:00:00,25.6985
2016-07-02 05:00:00,25.918
2016-07-02 06:00:00,25.918
2016-07-02 07:00:00,25.918
2016-07-02 08:00:00,25.4785
2016-07-02 09:00:00,25.698
2016-07-02 10:00:00,25.918
2016-07-02 11:00:00,25.918
2016-07-02 12:00:00,26.1375
2016-07-02 13:00:00,26.3575
2016-07-02 14:00:00,26.5775
2016-07-02 15:00:00,27.456
2016-07-02 16:00:00,27.676
2016-07-02 17:00:00,28.1155
2016-07-02 18:00:00,28.5545
2016-07-02 19:00:00,28.7745
2016-07-02 20:00:00,29.6535
2016-07-02 21:00:00,29.2135
2016-07-02 22:00:00,27.8955
2016-07-02 23:00:00,27.2365
2016-07-03 00:00:00,27.6755
2016-07-03 01:00:00,28.5545
2016-07-03 02:00:00,28.5545
2016-07-03 03:00:00,28.5545
2016-07-03 04:00:00,28.1155
2016-07-03 05:00:00,28.1155
2016-07-03 06:00:00,27.8955
2016-07-03 07:00:00,27.6755
2016-07-03 08:00:00,27.2365
2016-07-03 09:00:00,28.1155
2016-07-03 10:00:00,28.774
2016-07-03 11:00:00,29.6535
2016-07-03 12:00:00,31.4115
2016-07-03 13:00:00,31.4115
2016-07-03 14:00:00,31.4115
2016-07-03 15:00:00,31.4115
2016-07-03 16:00:00,32.51
2016-07-03 17:00:00,32.7295
2016-07-03 18:00:00,32.949
2016-07-03 19:00:00,32.949
2016-07-03 20:00:00,31.8505
2016-07-03 21:00:00,30.752
2016-07-03 22:00:00,29.873
2016-07-03 23:00:00,29.4335
2016-07-04 00:00:00,28.994
2016-07-04 01:00:00,28.335
2016-07-04 02:00:00,28.7745
2016-07-04 03:00:00,28.555
2016-07-04 04:00:00,28.555
2016-07-04 05:00:00,28.335
2016-07-04 06:00:00,27.8955
2016-07-04 07:00:00,27.676
2016-07-04 08:00:00,27.8955
2016-07-04 09:00:00,28.994
2016-07-04 10:00:00,30.9715
2016-07-04 11:00:00,32.5095
2016-07-04 12:00:00,35.1465
2016-07-04 13:00:00,36.465
2016-07-04 14:00:00,37.7835
2016-07-04 15:00:00,37.3435
2016-07-04 16:00:00,36.9045
2016-07-04 17:00:00,33.828
2016-07-04 18:00:00,32.949
2016-07-04 19:00:00,33.169
2016-07-04 20:00:00,32.7295
2016-07-04 21:00:00,32.0705
2016-07-04 22:00:00,31.631
2016-07-04 23:00:00,31.631
2016-07-05 00:00:00,31.4115
2016-07-05 01:00:00,30.9715
2016-07-05 02:00:00,30.5325
2016-07-05 03:00:00,28.994
2016-07-05 04:00:00,28.7745
2016-07-05 05:00:00,29.4335
2016-07-05 06:00:00,30.0925
2016-07-05 07:00:00,31.1915
2016-07-05 08:00:00,31.631
2016-07-05 09:00:00,31.631
2016-07-05 10:00:00,33.389
2016-07-05 11:00:00,34.4875
2016-07-05 12:00:00,34.0475
2016-07-05 13:00:00,32.0705
2016-07-05 14:00:00,30.9715
2016-07-05 15:00:00,30.752
2016-07-05 16:00:00,31.8505
2016-07-05 17:00:00,32.949
2016-07-05 18:00:00,33.6085
2016-07-05 19:00:00,33.389
2016-07-05 20:00:00,33.389
2016-07-05 21:00:00,33.389
2016-07-05 22:00:00,33.169
2016-07-05 23:00:00,33.169
2016-07-06 00:00:00,33.169
2016-07-06 01:00:00,33.169
2016-07-06 02:00:00,32.9495
2016-07-06 03:00:00,32.9495
2016-07-06 04:00:00,32.7295
2016-07-06 05:00:00,32.7295
2016-07-06 06:00:00,32.7295
2016-07-06 07:00:00,32.51
2016-07-06 08:00:00,32.29
2016-07-06 09:00:00,32.5095
2016-07-06 10:00:00,32.7295
2016-07-06 11:00:00,33.3885
2016-07-06 12:00:00,34.4875
2016-07-06 13:00:00,34.9265
2016-07-06 14:00:00,35.3665
2016-07-06 15:00:00,36.2455
2016-07-06 16:00:00,33.828
2016-07-06 17:00:00,33.3885
2016-07-06 18:00:00,33.828
2016-07-06 19:00:00,34.2675
2016-07-06 20:00:00,32.949
2016-07-06 21:00:00,32.29
2016-07-06 22:00:00,32.949
2016-07-06 23:00:00,33.169
2016-07-07 00:00:00,33.6085
2016-07-07 01:00:00,33.6085
2016-07-07 02:00:00,33.6085
2016-07-07 03:00:00,32.9495
2016-07-07 04:00:00,32.9495
2016-07-07 05:00:00,32.9495
2016-07-07 06:00:00,33.169
2016-07-07 07:00:00,33.169
2016-07-07 08:00:00,33.6085
2016-07-07 09:00:00,34.707
2016-07-07 10:00:00,35.8055
2016-07-07 11:00:00,38.003
2016-07-07 12:00:00,40.2
2016-07-07 13:00:00,43.276
2016-07-07 14:00:00,48.11
2016-07-07 15:00:00,49.868
2016-07-07 16:00:00,48.989
2016-07-07 17:00:00,45.913
2016-07-07 18:00:00,43.7155
2016-07-07 19:00:00,42.3975
2016-07-07 20:00:00,41.299
2016-07-07 21:00:00,40.2005
2016-07-07 22:00:00,39.3215
2016-07-07 23:00:00,38.8815
2016-07-08 00:00:00,38.223
2016-07-08 01:00:00,38.003
2016-07-08 02:00:00,37.5635
2016-07-08 03:00:00,37.124
2016-07-08 04:00:00,36.6845
2016-07-08 05:00:00,36.2455
2016-07-08 06:00:00,36.2455
2016-07-08 07:00:00,36.465
2016-07-08 08:00:00,37.783
2016-07-08 09:00:00,39.1015
2016-07-08 10:00:00,40.8595
2016-07-08 11:00:00,43.0565
2016-07-08 12:00:00,44.595
2016-07-08 13:00:00,45.6935
2016-07-08 14:00:00,47.231
2016-07-08 15:00:00,48.55
2016-07-08 16:00:00,47.012
2016-07-08 17:00:00,46.3525
2016-07-08 18:00:00,45.254
2016-07-08 19:00:00,43.9355
2016-07-08 20:00:00,42.617
2016-07-08 21:00:00,41.299
2016-07-08 22:00:00,40.42
2016-07-08 23:00:00,39.9805
2016-07-09 00:00:00,39.3215
2016-07-09 01:00:00,38.662
2016-07-09 02:00:00,38.2225
2016-07-09 03:00:00,37.5635
2016-07-09 04:00:00,37.124
2016-07-09 05:00:00,36.6845
2016-07-09 06:00:00,36.465
2016-07-09 07:00:00,36.465
2016-07-09 08:00:00,37.5635
2016-07-09 09:00:00,38.2225
2016-07-09 10:00:00,39.541
2016-07-09 11:00:00,40.64
2016-07-09 12:00:00,42.837
2016-07-09 13:00:00,42.837
2016-07-09 14:00:00,42.617
2016-07-09 15:00:00,43.496
2016-07-09 16:00:00,44.1555
2016-07-09 17:00:00,43.0565
2016-07-09 18:00:00,42.1775
2016-07-09 19:00:00,41.299
2016-07-09 20:00:00,40.6395
2016-07-09 21:00:00,40.42
2016-07-09 22:00:00,40.2005
2016-07-09 23:00:00,39.7605
2016-07-10 00:00:00,39.3215
2016-07-10 01:00:00,38.8815
2016-07-10 02:00:00,38.4425
2016-07-10 03:00:00,38.003
2016-07-10 04:00:00,37.5635
2016-07-10 05:00:00,36.6845
2016-07-10 06:00:00,36.6845
2016-07-10 07:00:00,36.6845
2016-07-10 08:00:00,36.9045
2016-07-10 09:00:00,37.3435
2016-07-10 10:00:00,37.7835
2016-07-10 11:00:00,37.5635
2016-07-10 12:00:00,39.1015
2016-07-10 13:00:00,39.9805
2016-07-10 14:00:00,40.8595
2016-07-10 15:00:00,41.7385
2016-07-10 16:00:00,42.617
2016-07-10 17:00:00,41.958
2016-07-10 18:00:00,41.5185
2016-07-10 19:00:00,41.0795
2016-07-10 20:00:00,40.2005
2016-07-10 21:00:00,39.7605
2016-07-10 22:00:00,39.3215
2016-07-10 23:00:00,39.1015
2016-07-11 00:00:00,38.8815
2016-07-11 01:00:00,38.4425
2016-07-11 02:00:00,38.003
2016-07-11 03:00:00,37.5635
2016-07-11 04:00:00,37.344
2016-07-11 05:00:00,37.124
2016-07-11 06:00:00,37.124
2016-07-11 07:00:00,37.124
2016-07-11 08:00:00,35.586
2016-07-11 09:00:00,34.4875
2016-07-11 10:00:00,35.3665
2016-07-11 11:00:00,34.9265
2016-07-11 12:00:00,35.8055
2016-07-11 13:00:00,38.223
2016-07-11 14:00:00,40.42
2016-07-11 15:00:00,41.0795
2016-07-11 16:00:00,42.837
2016-07-11 17:00:00,42.617
2016-07-11 18:00:00,41.5185
2016-07-11 19:00:00,40.42
2016-07-11 20:00:00,39.3215
2016-07-11 21:00:00,38.8815
2016-07-11 22:00:00,38.4425
2016-07-11 23:00:00,38.4425
2016-07-12 00:00:00,38.4425
2016-07-12 01:00:00,38.2225
2016-07-12 02:00:00,38.003
2016-07-12 03:00:00,37.7835
2016-07-12 04:00:00,37.5635
2016-07-12 05:00:00,37.124
2016-07-12 06:00:00,37.124
2016-07-12 07:00:00,36.9045
2016-07-12 08:00:00,37.5635
2016-07-12 09:00:00,39.541
2016-07-12 10:00:00,41.738
2016-07-12 11:00:00,44.1555
2016-07-12 12:00:00,46.5725
2016-07-12 13:00:00,47.0115
2016-07-12 14:00:00,49.429
2016-07-12 15:00:00,49.209
2016-07-12 16:00:00,47.451
2016-07-12 17:00:00,47.0115
2016-07-12 18:00:00,46.3525
2016-07-12 19:00:00,45.254
2016-07-12 20:00:00,43.7155
2016-07-12 21:00:00,42.3975
2016-07-12 22:00:00,41.958
2016-07-12 23:00:00,41.5185
2016-07-13 00:00:00,41.0795
2016-07-13 01:00:00,40.42
2016-07-13 02:00:00,40.2005
2016-07-13 03:00:00,39.7605
2016-07-13 04:00:00,39.3215
2016-07-13 05:00:00,38.8815
2016-07-13 06:00:00,38.8815
2016-07-13 07:00:00,38.8815
2016-07-13 08:00:00,38.8815
2016-07-13 09:00:00,40.42
2016-07-13 10:00:00,41.299
2016-07-13 11:00:00,41.5185
2016-07-13 12:00:00,39.541
2016-07-13 13:00:00,38.6625
2016-07-13 14:00:00,41.7385
2016-07-13 15:00:00,44.8145
2016-07-13 16:00:00,44.1555
2016-07-13 17:00:00,43.7155
2016-07-13 18:00:00,43.7155
2016-07-13 19:00:00,43.2765
2016-07-13 20:00:00,42.8365
2016-07-13 21:00:00,42.178
2016-07-13 22:00:00,37.124
2016-07-13 23:00:00,37.344
2016-07-14 00:00:00,37.783
2016-07-14 01:00:00,37.783
2016-07-14 02:00:00,38.003
2016-07-14 03:00:00,38.003
2016-07-14 04:00:00,37.5635
2016-07-14 05:00:00,37.3435
2016-07-14 06:00:00,35.3665
2016-07-14 07:00:00,35.586
2016-07-14 08:00:00,36.6845
2016-07-14 09:00:00,37.783
2016-07-14 10:00:00,38.662
2016-07-14 11:00:00,39.541
2016-07-14 12:00:00,41.0795
2016-07-14 13:00:00,42.3975
2016-07-14 14:00:00,42.8365
2016-07-14 15:00:00,43.496
2016-07-14 16:00:00,43.0565
2016-07-14 17:00:00,40.6395
2016-07-14 18:00:00,35.586
2016-07-14 19:00:00,34.707
2016-07-14 20:00:00,33.6085
2016-07-14 21:00:00,33.6085
2016-07-14 22:00:00,32.949
2016-07-14 23:00:00,33.169
2016-07-15 00:00:00,33.389
2016-07-15 01:00:00,34.048
2016-07-15 02:00:00,34.487
2016-07-15 03:00:00,34.487
2016-07-15 04:00:00,34.487
2016-07-15 05:00:00,35.1465
2016-07-15 06:00:00,35.1465
2016-07-15 07:00:00,36.0255
2016-07-15 08:00:00,37.7835
2016-07-15 09:00:00,39.9805
2016-07-15 10:00:00,41.958
2016-07-15 11:00:00,43.0565
2016-07-15 12:00:00,42.617
2016-07-15 13:00:00,42.617
2016-07-15 14:00:00,42.8365
2016-07-15 15:00:00,43.2765
2016-07-15 16:00:00,37.5635
2016-07-15 17:00:00,37.5635
2016-07-15 18:00:00,34.707
2016-07-15 19:00:00,34.048
2016-07-15 20:00:00,33.3885
2016-07-15 21:00:00,33.3885
2016-07-15 22:00:00,33.828
2016-07-15 23:00:00,33.3885
2016-07-16 00:00:00,33.608
2016-07-16 01:00:00,33.608
2016-07-16 02:00:00,33.3885
2016-07-16 03:00:00,33.169
2016-07-16 04:00:00,32.9495
2016-07-16 05:00:00,32.9495
2016-07-16 06:00:00,32.5095
2016-07-16 07:00:00,32.51
2016-07-16 08:00:00,34.2675
2016-07-16 09:00:00,36.4645
2016-07-16 10:00:00,37.124
2016-07-16 11:00:00,38.003
2016-07-16 12:00:00,38.2225
2016-07-16 13:00:00,38.2225
2016-07-16 14:00:00,38.2225
2016-07-16 15:00:00,39.9805
2016-07-16 16:00:00,42.1775
2016-07-16 17:00:00,40.8595
2016-07-16 18:00:00,39.7605
2016-07-16 19:00:00,38.4425
2016-07-16 20:00:00,36.6845
2016-07-16 21:00:00,35.3665
2016-07-16 22:00:00,34.4875
2016-07-16 23:00:00,34.0475
2016-07-17 00:00:00,33.6085
2016-07-17 01:00:00,33.169
2016-07-17 02:00:00,33.169
2016-07-17 03:00:00,32.9495
2016-07-17 04:00:00,32.9495
2016-07-17 05:00:00,32.9495
2016-07-17 06:00:00,32.9495
2016-07-17 07:00:00,33.6085
2016-07-17 08:00:00,35.1465
2016-07-17 09:00:00,37.783
2016-07-17 10:00:00,40.2005
2016-07-17 11:00:00,42.3975
2016-07-17 12:00:00,43.0565
2016-07-17 13:00:00,45.254
2016-07-17 14:00:00,47.4515
2016-07-17 15:00:00,48.55
2016-07-17 16:00:00,47.891
2016-07-17 17:00:00,45.913
2016-07-17 18:00:00,44.375
2016-07-17 19:00:00,43.276
2016-07-17 20:00:00,41.958
2016-07-17 21:00:00,40.6395
2016-07-17 22:00:00,40.2005
2016-07-17 23:00:00,39.7605
2016-07-18 00:00:00,39.7605
2016-07-18 01:00:00,39.3215
2016-07-18 02:00:00,38.8815
2016-07-18 03:00:00,38.8815
2016-07-18 04:00:00,38.4425
2016-07-18 05:00:00,38.003
2016-07-18 06:00:00,37.783
2016-07-18 07:00:00,38.003
2016-07-18 08:00:00,38.8815
2016-07-18 09:00:00,39.541
2016-07-18 10:00:00,40.8595
2016-07-18 11:00:00,43.9355
2016-07-18 12:00:00,45.913
2016-07-18 13:00:00,43.496
2016-07-18 14:00:00,42.8365
2016-07-18 15:00:00,42.1775
2016-07-18 16:00:00,43.2765
2016-07-18 17:00:00,44.1555
2016-07-18 18:00:00,44.5945
2016-07-18 19:00:00,43.496
2016-07-18 20:00:00,42.3975
2016-07-18 21:00:00,41.299
2016-07-18 22:00:00,40.6395
2016-07-18 23:00:00,40.2005
2016-07-19 00:00:00,39.7605
2016-07-19 01:00:00,39.3215
2016-07-19 02:00:00,38.8815
2016-07-19 03:00:00,38.4425
2016-07-19 04:00:00,38.223
2016-07-19 05:00:00,38.003
2016-07-19 06:00:00,38.003
2016-07-19 07:00:00,38.003
2016-07-19 08:00:00,39.1015
2016-07-19 09:00:00,40.8595
2016-07-19 10:00:00,42.6175
2016-07-19 11:00:00,41.958
2016-07-19 12:00:00,41.958
2016-07-19 13:00:00,39.541
2016-07-19 14:00:00,41.299
2016-07-19 15:00:00,41.738
2016-07-19 16:00:00,42.178
2016-07-19 17:00:00,43.0565
2016-07-19 18:00:00,42.3975
2016-07-19 19:00:00,41.958
2016-07-19 20:00:00,41.5185
2016-07-19 21:00:00,41.079
2016-07-19 22:00:00,40.64
2016-07-19 23:00:00,40.2
2016-07-20 00:00:00,40.2
2016-07-20 01:00:00,39.761
2016-07-20 02:00:00,38.882
2016-07-20 03:00:00,38.882
2016-07-20 04:00:00,38.662
2016-07-20 05:00:00,38.4425
2016-07-20 06:00:00,38.223
2016-07-20 07:00:00,38.4425
2016-07-20 08:00:00,39.541
2016-07-20 09:00:00,40.8595
2016-07-20 10:00:00,43.7155
2016-07-20 11:00:00,46.792
2016-07-20 12:00:00,47.2315
2016-07-20 13:00:00,46.3525
2016-07-20 14:00:00,46.792
2016-07-20 15:00:00,47.2315
2016-07-20 16:00:00,47.2315
2016-07-20 17:00:00,46.1325
2016-07-20 18:00:00,45.034
2016-07-20 19:00:00,43.9355
2016-07-20 20:00:00,43.496
2016-07-20 21:00:00,43.0565
2016-07-20 22:00:00,43.0565
2016-07-20 23:00:00,43.0565
2016-07-21 00:00:00,42.8365
2016-07-21 01:00:00,42.178
2016-07-21 02:00:00,41.738
2016-07-21 03:00:00,41.299
2016-07-21 04:00:00,40.6395
2016-07-21 05:00:00,40.2005
2016-07-21 06:00:00,39.7605
2016-07-21 07:00:00,39.9805
2016-07-21 08:00:00,41.5185
2016-07-21 09:00:00,43.9355
2016-07-21 10:00:00,46.133
2016-07-21 11:00:00,48.7695
2016-07-21 12:00:00,50.088
2016-07-21 13:00:00,51.4065
2016-07-21 14:00:00,51.626
2016-07-21 15:00:00,52.505
2016-07-21 16:00:00,52.285
2016-07-21 17:00:00,50.3075
2016-07-21 18:00:00,48.989
2016-07-21 19:00:00,47.8905
2016-07-21 20:00:00,46.133
2016-07-21 21:00:00,45.0345
2016-07-21 22:00:00,44.375
2016-07-21 23:00:00,43.9355
2016-07-22 00:00:00,43.496
2016-07-22 01:00:00,42.8365
2016-07-22 02:00:00,42.3975
2016-07-22 03:00:00,42.178
2016-07-22 04:00:00,41.958
2016-07-22 05:00:00,41.299
2016-07-22 06:00:00,40.8595
2016-07-22 07:00:00,40.8595
2016-07-22 08:00:00,42.1775
2016-07-22 09:00:00,44.375
2016-07-22 10:00:00,46.3525
2016-07-22 11:00:00,49.4285
2016-07-22 12:00:00,50.5275
2016-07-22 13:00:00,52.285
2016-07-22 14:00:00,54.043
2016-07-22 15:00:00,55.1415
2016-07-22 16:00:00,54.482
2016-07-22 17:00:00,52.2855
2016-07-22 18:00:00,51.1865
2016-07-22 19:00:00,49.6485
2016-07-22 20:00:00,47.8905
2016-07-22 21:00:00,47.012
2016-07-22 22:00:00,46.133
2016-07-22 23:00:00,45.6935
2016-07-23 00:00:00,44.8145
2016-07-23 01:00:00,44.1555
2016-07-23 02:00:00,43.2765
2016-07-23 03:00:00,42.617
2016-07-23 04:00:00,41.5185
2016-07-23 05:00:00,41.0795
2016-07-23 06:00:00,40.2005
2016-07-23 07:00:00,40.42
2016-07-23 08:00:00,42.3975
2016-07-23 09:00:00,44.595
2016-07-23 10:00:00,47.2315
2016-07-23 11:00:00,50.747
2016-07-23 12:00:00,52.7245
2016-07-23 13:00:00,53.6035
2016-07-23 14:00:00,55.581
2016-07-23 15:00:00,56.0205
2016-07-23 16:00:00,54.702
2016-07-23 17:00:00,52.7245
2016-07-23 18:00:00,51.626
2016-07-23 19:00:00,50.3075
2016-07-23 20:00:00,48.7695
2016-07-23 21:00:00,47.451
2016-07-23 22:00:00,46.572
2016-07-23 23:00:00,45.9135
2016-07-24 00:00:00,45.4735
2016-07-24 01:00:00,44.5945
2016-07-24 02:00:00,43.7155
2016-07-24 03:00:00,43.2765
2016-07-24 04:00:00,42.617
2016-07-24 05:00:00,41.958
2016-07-24 06:00:00,41.5185
2016-07-24 07:00:00,41.738
2016-07-24 08:00:00,43.716
2016-07-24 09:00:00,46.133
2016-07-24 10:00:00,48.5495
2016-07-24 11:00:00,50.3075
2016-07-24 12:00:00,52.944
2016-07-24 13:00:00,54.702
2016-07-24 14:00:00,56.8995
2016-07-24 15:00:00,57.7785
2016-07-24 16:00:00,56.46
2016-07-24 17:00:00,54.263
2016-07-24 18:00:00,52.944
2016-07-24 19:00:00,51.1865
2016-07-24 20:00:00,49.4285
2016-07-24 21:00:00,48.33
2016-07-24 22:00:00,47.6705
2016-07-24 23:00:00,47.2315
2016-07-25 00:00:00,46.3525
2016-07-25 01:00:00,45.9135
2016-07-25 02:00:00,45.0345
2016-07-25 03:00:00,44.1555
2016-07-25 04:00:00,43.7155
2016-07-25 05:00:00,42.8365
2016-07-25 06:00:00,42.8365
2016-07-25 07:00:00,43.0565
2016-07-25 08:00:00,43.9355
2016-07-25 09:00:00,46.3525
2016-07-25 10:00:00,48.9895
2016-07-25 11:00:00,52.505
2016-07-25 12:00:00,54.4825
2016-07-25 13:00:00,55.361
2016-07-25 14:00:00,57.1195
2016-07-25 15:00:00,58.4375
2016-07-25 16:00:00,56.8995
2016-07-25 17:00:00,54.263
2016-07-25 18:00:00,52.944
2016-07-25 19:00:00,51.1865
2016-07-25 20:00:00,48.9895
2016-07-25 21:00:00,47.6705
2016-07-25 22:00:00,46.792
2016-07-25 23:00:00,46.3525
2016-07-26 00:00:00,45.4735
2016-07-26 01:00:00,44.5945
2016-07-26 02:00:00,43.7155
2016-07-26 03:00:00,43.2765
2016-07-26 04:00:00,42.3975
2016-07-26 05:00:00,41.958
2016-07-26 06:00:00,41.738
2016-07-26 07:00:00,41.958
2016-07-26 08:00:00,43.9355
2016-07-26 09:00:00,46.133
2016-07-26 10:00:00,48.33
2016-07-26 11:00:00,51.8455
2016-07-26 12:00:00,53.6035
2016-07-26 13:00:00,54.922
2016-07-26 14:00:00,57.119
2016-07-26 15:00:00,57.998
2016-07-26 16:00:00,56.6795
2016-07-26 17:00:00,54.263
2016-07-26 18:00:00,52.7245
2016-07-26 19:00:00,51.406
2016-07-26 20:00:00,49.6485
2016-07-26 21:00:00,48.7695
2016-07-26 22:00:00,47.8905
2016-07-26 23:00:00,47.2315
2016-07-27 00:00:00,46.572
2016-07-27 01:00:00,45.9135
2016-07-27 02:00:00,45.254
2016-07-27 03:00:00,44.8145
2016-07-27 04:00:00,44.1555
2016-07-27 05:00:00,43.9355
2016-07-27 06:00:00,43.496
2016-07-27 07:00:00,43.7155
2016-07-27 08:00:00,44.8145
2016-07-27 09:00:00,46.572
2016-07-27 10:00:00,48.33
2016-07-27 11:00:00,51.4065
2016-07-27 12:00:00,52.7245
2016-07-27 13:00:00,53.6035
2016-07-27 14:00:00,54.702
2016-07-27 15:00:00,48.989
2016-07-27 16:00:00,51.626
2016-07-27 17:00:00,51.8455
2016-07-27 18:00:00,51.8455
2016-07-27 19:00:00,50.747
2016-07-27 20:00:00,48.9895
2016-07-27 21:00:00,47.8905
2016-07-27 22:00:00,46.792
2016-07-27 23:00:00,46.3525
2016-07-28 00:00:00,45.6935
2016-07-28 01:00:00,45.254
2016-07-28 02:00:00,44.8145
2016-07-28 03:00:00,44.1555
2016-07-28 04:00:00,43.496
2016-07-28 05:00:00,43.0565
2016-07-28 06:00:00,42.617
2016-07-28 07:00:00,42.178
2016-07-28 08:00:00,43.276
2016-07-28 09:00:00,45.254
2016-07-28 10:00:00,47.671
2016-07-28 11:00:00,50.747
2016-07-28 12:00:00,52.7245
2016-07-28 13:00:00,53.8235
2016-07-28 14:00:00,56.46
2016-07-28 15:00:00,57.119
2016-07-28 16:00:00,56.0205
2016-07-28 17:00:00,54.263
2016-07-28 18:00:00,52.944
2016-07-28 19:00:00,51.626
2016-07-28 20:00:00,49.868
2016-07-28 21:00:00,48.7695
2016-07-28 22:00:00,47.8905
2016-07-28 23:00:00,47.451
2016-07-29 00:00:00,46.792
2016-07-29 01:00:00,45.9135
2016-07-29 02:00:00,45.254
2016-07-29 03:00:00,44.5945
2016-07-29 04:00:00,43.9355
2016-07-29 05:00:00,43.496
2016-07-29 06:00:00,42.617
2016-07-29 07:00:00,42.617
2016-07-29 08:00:00,43.9355
2016-07-29 09:00:00,46.3525
2016-07-29 10:00:00,48.5495
2016-07-29 11:00:00,52.0655
2016-07-29 12:00:00,53.8235
2016-07-29 13:00:00,53.8235
2016-07-29 14:00:00,54.702
2016-07-29 15:00:00,55.1415
2016-07-29 16:00:00,54.482
2016-07-29 17:00:00,53.164
2016-07-29 18:00:00,52.2855
2016-07-29 19:00:00,51.1865
2016-07-29 20:00:00,50.088
2016-07-29 21:00:00,48.5495
2016-07-29 22:00:00,47.6705
2016-07-29 23:00:00,47.2315
2016-07-30 00:00:00,46.572
2016-07-30 01:00:00,46.133
2016-07-30 02:00:00,45.9135
2016-07-30 03:00:00,45.0345
2016-07-30 04:00:00,44.1555
2016-07-30 05:00:00,43.7155
2016-07-30 06:00:00,42.8365
2016-07-30 07:00:00,43.496
2016-07-30 08:00:00,44.375
2016-07-30 09:00:00,46.3525
2016-07-30 10:00:00,48.9895
2016-07-30 11:00:00,52.944
2016-07-30 12:00:00,54.043
2016-07-30 13:00:00,54.702
2016-07-30 14:00:00,56.8995
2016-07-30 15:00:00,57.5585
2016-07-30 16:00:00,54.9215
2016-07-30 17:00:00,51.626
2016-07-30 18:00:00,50.3075
2016-07-30 19:00:00,49.6485
2016-07-30 20:00:00,48.55
2016-07-30 21:00:00,48.33
2016-07-30 22:00:00,48.1105
2016-07-30 23:00:00,47.549
2016-07-31 00:00:00,47.329
2016-07-31 01:00:00,47.329
2016-07-31 02:00:00,47.329
2016-07-31 03:00:00,47.329
2016-07-31 04:00:00,47.329
2016-07-31 05:00:00,47.329
2016-07-31 06:00:00,47.329
2016-07-31 07:00:00,47.329
2016-07-31 08:00:00,47.329
2016-07-31 09:00:00,47.329
2016-07-31 10:00:00,47.329
2016-07-31 11:00:00,47.329
2016-07-31 12:00:00,47.329
2016-07-31 13:00:00,47.329
2016-07-31 14:00:00,47.329
2016-07-31 15:00:00,47.329
2016-07-31 16:00:00,47.329
2016-07-31 17:00:00,47.329
2016-07-31 18:00:00,47.329
2016-07-31 19:00:00,47.329
2016-07-31 20:00:00,47.329
2016-07-31 21:00:00,47.329
2016-07-31 22:00:00,47.329
2016-07-31 23:00:00,47.329
2016-08-01 00:00:00,45.132
2016-08-01 01:00:00,44.6925
2016-08-01 02:00:00,43.8135
2016-08-01 03:00:00,42.9345
2016-08-01 04:00:00,42.495
2016-08-01 05:00:00,41.836
2016-08-01 06:00:00,41.1765
2016-08-01 07:00:00,41.1765
2016-08-01 08:00:00,41.3965
2016-08-01 09:00:00,43.374
2016-08-01 10:00:00,45.3515
2016-08-01 11:00:00,49.5265
2016-08-01 12:00:00,50.8445
2016-08-01 13:00:00,51.7235
2016-08-01 14:00:00,52.3825
2016-08-01 15:00:00,53.921
2016-08-01 16:00:00,53.042
2016-08-01 17:00:00,51.504
2016-08-01 18:00:00,50.186
2016-08-01 19:00:00,48.867
2016-08-01 20:00:00,47.549
2016-08-01 21:00:00,46.8895
2016-08-01 22:00:00,46.67
2016-08-01 23:00:00,45.791
2016-08-02 00:00:00,45.352
2016-08-02 01:00:00,44.6925
2016-08-02 02:00:00,43.8135
2016-08-02 03:00:00,43.594
2016-08-02 04:00:00,43.154
2016-08-02 05:00:00,42.715
2016-08-02 06:00:00,42.275
2016-08-02 07:00:00,42.495
2016-08-02 08:00:00,43.374
2016-08-02 09:00:00,45.571
2016-08-02 10:00:00,47.5485
2016-08-02 11:00:00,49.746
2016-08-02 12:00:00,50.625
2016-08-02 13:00:00,50.8445
2016-08-02 14:00:00,46.45
2016-08-02 15:00:00,42.715
2016-08-02 16:00:00,43.1545
2016-08-02 17:00:00,43.1545
2016-08-02 18:00:00,42.715
2016-08-02 19:00:00,41.396
2016-08-02 20:00:00,41.396
2016-08-02 21:00:00,40.957
2016-08-02 22:00:00,40.518
2016-08-02 23:00:00,36.782
2016-08-03 00:00:00,34.1455
2016-08-03 01:00:00,34.3655
2016-08-03 02:00:00,34.365
2016-08-03 03:00:00,34.1455
2016-08-03 04:00:00,34.805
2016-08-03 05:00:00,35.0245
2016-08-03 06:00:00,35.244
2016-08-03 07:00:00,35.9035
2016-08-03 08:00:00,36.782
2016-08-03 09:00:00,38.1005
2016-08-03 10:00:00,39.8585
2016-08-03 11:00:00,39.419
2016-08-03 12:00:00,38.54
2016-08-03 13:00:00,40.078
2016-08-03 14:00:00,41.396
2016-08-03 15:00:00,42.0555
2016-08-03 16:00:00,41.836
2016-08-03 17:00:00,41.1765
2016-08-03 18:00:00,39.8585
2016-08-03 19:00:00,39.639
2016-08-03 20:00:00,39.199
2016-08-03 21:00:00,38.32
2016-08-03 22:00:00,38.1005
2016-08-03 23:00:00,37.441
2016-08-04 00:00:00,37.661
2016-08-04 01:00:00,37.441
2016-08-04 02:00:00,37.002
2016-08-04 03:00:00,37.002
2016-08-04 04:00:00,36.562
2016-08-04 05:00:00,36.123
2016-08-04 06:00:00,36.123
2016-08-04 07:00:00,36.123
2016-08-04 08:00:00,37.2215
2016-08-04 09:00:00,39.6385
2016-08-04 10:00:00,41.3965
2016-08-04 11:00:00,43.8135
2016-08-04 12:00:00,45.571
2016-08-04 13:00:00,44.9125
2016-08-04 14:00:00,44.4725
2016-08-04 15:00:00,46.011
2016-08-04 16:00:00,47.329
2016-08-04 17:00:00,46.8895
2016-08-04 18:00:00,45.352
2016-08-04 19:00:00,44.033
2016-08-04 20:00:00,42.495
2016-08-04 21:00:00,41.616
2016-08-04 22:00:00,40.957
2016-08-04 23:00:00,40.518
2016-08-05 00:00:00,40.078
2016-08-05 01:00:00,39.639
2016-08-05 02:00:00,39.199
2016-08-05 03:00:00,38.76
2016-08-05 04:00:00,38.54
2016-08-05 05:00:00,38.32
2016-08-05 06:00:00,38.1005
2016-08-05 07:00:00,38.1005
2016-08-05 08:00:00,38.9795
2016-08-05 09:00:00,41.3965
2016-08-05 10:00:00,43.374
2016-08-05 11:00:00,43.594
2016-08-05 12:00:00,44.253
2016-08-05 13:00:00,42.0555
2016-08-05 14:00:00,41.616
2016-08-05 15:00:00,46.45
2016-08-05 16:00:00,46.0105
2016-08-05 17:00:00,45.3515
2016-08-05 18:00:00,44.473
2016-08-05 19:00:00,43.594
2016-08-05 20:00:00,42.715
2016-08-05 21:00:00,41.836
2016-08-05 22:00:00,41.616
2016-08-05 23:00:00,41.1765
2016-08-06 00:00:00,40.518
2016-08-06 01:00:00,40.078
2016-08-06 02:00:00,39.199
2016-08-06 03:00:00,38.76
2016-08-06 04:00:00,38.32
2016-08-06 05:00:00,37.881
2016-08-06 06:00:00,37.441
2016-08-06 07:00:00,37.661
2016-08-06 08:00:00,39.419
2016-08-06 09:00:00,41.616
2016-08-06 10:00:00,43.594
2016-08-06 11:00:00,46.23
2016-08-06 12:00:00,47.1095
2016-08-06 13:00:00,46.8895
2016-08-06 14:00:00,45.791
2016-08-06 15:00:00,47.549
2016-08-06 16:00:00,49.307
2016-08-06 17:00:00,47.988
2016-08-06 18:00:00,47.109
2016-08-06 19:00:00,45.352
2016-08-06 20:00:00,44.033
2016-08-06 21:00:00,42.9345
2016-08-06 22:00:00,42.495
2016-08-06 23:00:00,42.275
2016-08-07 00:00:00,41.836
2016-08-07 01:00:00,41.396
2016-08-07 02:00:00,40.957
2016-08-07 03:00:00,40.078
2016-08-07 04:00:00,39.419
2016-08-07 05:00:00,39.199
2016-08-07 06:00:00,38.76
2016-08-07 07:00:00,39.199
2016-08-07 08:00:00,40.298
2016-08-07 09:00:00,41.3965
2016-08-07 10:00:00,43.8135
2016-08-07 11:00:00,47.5485
2016-08-07 12:00:00,48.8675
2016-08-07 13:00:00,49.7465
2016-08-07 14:00:00,51.2845
2016-08-07 15:00:00,52.163
2016-08-07 16:00:00,49.7465
2016-08-07 17:00:00,48.428
2016-08-07 18:00:00,47.109
2016-08-07 19:00:00,46.23
2016-08-07 20:00:00,45.352
2016-08-07 21:00:00,44.253
2016-08-07 22:00:00,43.8135
2016-08-07 23:00:00,43.594
2016-08-08 00:00:00,42.715
2016-08-08 01:00:00,42.495
2016-08-08 02:00:00,41.836
2016-08-08 03:00:00,41.396
2016-08-08 04:00:00,40.7375
2016-08-08 05:00:00,40.078
2016-08-08 06:00:00,39.639
2016-08-08 07:00:00,39.639
2016-08-08 08:00:00,40.5175
2016-08-08 09:00:00,42.2755
2016-08-08 10:00:00,44.253
2016-08-08 11:00:00,47.549
2016-08-08 12:00:00,47.9885
2016-08-08 13:00:00,47.7685
2016-08-08 14:00:00,47.7685
2016-08-08 15:00:00,49.3065
2016-08-08 16:00:00,49.5265
2016-08-08 17:00:00,48.428
2016-08-08 18:00:00,47.549
2016-08-08 19:00:00,46.67
2016-08-08 20:00:00,45.791
2016-08-08 21:00:00,44.6925
2016-08-08 22:00:00,43.8135
2016-08-08 23:00:00,43.154
2016-08-09 00:00:00,43.154
2016-08-09 01:00:00,42.715
2016-08-09 02:00:00,41.836
2016-08-09 03:00:00,41.396
2016-08-09 04:00:00,40.957
2016-08-09 05:00:00,40.078
2016-08-09 06:00:00,39.639
2016-08-09 07:00:00,39.639
2016-08-09 08:00:00,40.518
2016-08-09 09:00:00,42.9345
2016-08-09 10:00:00,44.6925
2016-08-09 11:00:00,46.8895
2016-08-09 12:00:00,48.208
2016-08-09 13:00:00,49.5265
2016-08-09 14:00:00,50.625
2016-08-09 15:00:00,48.6475
2016-08-09 16:00:00,49.087
2016-08-09 17:00:00,48.6475
2016-08-09 18:00:00,47.109
2016-08-09 19:00:00,45.5715
2016-08-09 20:00:00,44.473
2016-08-09 21:00:00,43.594
2016-08-09 22:00:00,43.154
2016-08-09 23:00:00,42.715
2016-08-10 00:00:00,42.275
2016-08-10 01:00:00,41.836
2016-08-10 02:00:00,41.616
2016-08-10 03:00:00,41.1765
2016-08-10 04:00:00,40.298
2016-08-10 05:00:00,39.419
2016-08-10 06:00:00,39.419
2016-08-10 07:00:00,38.1005
2016-08-10 08:00:00,38.54
2016-08-10 09:00:00,40.518
2016-08-10 10:00:00,41.836
2016-08-10 11:00:00,44.6925
2016-08-10 12:00:00,46.2305
2016-08-10 13:00:00,47.7685
2016-08-10 14:00:00,46.8895
2016-08-10 15:00:00,46.45
2016-08-10 16:00:00,46.67
2016-08-10 17:00:00,47.109
2016-08-10 18:00:00,47.109
2016-08-10 19:00:00,46.23
2016-08-10 20:00:00,45.352
2016-08-10 21:00:00,44.6925
2016-08-10 22:00:00,43.8135
2016-08-10 23:00:00,43.374
2016-08-11 00:00:00,43.154
2016-08-11 01:00:00,42.9345
2016-08-11 02:00:00,42.0555
2016-08-11 03:00:00,41.616
2016-08-11 04:00:00,41.1765
2016-08-11 05:00:00,40.957
2016-08-11 06:00:00,40.518
2016-08-11 07:00:00,40.518
2016-08-11 08:00:00,41.3965
2016-08-11 09:00:00,43.1545
2016-08-11 10:00:00,45.132
2016-08-11 11:00:00,48.208
2016-08-11 12:00:00,49.746
2016-08-11 13:00:00,50.1855
2016-08-11 14:00:00,52.163
2016-08-11 15:00:00,52.163
2016-08-11 16:00:00,51.943
2016-08-11 17:00:00,50.625
2016-08-11 18:00:00,49.087
2016-08-11 19:00:00,47.329
2016-08-11 20:00:00,46.45
2016-08-11 21:00:00,45.791
2016-08-11 22:00:00,45.791
2016-08-11 23:00:00,44.912
2016-08-12 00:00:00,44.473
2016-08-12 01:00:00,44.033
2016-08-12 02:00:00,43.374
2016-08-12 03:00:00,42.715
2016-08-12 04:00:00,42.275
2016-08-12 05:00:00,41.616
2016-08-12 06:00:00,41.1765
2016-08-12 07:00:00,41.1765
2016-08-12 08:00:00,42.0555
2016-08-12 09:00:00,43.374
2016-08-12 10:00:00,45.132
2016-08-12 11:00:00,46.8895
2016-08-12 12:00:00,47.9885
2016-08-12 13:00:00,49.087
2016-08-12 14:00:00,51.504
2016-08-12 15:00:00,52.163
2016-08-12 16:00:00,50.8445
2016-08-12 17:00:00,49.087
2016-08-12 18:00:00,47.549
2016-08-12 19:00:00,46.23
2016-08-12 20:00:00,44.912
2016-08-12 21:00:00,44.253
2016-08-12 22:00:00,43.374
2016-08-12 23:00:00,42.715
2016-08-13 00:00:00,42.495
2016-08-13 01:00:00,42.0555
2016-08-13 02:00:00,41.396
2016-08-13 03:00:00,41.396
2016-08-13 04:00:00,40.957
2016-08-13 05:00:00,40.957
2016-08-13 06:00:00,40.957
2016-08-13 07:00:00,40.7375
2016-08-13 08:00:00,42.2755
2016-08-13 09:00:00,44.0335
2016-08-13 10:00:00,46.011
2016-08-13 11:00:00,49.087
2016-08-13 12:00:00,50.625
2016-08-13 13:00:00,51.0645
2016-08-13 14:00:00,53.7015
2016-08-13 15:00:00,55.0195
2016-08-13 16:00:00,53.921
2016-08-13 17:00:00,52.163
2016-08-13 18:00:00,50.4055
2016-08-13 19:00:00,49.307
2016-08-13 20:00:00,47.988
2016-08-13 21:00:00,47.329
2016-08-13 22:00:00,46.67
2016-08-13 23:00:00,46.23
2016-08-14 00:00:00,45.352
2016-08-14 01:00:00,44.253
2016-08-14 02:00:00,43.8135
2016-08-14 03:00:00,43.594
2016-08-14 04:00:00,43.154
2016-08-14 05:00:00,42.275
2016-08-14 06:00:00,41.616
2016-08-14 07:00:00,41.616
2016-08-14 08:00:00,42.495
2016-08-14 09:00:00,44.253
2016-08-14 10:00:00,46.8895
2016-08-14 11:00:00,49.966
2016-08-14 12:00:00,50.405
2016-08-14 13:00:00,52.163
2016-08-14 14:00:00,53.262
2016-08-14 15:00:00,54.141
2016-08-14 16:00:00,52.822
2016-08-14 17:00:00,51.504
2016-08-14 18:00:00,50.186
2016-08-14 19:00:00,48.867
2016-08-14 20:00:00,47.7685
2016-08-14 21:00:00,46.8895
2016-08-14 22:00:00,46.45
2016-08-14 23:00:00,45.791
2016-08-15 00:00:00,44.912
2016-08-15 01:00:00,44.033
2016-08-15 02:00:00,43.594
2016-08-15 03:00:00,42.495
2016-08-15 04:00:00,41.836
2016-08-15 05:00:00,40.957
2016-08-15 06:00:00,40.078
2016-08-15 07:00:00,40.078
2016-08-15 08:00:00,41.616
2016-08-15 09:00:00,43.594
2016-08-15 10:00:00,45.791
2016-08-15 11:00:00,49.5265
2016-08-15 12:00:00,51.284
2016-08-15 13:00:00,53.2615
2016-08-15 14:00:00,55.2395
2016-08-15 15:00:00,56.118
2016-08-15 16:00:00,55.459
2016-08-15 17:00:00,53.4815
2016-08-15 18:00:00,51.504
2016-08-15 19:00:00,49.746
2016-08-15 20:00:00,48.208
2016-08-15 21:00:00,47.109
2016-08-15 22:00:00,46.23
2016-08-15 23:00:00,45.791
2016-08-16 00:00:00,45.132
2016-08-16 01:00:00,44.473
2016-08-16 02:00:00,43.594
2016-08-16 03:00:00,42.9345
2016-08-16 04:00:00,42.275
2016-08-16 05:00:00,41.396
2016-08-16 06:00:00,40.518
2016-08-16 07:00:00,40.518
2016-08-16 08:00:00,41.396
2016-08-16 09:00:00,43.1545
2016-08-16 10:00:00,44.6925
2016-08-16 11:00:00,48.208
2016-08-16 12:00:00,49.966
2016-08-16 13:00:00,51.284
2016-08-16 14:00:00,53.262
2016-08-16 15:00:00,52.383
2016-08-16 16:00:00,51.064
2016-08-16 17:00:00,49.746
2016-08-16 18:00:00,47.988
2016-08-16 19:00:00,45.791
2016-08-16 20:00:00,44.033
2016-08-16 21:00:00,43.154
2016-08-16 22:00:00,42.275
2016-08-16 23:00:00,41.396
2016-08-17 00:00:00,40.518
2016-08-17 01:00:00,40.078
2016-08-17 02:00:00,39.639
2016-08-17 03:00:00,39.419
2016-08-17 04:00:00,38.9795
2016-08-17 05:00:00,38.76
2016-08-17 06:00:00,38.76
2016-08-17 07:00:00,38.76
2016-08-17 08:00:00,39.8585
2016-08-17 09:00:00,41.8355
2016-08-17 10:00:00,44.033
2016-08-17 11:00:00,47.1095
2016-08-17 12:00:00,48.8675
2016-08-17 13:00:00,50.625
2016-08-17 14:00:00,51.064
2016-08-17 15:00:00,51.7235
2016-08-17 16:00:00,51.284
2016-08-17 17:00:00,50.186
2016-08-17 18:00:00,48.867
2016-08-17 19:00:00,47.329
2016-08-17 20:00:00,45.791
2016-08-17 21:00:00,44.473
2016-08-17 22:00:00,43.594
2016-08-17 23:00:00,42.9345
2016-08-18 00:00:00,42.0555
2016-08-18 01:00:00,41.396
2016-08-18 02:00:00,40.957
2016-08-18 03:00:00,40.518
2016-08-18 04:00:00,40.078
2016-08-18 05:00:00,39.419
2016-08-18 06:00:00,38.9795
2016-08-18 07:00:00,38.9795
2016-08-18 08:00:00,40.7375
2016-08-18 09:00:00,42.275
2016-08-18 10:00:00,44.6925
2016-08-18 11:00:00,48.208
2016-08-18 12:00:00,49.9655
2016-08-18 13:00:00,51.5035
2016-08-18 14:00:00,53.921
2016-08-18 15:00:00,55.0195
2016-08-18 16:00:00,53.921
2016-08-18 17:00:00,52.6025
2016-08-18 18:00:00,51.0645
2016-08-18 19:00:00,49.966
2016-08-18 20:00:00,48.6475
2016-08-18 21:00:00,47.7685
2016-08-18 22:00:00,47.329
2016-08-18 23:00:00,46.67
2016-08-19 00:00:00,45.791
2016-08-19 01:00:00,45.5715
2016-08-19 02:00:00,45.132
2016-08-19 03:00:00,44.6925
2016-08-19 04:00:00,44.033
2016-08-19 05:00:00,43.374
2016-08-19 06:00:00,42.715
2016-08-19 07:00:00,42.715
2016-08-19 08:00:00,43.8135
2016-08-19 09:00:00,46.0105
2016-08-19 10:00:00,47.329
2016-08-19 11:00:00,49.087
2016-08-19 12:00:00,50.186
2016-08-19 13:00:00,51.284
2016-08-19 14:00:00,52.6025
2016-08-19 15:00:00,55.898
2016-08-19 16:00:00,56.118
2016-08-19 17:00:00,53.4815
2016-08-19 18:00:00,51.7235
2016-08-19 19:00:00,50.186
2016-08-19 20:00:00,49.087
2016-08-19 21:00:00,48.208
2016-08-19 22:00:00,47.7685
2016-08-19 23:00:00,47.109
2016-08-20 00:00:00,46.45
2016-08-20 01:00:00,45.791
2016-08-20 02:00:00,44.912
2016-08-20 03:00:00,44.473
2016-08-20 04:00:00,43.8135
2016-08-20 05:00:00,43.154
2016-08-20 06:00:00,42.715
2016-08-20 07:00:00,42.495
2016-08-20 08:00:00,43.374
2016-08-20 09:00:00,45.3515
2016-08-20 10:00:00,47.329
2016-08-20 11:00:00,49.3065
2016-08-20 12:00:00,51.0645
2016-08-20 13:00:00,49.307
2016-08-20 14:00:00,41.836
2016-08-20 15:00:00,38.9795
2016-08-20 16:00:00,38.9795
2016-08-20 17:00:00,40.5175
2016-08-20 18:00:00,38.76
2016-08-20 19:00:00,35.6835
2016-08-20 20:00:00,35.684
2016-08-20 21:00:00,36.782
2016-08-20 22:00:00,37.441
2016-08-20 23:00:00,38.1005
2016-08-21 00:00:00,38.54
2016-08-21 01:00:00,38.54
2016-08-21 02:00:00,38.54
2016-08-21 03:00:00,37.8805
2016-08-21 04:00:00,37.8805
2016-08-21 05:00:00,36.782
2016-08-21 06:00:00,37.2215
2016-08-21 07:00:00,37.661
2016-08-21 08:00:00,37.661
2016-08-21 09:00:00,37.661
2016-08-21 10:00:00,38.54
2016-08-21 11:00:00,40.7375
2016-08-21 12:00:00,43.8135
2016-08-21 13:00:00,45.791
2016-08-21 14:00:00,47.549
2016-08-21 15:00:00,44.0335
2016-08-21 16:00:00,44.4725
2016-08-21 17:00:00,44.4725
2016-08-21 18:00:00,43.8135
2016-08-21 19:00:00,42.9345
2016-08-21 20:00:00,42.275
2016-08-21 21:00:00,41.836
2016-08-21 22:00:00,41.616
2016-08-21 23:00:00,41.396
2016-08-22 00:00:00,41.1765
2016-08-22 01:00:00,40.957
2016-08-22 02:00:00,40.518
2016-08-22 03:00:00,40.298
2016-08-22 04:00:00,40.078
2016-08-22 05:00:00,39.639
2016-08-22 06:00:00,39.639
2016-08-22 07:00:00,39.639
2016-08-22 08:00:00,40.078
2016-08-22 09:00:00,41.396
2016-08-22 10:00:00,41.616
2016-08-22 11:00:00,42.275
2016-08-22 12:00:00,44.033
2016-08-22 13:00:00,45.791
2016-08-22 14:00:00,47.988
2016-08-22 15:00:00,48.867
2016-08-22 16:00:00,49.307
2016-08-22 17:00:00,48.428
2016-08-22 18:00:00,47.988
2016-08-22 19:00:00,47.109
2016-08-22 20:00:00,46.0105
2016-08-22 21:00:00,45.132
2016-08-22 22:00:00,44.473
2016-08-22 23:00:00,43.8135
2016-08-23 00:00:00,43.154
2016-08-23 01:00:00,42.495
2016-08-23 02:00:00,42.0555
2016-08-23 03:00:00,41.836
2016-08-23 04:00:00,41.396
2016-08-23 05:00:00,40.7375
2016-08-23 06:00:00,40.518
2016-08-23 07:00:00,40.078
2016-08-23 08:00:00,41.396
2016-08-23 09:00:00,42.495
2016-08-23 10:00:00,45.132
2016-08-23 11:00:00,48.208
2016-08-23 12:00:00,49.746
2016-08-23 13:00:00,49.966
2016-08-23 14:00:00,51.064
2016-08-23 15:00:00,53.042
2016-08-23 16:00:00,52.163
2016-08-23 17:00:00,50.8445
2016-08-23 18:00:00,49.307
2016-08-23 19:00:00,47.549
2016-08-23 20:00:00,46.67
2016-08-23 21:00:00,45.5715
2016-08-23 22:00:00,44.912
2016-08-23 23:00:00,44.253
2016-08-24 00:00:00,43.594
2016-08-24 01:00:00,43.154
2016-08-24 02:00:00,42.275
2016-08-24 03:00:00,41.616
2016-08-24 04:00:00,40.957
2016-08-24 05:00:00,40.518
2016-08-24 06:00:00,40.078
2016-08-24 07:00:00,40.078
2016-08-24 08:00:00,40.7375
2016-08-24 09:00:00,42.2755
2016-08-24 10:00:00,44.9125
2016-08-24 11:00:00,47.988
2016-08-24 12:00:00,50.1855
2016-08-24 13:00:00,51.9435
2016-08-24 14:00:00,54.3605
2016-08-24 15:00:00,55.6785
2016-08-24 16:00:00,54.5805
2016-08-24 17:00:00,51.7235
2016-08-24 18:00:00,49.307
2016-08-24 19:00:00,47.549
2016-08-24 20:00:00,46.23
2016-08-24 21:00:00,44.912
2016-08-24 22:00:00,44.033
2016-08-24 23:00:00,43.374
2016-08-25 00:00:00,42.275
2016-08-25 01:00:00,41.396
2016-08-25 02:00:00,40.518
2016-08-25 03:00:00,40.078
2016-08-25 04:00:00,39.199
2016-08-25 05:00:00,38.32
2016-08-25 06:00:00,37.881
2016-08-25 07:00:00,37.881
2016-08-25 08:00:00,39.419
2016-08-25 09:00:00,41.3965
2016-08-25 10:00:00,43.8135
2016-08-25 11:00:00,47.329
2016-08-25 12:00:00,49.966
2016-08-25 13:00:00,51.7235
2016-08-25 14:00:00,54.141
2016-08-25 15:00:00,55.6785
2016-08-25 16:00:00,53.701
2016-08-25 17:00:00,51.7235
2016-08-25 18:00:00,50.186
2016-08-25 19:00:00,48.428
2016-08-25 20:00:00,47.109
2016-08-25 21:00:00,45.791
2016-08-25 22:00:00,44.912
2016-08-25 23:00:00,44.473
2016-08-26 00:00:00,43.594
2016-08-26 01:00:00,42.9345
2016-08-26 02:00:00,42.0555
2016-08-26 03:00:00,41.396
2016-08-26 04:00:00,40.7375
2016-08-26 05:00:00,40.518
2016-08-26 06:00:00,39.419
2016-08-26 07:00:00,38.9795
2016-08-26 08:00:00,38.54
2016-08-26 09:00:00,38.7595
2016-08-26 10:00:00,39.419
2016-08-26 11:00:00,41.396
2016-08-26 12:00:00,42.495
2016-08-26 13:00:00,39.8585
2016-08-26 14:00:00,38.1005
2016-08-26 15:00:00,37.661
2016-08-26 16:00:00,37.2215
2016-08-26 17:00:00,37.2215
2016-08-26 18:00:00,36.562
2016-08-26 19:00:00,35.684
2016-08-26 20:00:00,35.0245
2016-08-26 21:00:00,34.585
2016-08-26 22:00:00,34.1455
2016-08-26 23:00:00,33.926
2016-08-27 00:00:00,33.926
2016-08-27 01:00:00,33.706
2016-08-27 02:00:00,33.486
2016-08-27 03:00:00,33.047
2016-08-27 04:00:00,32.607
2016-08-27 05:00:00,32.168
2016-08-27 06:00:00,32.168
2016-08-27 07:00:00,32.168
2016-08-27 08:00:00,32.3875
2016-08-27 09:00:00,33.706
2016-08-27 10:00:00,35.9035
2016-08-27 11:00:00,38.54
2016-08-27 12:00:00,41.616
2016-08-27 13:00:00,45.1315
2016-08-27 14:00:00,44.6925
2016-08-27 15:00:00,43.5935
2016-08-27 16:00:00,41.616
2016-08-27 17:00:00,40.298
2016-08-27 18:00:00,39.639
2016-08-27 19:00:00,38.1005
2016-08-27 20:00:00,37.441
2016-08-27 21:00:00,36.562
2016-08-27 22:00:00,35.684
2016-08-27 23:00:00,35.0245
2016-08-28 00:00:00,34.1455
2016-08-28 01:00:00,33.2665
2016-08-28 02:00:00,31.9485
2016-08-28 03:00:00,31.289
2016-08-28 04:00:00,30.41
2016-08-28 05:00:00,29.531
2016-08-28 06:00:00,29.092
2016-08-28 07:00:00,28.652
2016-08-28 08:00:00,31.2895
2016-08-28 09:00:00,34.1455
2016-08-28 10:00:00,37.8805
2016-08-28 11:00:00,41.3965
2016-08-28 12:00:00,43.1545
2016-08-28 13:00:00,44.6925
2016-08-28 14:00:00,46.6695
2016-08-28 15:00:00,48.208
2016-08-28 16:00:00,47.109
2016-08-28 17:00:00,44.6925
2016-08-28 18:00:00,42.495
2016-08-28 19:00:00,40.7375
2016-08-28 20:00:00,38.76
2016-08-28 21:00:00,37.002
2016-08-28 22:00:00,36.123
2016-08-28 23:00:00,34.805
2016-08-29 00:00:00,33.926
2016-08-29 01:00:00,33.047
2016-08-29 02:00:00,32.168
2016-08-29 03:00:00,31.729
2016-08-29 04:00:00,30.85
2016-08-29 05:00:00,30.41
2016-08-29 06:00:00,29.751
2016-08-29 07:00:00,29.751
2016-08-29 08:00:00,31.9485
2016-08-29 09:00:00,35.0245
2016-08-29 10:00:00,38.9795
2016-08-29 11:00:00,42.715
2016-08-29 12:00:00,44.6925
2016-08-29 13:00:00,46.0105
2016-08-29 14:00:00,47.988
2016-08-29 15:00:00,49.5265
2016-08-29 16:00:00,47.5485
2016-08-29 17:00:00,45.352
2016-08-29 18:00:00,42.9345
2016-08-29 19:00:00,40.7375
2016-08-29 20:00:00,38.76
2016-08-29 21:00:00,36.782
2016-08-29 22:00:00,35.464
2016-08-29 23:00:00,34.365
2016-08-30 00:00:00,33.2665
2016-08-30 01:00:00,32.168
2016-08-30 02:00:00,31.729
2016-08-30 03:00:00,30.85
2016-08-30 04:00:00,29.971
2016-08-30 05:00:00,29.3115
2016-08-30 06:00:00,28.872
2016-08-30 07:00:00,29.092
2016-08-30 08:00:00,31.509
2016-08-30 09:00:00,34.585
2016-08-30 10:00:00,38.54
2016-08-30 11:00:00,41.177
2016-08-30 12:00:00,43.154
2016-08-30 13:00:00,44.912
2016-08-30 14:00:00,47.329
2016-08-30 15:00:00,47.988
2016-08-30 16:00:00,45.571
2016-08-30 17:00:00,43.374
2016-08-30 18:00:00,41.8355
2016-08-30 19:00:00,40.298
2016-08-30 20:00:00,38.32
2016-08-30 21:00:00,36.3425
2016-08-30 22:00:00,35.244
2016-08-30 23:00:00,33.926
2016-08-31 00:00:00,33.486
2016-08-31 01:00:00,33.486
2016-08-31 02:00:00,33.486
2016-08-31 03:00:00,33.486
2016-08-31 04:00:00,33.486
2016-08-31 05:00:00,33.486
2016-08-31 06:00:00,33.486
2016-08-31 07:00:00,33.486
2016-08-31 08:00:00,33.486
2016-08-31 09:00:00,33.486
2016-08-31 10:00:00,33.486
2016-08-31 11:00:00,33.486
2016-08-31 12:00:00,33.486
2016-08-31 13:00:00,33.486
2016-08-31 14:00:00,33.486
2016-08-31 15:00:00,33.486
2016-08-31 16:00:00,33.486
2016-08-31 17:00:00,33.486
2016-08-31 18:00:00,33.486
2016-08-31 19:00:00,33.486
2016-08-31 20:00:00,33.486
2016-08-31 21:00:00,33.486
2016-08-31 22:00:00,33.486
2016-08-31 23:00:00,33.486
2016-09-01 00:00:00,36.123
2016-09-01 01:00:00,35.9035
2016-09-01 02:00:00,35.464
2016-09-01 03:00:00,34.805
2016-09-01 04:00:00,34.585
2016-09-01 05:00:00,34.1455
2016-09-01 06:00:00,33.706
2016-09-01 07:00:00,33.706
2016-09-01 08:00:00,34.8045
2016-09-01 09:00:00,36.343
2016-09-01 10:00:00,38.9795
2016-09-01 11:00:00,41.836
2016-09-01 12:00:00,44.0335
2016-09-01 13:00:00,45.791
2016-09-01 14:00:00,47.9885
2016-09-01 15:00:00,48.6475
2016-09-01 16:00:00,47.329
2016-09-01 17:00:00,45.132
2016-09-01 18:00:00,43.8135
2016-09-01 19:00:00,42.0555
2016-09-01 20:00:00,40.7375
2016-09-01 21:00:00,39.8585
2016-09-01 22:00:00,38.9795
2016-09-01 23:00:00,38.54
2016-09-02 00:00:00,38.1005
2016-09-02 01:00:00,37.2215
2016-09-02 02:00:00,36.782
2016-09-02 03:00:00,35.9035
2016-09-02 04:00:00,35.464
2016-09-02 05:00:00,34.805
2016-09-02 06:00:00,34.585
2016-09-02 07:00:00,34.365
2016-09-02 08:00:00,35.2445
2016-09-02 09:00:00,36.782
2016-09-02 10:00:00,39.8585
2016-09-02 11:00:00,43.374
2016-09-02 12:00:00,46.0105
2016-09-02 13:00:00,48.208
2016-09-02 14:00:00,48.4275
2016-09-02 15:00:00,49.307
2016-09-02 16:00:00,49.3065
2016-09-02 17:00:00,47.549
2016-09-02 18:00:00,45.5715
2016-09-02 19:00:00,43.8135
2016-09-02 20:00:00,41.836
2016-09-02 21:00:00,40.298
2016-09-02 22:00:00,39.199
2016-09-02 23:00:00,38.32
2016-09-03 00:00:00,37.441
2016-09-03 01:00:00,36.562
2016-09-03 02:00:00,35.684
2016-09-03 03:00:00,35.244
2016-09-03 04:00:00,35.0245
2016-09-03 05:00:00,34.365
2016-09-03 06:00:00,33.926
2016-09-03 07:00:00,33.926
2016-09-03 08:00:00,35.9035
2016-09-03 09:00:00,38.1005
2016-09-03 10:00:00,40.078
2016-09-03 11:00:00,43.374
2016-09-03 12:00:00,46.2305
2016-09-03 13:00:00,47.7685
2016-09-03 14:00:00,48.867
2016-09-03 15:00:00,46.6695
2016-09-03 16:00:00,47.109
2016-09-03 17:00:00,46.45
2016-09-03 18:00:00,45.352
2016-09-03 19:00:00,43.8135
2016-09-03 20:00:00,41.836
2016-09-03 21:00:00,40.518
2016-09-03 22:00:00,40.078
2016-09-03 23:00:00,39.639
2016-09-04 00:00:00,38.76
2016-09-04 01:00:00,37.881
2016-09-04 02:00:00,37.441
2016-09-04 03:00:00,37.002
2016-09-04 04:00:00,36.782
2016-09-04 05:00:00,36.782
2016-09-04 06:00:00,36.562
2016-09-04 07:00:00,36.123
2016-09-04 08:00:00,36.123
2016-09-04 09:00:00,37.881
2016-09-04 10:00:00,42.0555
2016-09-04 11:00:00,44.253
2016-09-04 12:00:00,45.132
2016-09-04 13:00:00,44.6925
2016-09-04 14:00:00,44.912
2016-09-04 15:00:00,44.473
2016-09-04 16:00:00,43.374
2016-09-04 17:00:00,42.275
2016-09-04 18:00:00,41.396
2016-09-04 19:00:00,40.298
2016-09-04 20:00:00,39.639
2016-09-04 21:00:00,38.76
2016-09-04 22:00:00,38.32
2016-09-04 23:00:00,37.441
2016-09-05 00:00:00,36.3425
2016-09-05 01:00:00,35.684
2016-09-05 02:00:00,34.805
2016-09-05 03:00:00,33.926
2016-09-05 04:00:00,33.486
2016-09-05 05:00:00,33.047
2016-09-05 06:00:00,32.607
2016-09-05 07:00:00,32.3875
2016-09-05 08:00:00,34.365
2016-09-05 09:00:00,37.002
2016-09-05 10:00:00,39.199
2016-09-05 11:00:00,42.2755
2016-09-05 12:00:00,44.912
2016-09-05 13:00:00,45.132
2016-09-05 14:00:00,44.9125
2016-09-05 15:00:00,45.5715
2016-09-05 16:00:00,44.033
2016-09-05 17:00:00,44.033
2016-09-05 18:00:00,43.374
2016-09-05 19:00:00,42.275
2016-09-05 20:00:00,41.396
2016-09-05 21:00:00,40.078
2016-09-05 22:00:00,39.639
2016-09-05 23:00:00,38.76
2016-09-06 00:00:00,38.32
2016-09-06 01:00:00,38.32
2016-09-06 02:00:00,37.881
2016-09-06 03:00:00,37.2215
2016-09-06 04:00:00,36.782
2016-09-06 05:00:00,35.9035
2016-09-06 06:00:00,34.585
2016-09-06 07:00:00,33.486
2016-09-06 08:00:00,32.388
2016-09-06 09:00:00,31.7285
2016-09-06 10:00:00,31.7285
2016-09-06 11:00:00,31.9485
2016-09-06 12:00:00,33.2665
2016-09-06 13:00:00,33.706
2016-09-06 14:00:00,32.6075
2016-09-06 15:00:00,31.729
2016-09-06 16:00:00,31.289
2016-09-06 17:00:00,31.289
2016-09-06 18:00:00,30.85
2016-09-06 19:00:00,29.971
2016-09-06 20:00:00,29.751
2016-09-06 21:00:00,29.531
2016-09-06 22:00:00,27.773
2016-09-06 23:00:00,27.1145
2016-09-07 00:00:00,26.8945
2016-09-07 01:00:00,27.334
2016-09-07 02:00:00,27.1145
2016-09-07 03:00:00,26.8945
2016-09-07 04:00:00,27.334
2016-09-07 05:00:00,27.773
2016-09-07 06:00:00,28.213
2016-09-07 07:00:00,28.213
2016-09-07 08:00:00,28.652
2016-09-07 09:00:00,29.092
2016-09-07 10:00:00,29.971
2016-09-07 11:00:00,31.729
2016-09-07 12:00:00,33.2665
2016-09-07 13:00:00,35.0245
2016-09-07 14:00:00,37.4415
2016-09-07 15:00:00,38.7595
2016-09-07 16:00:00,38.9795
2016-09-07 17:00:00,37.661
2016-09-07 18:00:00,35.9035
2016-09-07 19:00:00,34.585
2016-09-07 20:00:00,33.706
2016-09-07 21:00:00,32.827
2016-09-07 22:00:00,32.3875
2016-09-07 23:00:00,31.9485
2016-09-08 00:00:00,31.289
2016-09-08 01:00:00,30.85
2016-09-08 02:00:00,30.41
2016-09-08 03:00:00,29.971
2016-09-08 04:00:00,29.531
2016-09-08 05:00:00,29.531
2016-09-08 06:00:00,29.092
2016-09-08 07:00:00,29.092
2016-09-08 08:00:00,30.41
2016-09-08 09:00:00,31.9485
2016-09-08 10:00:00,34.1455
2016-09-08 11:00:00,35.684
2016-09-08 12:00:00,38.7595
2016-09-08 13:00:00,41.8355
2016-09-08 14:00:00,44.6925
2016-09-08 15:00:00,44.033
2016-09-08 16:00:00,43.8135
2016-09-08 17:00:00,42.0555
2016-09-08 18:00:00,40.298
2016-09-08 19:00:00,38.76
2016-09-08 20:00:00,37.002
2016-09-08 21:00:00,36.123
2016-09-08 22:00:00,35.464
2016-09-08 23:00:00,35.244
2016-09-09 00:00:00,34.805
2016-09-09 01:00:00,34.365
2016-09-09 02:00:00,33.486
2016-09-09 03:00:00,32.827
2016-09-09 04:00:00,32.168
2016-09-09 05:00:00,31.729
2016-09-09 06:00:00,31.289
2016-09-09 07:00:00,31.289
2016-09-09 08:00:00,33.047
2016-09-09 09:00:00,35.464
2016-09-09 10:00:00,38.9795
2016-09-09 11:00:00,41.616
2016-09-09 12:00:00,44.253
2016-09-09 13:00:00,45.571
2016-09-09 14:00:00,46.6695
2016-09-09 15:00:00,46.8895
2016-09-09 16:00:00,45.132
2016-09-09 17:00:00,43.1545
2016-09-09 18:00:00,42.275
2016-09-09 19:00:00,40.957
2016-09-09 20:00:00,40.078
2016-09-09 21:00:00,39.639
2016-09-09 22:00:00,39.199
2016-09-09 23:00:00,38.76
2016-09-10 00:00:00,37.661
2016-09-10 01:00:00,37.4415
2016-09-10 02:00:00,36.782
2016-09-10 03:00:00,36.562
2016-09-10 04:00:00,36.3425
2016-09-10 05:00:00,35.684
2016-09-10 06:00:00,35.244
2016-09-10 07:00:00,35.0245
2016-09-10 08:00:00,34.8045
2016-09-10 09:00:00,34.8045
2016-09-10 10:00:00,36.3425
2016-09-10 11:00:00,37.441
2016-09-10 12:00:00,38.9795
2016-09-10 13:00:00,41.396
2016-09-10 14:00:00,43.594
2016-09-10 15:00:00,45.5715
2016-09-10 16:00:00,44.6925
2016-09-10 17:00:00,42.2755
2016-09-10 18:00:00,39.419
2016-09-10 19:00:00,37.8805
2016-09-10 20:00:00,37.2215
2016-09-10 21:00:00,36.5625
2016-09-10 22:00:00,36.3425
2016-09-10 23:00:00,36.3425
2016-09-11 00:00:00,36.3425
2016-09-11 01:00:00,36.123
2016-09-11 02:00:00,35.9035
2016-09-11 03:00:00,35.464
2016-09-11 04:00:00,35.244
2016-09-11 05:00:00,35.0245
2016-09-11 06:00:00,34.585
2016-09-11 07:00:00,34.585
2016-09-11 08:00:00,34.365
2016-09-11 09:00:00,34.585
2016-09-11 10:00:00,34.805
2016-09-11 11:00:00,35.0245
2016-09-11 12:00:00,35.464
2016-09-11 13:00:00,35.6835
2016-09-11 14:00:00,35.6835
2016-09-11 15:00:00,36.3425
2016-09-11 16:00:00,35.9035
2016-09-11 17:00:00,34.3655
2016-09-11 18:00:00,33.706
2016-09-11 19:00:00,32.607
2016-09-11 20:00:00,31.9485
2016-09-11 21:00:00,31.0695
2016-09-11 22:00:00,31.0695
2016-09-11 23:00:00,31.0695
2016-09-12 00:00:00,30.63
2016-09-12 01:00:00,30.63
2016-09-12 02:00:00,30.41
2016-09-12 03:00:00,29.531
2016-09-12 04:00:00,29.092
2016-09-12 05:00:00,28.652
2016-09-12 06:00:00,28.652
2016-09-12 07:00:00,28.652
2016-09-12 08:00:00,30.41
2016-09-12 09:00:00,32.3875
2016-09-12 10:00:00,35.464
2016-09-12 11:00:00,38.9795
2016-09-12 12:00:00,41.6165
2016-09-12 13:00:00,43.5935
2016-09-12 14:00:00,44.4725
2016-09-12 15:00:00,45.3515
2016-09-12 16:00:00,44.253
2016-09-12 17:00:00,42.495
2016-09-12 18:00:00,40.7375
2016-09-12 19:00:00,38.9795
2016-09-12 20:00:00,37.881
2016-09-12 21:00:00,37.441
2016-09-12 22:00:00,36.782
2016-09-12 23:00:00,36.562
2016-09-13 00:00:00,35.9035
2016-09-13 01:00:00,34.805
2016-09-13 02:00:00,33.926
2016-09-13 03:00:00,33.2665
2016-09-13 04:00:00,33.047
2016-09-13 05:00:00,32.827
2016-09-13 06:00:00,32.168
2016-09-13 07:00:00,32.168
2016-09-13 08:00:00,33.2665
2016-09-13 09:00:00,35.244
2016-09-13 10:00:00,38.7595
2016-09-13 11:00:00,41.177
2016-09-13 12:00:00,43.594
2016-09-13 13:00:00,45.1315
2016-09-13 14:00:00,46.6695
2016-09-13 15:00:00,47.329
2016-09-13 16:00:00,45.571
2016-09-13 17:00:00,43.374
2016-09-13 18:00:00,41.1765
2016-09-13 19:00:00,39.8585
2016-09-13 20:00:00,39.199
2016-09-13 21:00:00,38.32
2016-09-13 22:00:00,37.661
2016-09-13 23:00:00,37.2215
2016-09-14 00:00:00,36.5625
2016-09-14 01:00:00,36.123
2016-09-14 02:00:00,35.244
2016-09-14 03:00:00,34.365
2016-09-14 04:00:00,33.486
2016-09-14 05:00:00,32.607
2016-09-14 06:00:00,32.168
2016-09-14 07:00:00,31.9485
2016-09-14 08:00:00,32.607
2016-09-14 09:00:00,34.365
2016-09-14 10:00:00,34.805
2016-09-14 11:00:00,35.464
2016-09-14 12:00:00,36.562
2016-09-14 13:00:00,35.903
2016-09-14 14:00:00,35.9035
2016-09-14 15:00:00,34.585
2016-09-14 16:00:00,34.365
2016-09-14 17:00:00,33.706
2016-09-14 18:00:00,33.047
2016-09-14 19:00:00,32.3875
2016-09-14 20:00:00,32.168
2016-09-14 21:00:00,31.9485
2016-09-14 22:00:00,31.9485
2016-09-14 23:00:00,31.9485
2016-09-15 00:00:00,31.729
2016-09-15 01:00:00,31.729
2016-09-15 02:00:00,31.509
2016-09-15 03:00:00,30.63
2016-09-15 04:00:00,29.0915
2016-09-15 05:00:00,29.0915
2016-09-15 06:00:00,29.531
2016-09-15 07:00:00,29.751
2016-09-15 08:00:00,30.1905
2016-09-15 09:00:00,28.652
2016-09-15 10:00:00,27.5535
2016-09-15 11:00:00,27.1145
2016-09-15 12:00:00,27.1145
2016-09-15 13:00:00,27.773
2016-09-15 14:00:00,27.993
2016-09-15 15:00:00,27.993
2016-09-15 16:00:00,27.993
2016-09-15 17:00:00,27.7735
2016-09-15 18:00:00,27.7735
2016-09-15 19:00:00,27.7735
2016-09-15 20:00:00,27.334
2016-09-15 21:00:00,27.1145
2016-09-15 22:00:00,26.8945
2016-09-15 23:00:00,26.675
2016-09-16 00:00:00,26.675
2016-09-16 01:00:00,26.675
2016-09-16 02:00:00,25.5765
2016-09-16 03:00:00,25.3565
2016-09-16 04:00:00,24.917
2016-09-16 05:00:00,24.917
2016-09-16 06:00:00,24.4775
2016-09-16 07:00:00,24.4775
2016-09-16 08:00:00,24.258
2016-09-16 09:00:00,24.258
2016-09-16 10:00:00,24.4775
2016-09-16 11:00:00,24.917
2016-09-16 12:00:00,25.3565
2016-09-16 13:00:00,25.796
2016-09-16 14:00:00,26.2355
2016-09-16 15:00:00,26.675
2016-09-16 16:00:00,26.455
2016-09-16 17:00:00,26.2355
2016-09-16 18:00:00,26.675
2016-09-16 19:00:00,27.334
2016-09-16 20:00:00,27.993
2016-09-16 21:00:00,28.652
2016-09-16 22:00:00,29.092
2016-09-16 23:00:00,29.531
2016-09-17 00:00:00,29.751
2016-09-17 01:00:00,29.971
2016-09-17 02:00:00,29.971
2016-09-17 03:00:00,29.971
2016-09-17 04:00:00,29.751
2016-09-17 05:00:00,29.531
2016-09-17 06:00:00,29.531
2016-09-17 07:00:00,29.531
2016-09-17 08:00:00,30.1905
2016-09-17 09:00:00,31.729
2016-09-17 10:00:00,34.1455
2016-09-17 11:00:00,37.4415
2016-09-17 12:00:00,38.1005
2016-09-17 13:00:00,38.1005
2016-09-17 14:00:00,37.661
2016-09-17 15:00:00,39.199
2016-09-17 16:00:00,39.419
2016-09-17 17:00:00,39.6385
2016-09-17 18:00:00,38.32
2016-09-17 19:00:00,36.562
2016-09-17 20:00:00,35.684
2016-09-17 21:00:00,34.805
2016-09-17 22:00:00,33.926
2016-09-17 23:00:00,33.486
2016-09-18 00:00:00,32.607
2016-09-18 01:00:00,32.168
2016-09-18 02:00:00,31.289
2016-09-18 03:00:00,30.41
2016-09-18 04:00:00,29.971
2016-09-18 05:00:00,29.3115
2016-09-18 06:00:00,28.872
2016-09-18 07:00:00,28.652
2016-09-18 08:00:00,29.971
2016-09-18 09:00:00,32.168
2016-09-18 10:00:00,35.6835
2016-09-18 11:00:00,38.76
2016-09-18 12:00:00,41.177
2016-09-18 13:00:00,42.9345
2016-09-18 14:00:00,44.6925
2016-09-18 15:00:00,45.791
2016-09-18 16:00:00,44.0335
2016-09-18 17:00:00,41.616
2016-09-18 18:00:00,38.9795
2016-09-18 19:00:00,37.002
2016-09-18 20:00:00,35.684
2016-09-18 21:00:00,34.805
2016-09-18 22:00:00,33.926
2016-09-18 23:00:00,33.047
2016-09-19 00:00:00,32.168
2016-09-19 01:00:00,31.289
2016-09-19 02:00:00,30.41
2016-09-19 03:00:00,29.531
2016-09-19 04:00:00,28.652
2016-09-19 05:00:00,28.4325
2016-09-19 06:00:00,28.213
2016-09-19 07:00:00,28.213
2016-09-19 08:00:00,29.3115
2016-09-19 09:00:00,30.85
2016-09-19 10:00:00,33.9255
2016-09-19 11:00:00,37.2215
2016-09-19 12:00:00,38.9795
2016-09-19 13:00:00,39.419
2016-09-19 14:00:00,40.518
2016-09-19 15:00:00,41.396
2016-09-19 16:00:00,40.5175
2016-09-19 17:00:00,38.32
2016-09-19 18:00:00,36.123
2016-09-19 19:00:00,34.585
2016-09-19 20:00:00,33.486
2016-09-19 21:00:00,32.607
2016-09-19 22:00:00,31.729
2016-09-19 23:00:00,30.85
2016-09-20 00:00:00,29.751
2016-09-20 01:00:00,28.652
2016-09-20 02:00:00,27.773
2016-09-20 03:00:00,27.334
2016-09-20 04:00:00,26.2355
2016-09-20 05:00:00,25.796
2016-09-20 06:00:00,25.3565
2016-09-20 07:00:00,25.137
2016-09-20 08:00:00,27.334
2016-09-20 09:00:00,29.531
2016-09-20 10:00:00,33.706
2016-09-20 11:00:00,37.002
2016-09-20 12:00:00,39.6385
2016-09-20 13:00:00,40.7375
2016-09-20 14:00:00,41.836
2016-09-20 15:00:00,42.9345
2016-09-20 16:00:00,41.177
2016-09-20 17:00:00,38.9795
2016-09-20 18:00:00,36.3425
2016-09-20 19:00:00,33.926
2016-09-20 20:00:00,32.168
2016-09-20 21:00:00,31.289
2016-09-20 22:00:00,30.63
2016-09-20 23:00:00,29.971
2016-09-21 00:00:00,29.531
2016-09-21 01:00:00,28.872
2016-09-21 02:00:00,28.213
2016-09-21 03:00:00,27.773
2016-09-21 04:00:00,27.5535
2016-09-21 05:00:00,27.5535
2016-09-21 06:00:00,27.334
2016-09-21 07:00:00,27.1145
2016-09-21 08:00:00,27.5535
2016-09-21 09:00:00,28.872
2016-09-21 10:00:00,30.63
2016-09-21 11:00:00,33.9255
2016-09-21 12:00:00,35.6835
2016-09-21 13:00:00,36.3425
2016-09-21 14:00:00,36.123
2016-09-21 15:00:00,35.244
2016-09-21 16:00:00,34.365
2016-09-21 17:00:00,33.2665
2016-09-21 18:00:00,32.607
2016-09-21 19:00:00,31.729
2016-09-21 20:00:00,31.0695
2016-09-21 21:00:00,30.41
2016-09-21 22:00:00,29.971
2016-09-21 23:00:00,29.531
2016-09-22 00:00:00,28.872
2016-09-22 01:00:00,28.213
2016-09-22 02:00:00,27.773
2016-09-22 03:00:00,27.1145
2016-09-22 04:00:00,26.675
2016-09-22 05:00:00,26.4555
2016-09-22 06:00:00,26.2355
2016-09-22 07:00:00,25.796
2016-09-22 08:00:00,27.334
2016-09-22 09:00:00,29.751
2016-09-22 10:00:00,33.926
2016-09-22 11:00:00,37.2215
2016-09-22 12:00:00,39.858
2016-09-22 13:00:00,40.737
2016-09-22 14:00:00,42.0555
2016-09-22 15:00:00,39.8585
2016-09-22 16:00:00,37.881
2016-09-22 17:00:00,37.441
2016-09-22 18:00:00,36.562
2016-09-22 19:00:00,34.365
2016-09-22 20:00:00,33.047
2016-09-22 21:00:00,31.9485
2016-09-22 22:00:00,30.85
2016-09-22 23:00:00,30.1905
2016-09-23 00:00:00,29.751
2016-09-23 01:00:00,29.3115
2016-09-23 02:00:00,29.3115
2016-09-23 03:00:00,29.3115
2016-09-23 04:00:00,28.872
2016-09-23 05:00:00,28.652
2016-09-23 06:00:00,28.4325
2016-09-23 07:00:00,28.652
2016-09-23 08:00:00,29.751
2016-09-23 09:00:00,31.0695
2016-09-23 10:00:00,32.827
2016-09-23 11:00:00,36.5625
2016-09-23 12:00:00,38.1005
2016-09-23 13:00:00,39.6385
2016-09-23 14:00:00,41.3965
2016-09-23 15:00:00,42.495
2016-09-23 16:00:00,40.7375
2016-09-23 17:00:00,39.1995
2016-09-23 18:00:00,37.661
2016-09-23 19:00:00,35.684
2016-09-23 20:00:00,34.365
2016-09-23 21:00:00,33.486
2016-09-23 22:00:00,32.607
2016-09-23 23:00:00,32.168
2016-09-24 00:00:00,31.729
2016-09-24 01:00:00,31.289
2016-09-24 02:00:00,31.289
2016-09-24 03:00:00,30.85
2016-09-24 04:00:00,30.41
2016-09-24 05:00:00,30.1905
2016-09-24 06:00:00,29.971
2016-09-24 07:00:00,29.971
2016-09-24 08:00:00,31.289
2016-09-24 09:00:00,33.047
2016-09-24 10:00:00,35.464
2016-09-24 11:00:00,38.54
2016-09-24 12:00:00,40.957
2016-09-24 13:00:00,42.495
2016-09-24 14:00:00,43.8135
2016-09-24 15:00:00,43.8135
2016-09-24 16:00:00,42.715
2016-09-24 17:00:00,40.957
2016-09-24 18:00:00,39.639
2016-09-24 19:00:00,38.32
2016-09-24 20:00:00,37.441
2016-09-24 21:00:00,36.562
2016-09-24 22:00:00,36.3425
2016-09-24 23:00:00,35.9035
2016-09-25 00:00:00,35.684
2016-09-25 01:00:00,34.805
2016-09-25 02:00:00,34.1455
2016-09-25 03:00:00,33.926
2016-09-25 04:00:00,33.486
2016-09-25 05:00:00,33.047
2016-09-25 06:00:00,32.607
2016-09-25 07:00:00,32.3875
2016-09-25 08:00:00,32.607
2016-09-25 09:00:00,34.365
2016-09-25 10:00:00,36.562
2016-09-25 11:00:00,39.419
2016-09-25 12:00:00,41.836
2016-09-25 13:00:00,44.253
2016-09-25 14:00:00,44.9125
2016-09-25 15:00:00,45.3515
2016-09-25 16:00:00,43.5935
2016-09-25 17:00:00,41.8355
2016-09-25 18:00:00,40.298
2016-09-25 19:00:00,38.9795
2016-09-25 20:00:00,37.881
2016-09-25 21:00:00,37.2215
2016-09-25 22:00:00,36.562
2016-09-25 23:00:00,35.9035
2016-09-26 00:00:00,35.244
2016-09-26 01:00:00,34.805
2016-09-26 02:00:00,34.365
2016-09-26 03:00:00,33.926
2016-09-26 04:00:00,33.486
2016-09-26 05:00:00,33.047
2016-09-26 06:00:00,32.607
2016-09-26 07:00:00,32.607
2016-09-26 08:00:00,33.2665
2016-09-26 09:00:00,34.1455
2016-09-26 10:00:00,37.661
2016-09-26 11:00:00,40.737
2016-09-26 12:00:00,43.374
2016-09-26 13:00:00,44.912
2016-09-26 14:00:00,46.45
2016-09-26 15:00:00,46.8895
2016-09-26 16:00:00,44.912
2016-09-26 17:00:00,42.7145
2016-09-26 18:00:00,40.298
2016-09-26 19:00:00,38.54
2016-09-26 20:00:00,37.2215
2016-09-26 21:00:00,36.3425
2016-09-26 22:00:00,35.9035
2016-09-26 23:00:00,35.684
2016-09-27 00:00:00,35.464
2016-09-27 01:00:00,35.244
2016-09-27 02:00:00,34.805
2016-09-27 03:00:00,34.1455
2016-09-27 04:00:00,33.486
2016-09-27 05:00:00,33.047
2016-09-27 06:00:00,32.607
2016-09-27 07:00:00,32.607
2016-09-27 08:00:00,33.486
2016-09-27 09:00:00,35.464
2016-09-27 10:00:00,37.661
2016-09-27 11:00:00,39.6385
2016-09-27 12:00:00,41.6165
2016-09-27 13:00:00,44.0335
2016-09-27 14:00:00,44.912
2016-09-27 15:00:00,46.2305
2016-09-27 16:00:00,45.3515
2016-09-27 17:00:00,43.8135
2016-09-27 18:00:00,42.275
2016-09-27 19:00:00,41.1765
2016-09-27 20:00:00,39.8585
2016-09-27 21:00:00,38.9795
2016-09-27 22:00:00,38.1005
2016-09-27 23:00:00,37.661
2016-09-28 00:00:00,37.002
2016-09-28 01:00:00,36.782
2016-09-28 02:00:00,35.9035
2016-09-28 03:00:00,34.585
2016-09-28 04:00:00,34.365
2016-09-28 05:00:00,33.706
2016-09-28 06:00:00,33.2665
2016-09-28 07:00:00,33.047
2016-09-28 08:00:00,32.827
2016-09-28 09:00:00,31.9485
2016-09-28 10:00:00,31.509
2016-09-28 11:00:00,29.092
2016-09-28 12:00:00,27.773
2016-09-28 13:00:00,27.334
2016-09-28 14:00:00,27.5535
2016-09-28 15:00:00,27.5535
2016-09-28 16:00:00,27.5535
2016-09-28 17:00:00,27.334
2016-09-28 18:00:00,26.675
2016-09-28 19:00:00,25.137
2016-09-28 20:00:00,24.697
2016-09-28 21:00:00,24.258
2016-09-28 22:00:00,24.258
2016-09-28 23:00:00,24.258
2016-09-29 00:00:00,23.818
2016-09-29 01:00:00,22.939
2016-09-29 02:00:00,22.061
2016-09-29 03:00:00,21.621
2016-09-29 04:00:00,21.621
2016-09-29 05:00:00,21.4015
2016-09-29 06:00:00,20.962
2016-09-29 07:00:00,20.742
2016-09-29 08:00:00,20.5225
2016-09-29 09:00:00,20.5225
2016-09-29 10:00:00,20.962
2016-09-29 11:00:00,21.4015
2016-09-29 12:00:00,21.4015
2016-09-29 13:00:00,22.2805
2016-09-29 14:00:00,22.2805
2016-09-29 15:00:00,22.2805
2016-09-29 16:00:00,22.2805
2016-09-29 17:00:00,22.7195
2016-09-29 18:00:00,22.7195
2016-09-29 19:00:00,22.5
2016-09-29 20:00:00,22.5
2016-09-29 21:00:00,22.5
2016-09-29 22:00:00,22.2805
2016-09-29 23:00:00,22.2805
2016-09-30 00:00:00,22.061
2016-09-30 01:00:00,21.841
2016-09-30 02:00:00,21.841
2016-09-30 03:00:00,21.841
2016-09-30 04:00:00,21.4015
2016-09-30 05:00:00,20.962
2016-09-30 06:00:00,20.5225
2016-09-30 07:00:00,20.5225
2016-09-30 08:00:00,21.1815
2016-09-30 09:00:00,21.1815
2016-09-30 10:00:00,21.6215
2016-09-30 11:00:00,22.2805
2016-09-30 12:00:00,22.7195
2016-09-30 13:00:00,23.159
2016-09-30 14:00:00,23.5985
2016-09-30 15:00:00,24.4775
2016-09-30 16:00:00,25.137
2016-09-30 17:00:00,25.1365
2016-09-30 18:00:00,25.1365
2016-09-30 19:00:00,24.917
2016-09-30 20:00:00,25.1365
2016-09-30 21:00:00,25.3565
2016-09-30 22:00:00,25.137
2016-09-30 23:00:00,25.3565
2016-10-01 00:00:00,25.796
2016-10-01 01:00:00,25.796
2016-10-01 02:00:00,25.796
2016-10-01 03:00:00,26.2355
2016-10-01 04:00:00,26.2355
2016-10-01 05:00:00,26.2355
2016-10-01 06:00:00,25.796
2016-10-01 07:00:00,25.137
2016-10-01 08:00:00,24.917
2016-10-01 09:00:00,25.137
2016-10-01 10:00:00,25.796
2016-10-01 11:00:00,26.455
2016-10-01 12:00:00,27.334
2016-10-01 13:00:00,28.872
2016-10-01 14:00:00,31.289
2016-10-01 15:00:00,32.607
2016-10-01 16:00:00,32.3875
2016-10-01 17:00:00,32.607
2016-10-01 18:00:00,32.3875
2016-10-01 19:00:00,31.9485
2016-10-01 20:00:00,31.289
2016-10-01 21:00:00,31.289
2016-10-01 22:00:00,30.85
2016-10-01 23:00:00,30.63
2016-10-02 00:00:00,30.41
2016-10-02 01:00:00,30.41
2016-10-02 02:00:00,29.971
2016-10-02 03:00:00,29.751
2016-10-02 04:00:00,29.751
2016-10-02 05:00:00,29.751
2016-10-02 06:00:00,29.751
2016-10-02 07:00:00,29.751
2016-10-02 08:00:00,29.751
2016-10-02 09:00:00,30.41
2016-10-02 10:00:00,31.0695
2016-10-02 11:00:00,30.1905
2016-10-02 12:00:00,29.531
2016-10-02 13:00:00,30.1905
2016-10-02 14:00:00,30.41
2016-10-02 15:00:00,30.85
2016-10-02 16:00:00,30.63
2016-10-02 17:00:00,29.0915
2016-10-02 18:00:00,27.773
2016-10-02 19:00:00,27.5535
2016-10-02 20:00:00,27.773
2016-10-02 21:00:00,27.993
2016-10-02 22:00:00,28.2125
2016-10-02 23:00:00,28.4325
2016-10-03 00:00:00,28.4325
2016-10-03 01:00:00,28.652
2016-10-03 02:00:00,28.652
2016-10-03 03:00:00,28.652
2016-10-03 04:00:00,28.6525
2016-10-03 05:00:00,28.6525
2016-10-03 06:00:00,28.872
2016-10-03 07:00:00,29.092
2016-10-03 08:00:00,29.531
2016-10-03 09:00:00,29.751
2016-10-03 10:00:00,29.971
2016-10-03 11:00:00,32.168
2016-10-03 12:00:00,35.9035
2016-10-03 13:00:00,38.1005
2016-10-03 14:00:00,40.7375
2016-10-03 15:00:00,41.616
2016-10-03 16:00:00,40.737
2016-10-03 17:00:00,39.419
2016-10-03 18:00:00,37.002
2016-10-03 19:00:00,34.365
2016-10-03 20:00:00,32.607
2016-10-03 21:00:00,31.729
2016-10-03 22:00:00,30.85
2016-10-03 23:00:00,30.41
2016-10-04 00:00:00,29.531
2016-10-04 01:00:00,29.092
2016-10-04 02:00:00,29.092
2016-10-04 03:00:00,28.652
2016-10-04 04:00:00,28.213
2016-10-04 05:00:00,27.773
2016-10-04 06:00:00,27.773
2016-10-04 07:00:00,27.5535
2016-10-04 08:00:00,28.652
2016-10-04 09:00:00,30.41
2016-10-04 10:00:00,32.3875
2016-10-04 11:00:00,33.486
2016-10-04 12:00:00,34.1455
2016-10-04 13:00:00,34.365
2016-10-04 14:00:00,34.365
2016-10-04 15:00:00,34.365
2016-10-04 16:00:00,33.706
2016-10-04 17:00:00,33.047
2016-10-04 18:00:00,32.168
2016-10-04 19:00:00,31.729
2016-10-04 20:00:00,31.509
2016-10-04 21:00:00,31.0695
2016-10-04 22:00:00,30.63
2016-10-04 23:00:00,30.41
2016-10-05 00:00:00,30.41
2016-10-05 01:00:00,30.41
2016-10-05 02:00:00,30.1905
2016-10-05 03:00:00,30.1905
2016-10-05 04:00:00,29.971
2016-10-05 05:00:00,29.751
2016-10-05 06:00:00,29.531
2016-10-05 07:00:00,29.531
2016-10-05 08:00:00,30.41
2016-10-05 09:00:00,32.607
2016-10-05 10:00:00,36.3425
2016-10-05 11:00:00,38.54
2016-10-05 12:00:00,37.4415
2016-10-05 13:00:00,37.0015
2016-10-05 14:00:00,37.2215
2016-10-05 15:00:00,38.1005
2016-10-05 16:00:00,38.1005
2016-10-05 17:00:00,37.441
2016-10-05 18:00:00,36.123
2016-10-05 19:00:00,34.805
2016-10-05 20:00:00,33.486
2016-10-05 21:00:00,32.607
2016-10-05 22:00:00,32.168
2016-10-05 23:00:00,31.729
2016-10-06 00:00:00,31.729
2016-10-06 01:00:00,31.289
2016-10-06 02:00:00,30.85
2016-10-06 03:00:00,30.41
2016-10-06 04:00:00,29.971
2016-10-06 05:00:00,29.3115
2016-10-06 06:00:00,28.872
2016-10-06 07:00:00,28.872
2016-10-06 08:00:00,29.3115
2016-10-06 09:00:00,29.9705
2016-10-06 10:00:00,31.0695
2016-10-06 11:00:00,32.168
2016-10-06 12:00:00,33.0465
2016-10-06 13:00:00,33.4865
2016-10-06 14:00:00,33.4865
2016-10-06 15:00:00,33.706
2016-10-06 16:00:00,33.706
2016-10-06 17:00:00,32.3875
2016-10-06 18:00:00,31.0695
2016-10-06 19:00:00,30.1905
2016-10-06 20:00:00,29.751
2016-10-06 21:00:00,29.3115
2016-10-06 22:00:00,29.3115
2016-10-06 23:00:00,29.092
2016-10-07 00:00:00,28.652
2016-10-07 01:00:00,28.213
2016-10-07 02:00:00,25.5765
2016-10-07 03:00:00,24.917
2016-10-07 04:00:00,25.137
2016-10-07 05:00:00,25.576
2016-10-07 06:00:00,25.796
2016-10-07 07:00:00,26.2355
2016-10-07 08:00:00,26.675
2016-10-07 09:00:00,26.675
2016-10-07 10:00:00,26.0155
2016-10-07 11:00:00,25.3565
2016-10-07 12:00:00,23.8185
2016-10-07 13:00:00,23.3785
2016-10-07 14:00:00,23.3785
2016-10-07 15:00:00,23.8185
2016-10-07 16:00:00,24.4775
2016-10-07 17:00:00,24.4775
2016-10-07 18:00:00,24.4775
2016-10-07 19:00:00,24.4775
2016-10-07 20:00:00,24.4775
2016-10-07 21:00:00,24.4775
2016-10-07 22:00:00,25.137
2016-10-07 23:00:00,25.576
2016-10-08 00:00:00,26.016
2016-10-08 01:00:00,26.2355
2016-10-08 02:00:00,26.455
2016-10-08 03:00:00,26.455
2016-10-08 04:00:00,26.455
2016-10-08 05:00:00,26.455
2016-10-08 06:00:00,26.016
2016-10-08 07:00:00,25.796
2016-10-08 08:00:00,26.2355
2016-10-08 09:00:00,28.213
2016-10-08 10:00:00,31.0695
2016-10-08 11:00:00,33.0465
2016-10-08 12:00:00,31.289
2016-10-08 13:00:00,32.827
2016-10-08 14:00:00,34.805
2016-10-08 15:00:00,35.244
2016-10-08 16:00:00,34.3655
2016-10-08 17:00:00,33.047
2016-10-08 18:00:00,31.289
2016-10-08 19:00:00,29.531
2016-10-08 20:00:00,28.213
2016-10-08 21:00:00,27.334
2016-10-08 22:00:00,26.895
2016-10-08 23:00:00,26.455
2016-10-09 00:00:00,25.576
2016-10-09 01:00:00,24.4775
2016-10-09 02:00:00,23.5985
2016-10-09 03:00:00,23.159
2016-10-09 04:00:00,23.159
2016-10-09 05:00:00,22.939
2016-10-09 06:00:00,22.2805
2016-10-09 07:00:00,21.4015
2016-10-09 08:00:00,22.5
2016-10-09 09:00:00,25.137
2016-10-09 10:00:00,27.5535
2016-10-09 11:00:00,29.3115
2016-10-09 12:00:00,30.4105
2016-10-09 13:00:00,31.948
2016-10-09 14:00:00,32.6075
2016-10-09 15:00:00,31.7285
2016-10-09 16:00:00,30.4105
2016-10-09 17:00:00,29.5315
2016-10-09 18:00:00,28.4325
2016-10-09 19:00:00,26.895
2016-10-09 20:00:00,26.016
2016-10-09 21:00:00,25.576
2016-10-09 22:00:00,24.917
2016-10-09 23:00:00,24.4775
2016-10-10 00:00:00,24.4775
2016-10-10 01:00:00,24.038
2016-10-10 02:00:00,23.5985
2016-10-10 03:00:00,23.379
2016-10-10 04:00:00,22.939
2016-10-10 05:00:00,22.061
2016-10-10 06:00:00,21.621
2016-10-10 07:00:00,21.841
2016-10-10 08:00:00,23.159
2016-10-10 09:00:00,25.576
2016-10-10 10:00:00,28.652
2016-10-10 11:00:00,29.531
2016-10-10 12:00:00,30.63
2016-10-10 13:00:00,30.4105
2016-10-10 14:00:00,31.9485
2016-10-10 15:00:00,33.4865
2016-10-10 16:00:00,32.168
2016-10-10 17:00:00,31.0695
2016-10-10 18:00:00,29.751
2016-10-10 19:00:00,29.092
2016-10-10 20:00:00,28.652
2016-10-10 21:00:00,27.993
2016-10-10 22:00:00,27.5535
2016-10-10 23:00:00,27.1145
2016-10-11 00:00:00,26.675
2016-10-11 01:00:00,26.675
2016-10-11 02:00:00,26.2355
2016-10-11 03:00:00,26.2355
2016-10-11 04:00:00,26.2355
2016-10-11 05:00:00,25.796
2016-10-11 06:00:00,25.576
2016-10-11 07:00:00,25.3565
2016-10-11 08:00:00,25.796
2016-10-11 09:00:00,26.2355
2016-10-11 10:00:00,27.1145
2016-10-11 11:00:00,27.7735
2016-10-11 12:00:00,28.2125
2016-10-11 13:00:00,28.4325
2016-10-11 14:00:00,28.4325
2016-10-11 15:00:00,28.4325
2016-10-11 16:00:00,28.213
2016-10-11 17:00:00,27.773
2016-10-11 18:00:00,27.773
2016-10-11 19:00:00,27.334
2016-10-11 20:00:00,27.334
2016-10-11 21:00:00,26.895
2016-10-11 22:00:00,26.455
2016-10-11 23:00:00,26.455
2016-10-12 00:00:00,25.3565
2016-10-12 01:00:00,23.159
2016-10-12 02:00:00,22.7195
2016-10-12 03:00:00,22.939
2016-10-12 04:00:00,22.7195
2016-10-12 05:00:00,22.5
2016-10-12 06:00:00,21.841
2016-10-12 07:00:00,22.061
2016-10-12 08:00:00,22.7195
2016-10-12 09:00:00,23.5985
2016-10-12 10:00:00,25.137
2016-10-12 11:00:00,25.576
2016-10-12 12:00:00,26.016
2016-10-12 13:00:00,27.1145
2016-10-12 14:00:00,27.993
2016-10-12 15:00:00,28.4325
2016-10-12 16:00:00,28.4325
2016-10-12 17:00:00,28.4325
2016-10-12 18:00:00,27.993
2016-10-12 19:00:00,27.5535
2016-10-12 20:00:00,27.1145
2016-10-12 21:00:00,26.895
2016-10-12 22:00:00,26.675
2016-10-12 23:00:00,26.455
2016-10-13 00:00:00,26.455
2016-10-13 01:00:00,26.2355
2016-10-13 02:00:00,26.2355
2016-10-13 03:00:00,26.2355
2016-10-13 04:00:00,26.2355
2016-10-13 05:00:00,25.576
2016-10-13 06:00:00,25.576
2016-10-13 07:00:00,25.576
2016-10-13 08:00:00,25.3565
2016-10-13 09:00:00,26.016
2016-10-13 10:00:00,26.2355
2016-10-13 11:00:00,26.675
2016-10-13 12:00:00,27.1145
2016-10-13 13:00:00,27.334
2016-10-13 14:00:00,27.334
2016-10-13 15:00:00,27.334
2016-10-13 16:00:00,27.1145
2016-10-13 17:00:00,27.1145
2016-10-13 18:00:00,26.895
2016-10-13 19:00:00,26.675
2016-10-13 20:00:00,25.576
2016-10-13 21:00:00,24.258
2016-10-13 22:00:00,24.258
2016-10-13 23:00:00,24.4775
2016-10-14 00:00:00,24.4775
2016-10-14 01:00:00,24.4775
2016-10-14 02:00:00,24.4775
2016-10-14 03:00:00,24.258
2016-10-14 04:00:00,22.7195
2016-10-14 05:00:00,22.2805
2016-10-14 06:00:00,22.061
2016-10-14 07:00:00,21.841
2016-10-14 08:00:00,22.7195
2016-10-14 09:00:00,22.939
2016-10-14 10:00:00,23.379
2016-10-14 11:00:00,23.818
2016-10-14 12:00:00,23.5985
2016-10-14 13:00:00,23.818
2016-10-14 14:00:00,24.4775
2016-10-14 15:00:00,24.258
2016-10-14 16:00:00,24.4775
2016-10-14 17:00:00,25.3565
2016-10-14 18:00:00,25.796
2016-10-14 19:00:00,26.2355
2016-10-14 20:00:00,26.2355
2016-10-14 21:00:00,26.2355
2016-10-14 22:00:00,26.016
2016-10-14 23:00:00,25.576
2016-10-15 00:00:00,25.576
2016-10-15 01:00:00,24.697
2016-10-15 02:00:00,24.4775
2016-10-15 03:00:00,23.818
2016-10-15 04:00:00,23.818
2016-10-15 05:00:00,23.5985
2016-10-15 06:00:00,23.5985
2016-10-15 07:00:00,23.5985
2016-10-15 08:00:00,23.159
2016-10-15 09:00:00,23.379
2016-10-15 10:00:00,24.697
2016-10-15 11:00:00,26.2355
2016-10-15 12:00:00,27.5535
2016-10-15 13:00:00,28.4325
2016-10-15 14:00:00,28.652
2016-10-15 15:00:00,29.3115
2016-10-15 16:00:00,29.531
2016-10-15 17:00:00,29.531
2016-10-15 18:00:00,29.531
2016-10-15 19:00:00,29.531
2016-10-15 20:00:00,29.3115
2016-10-15 21:00:00,28.872
2016-10-15 22:00:00,28.6525
2016-10-15 23:00:00,28.872
2016-10-16 00:00:00,29.092
2016-10-16 01:00:00,28.872
2016-10-16 02:00:00,28.872
2016-10-16 03:00:00,28.4325
2016-10-16 04:00:00,28.213
2016-10-16 05:00:00,28.213
2016-10-16 06:00:00,27.993
2016-10-16 07:00:00,27.773
2016-10-16 08:00:00,27.993
2016-10-16 09:00:00,28.4325
2016-10-16 10:00:00,29.531
2016-10-16 11:00:00,30.8495
2016-10-16 12:00:00,31.509
2016-10-16 13:00:00,31.9485
2016-10-16 14:00:00,31.9485
2016-10-16 15:00:00,32.6075
2016-10-16 16:00:00,32.168
2016-10-16 17:00:00,31.2895
2016-10-16 18:00:00,30.63
2016-10-16 19:00:00,30.1905
2016-10-16 20:00:00,29.971
2016-10-16 21:00:00,29.531
2016-10-16 22:00:00,29.092
2016-10-16 23:00:00,29.092
2016-10-17 00:00:00,28.652
2016-10-17 01:00:00,28.213
2016-10-17 02:00:00,27.773
2016-10-17 03:00:00,26.895
2016-10-17 04:00:00,26.2355
2016-10-17 05:00:00,25.796
2016-10-17 06:00:00,25.796
2016-10-17 07:00:00,25.796
2016-10-17 08:00:00,26.2355
2016-10-17 09:00:00,28.4325
2016-10-17 10:00:00,29.3115
2016-10-17 11:00:00,30.1905
2016-10-17 12:00:00,31.948
2016-10-17 13:00:00,35.6835
2016-10-17 14:00:00,36.5625
2016-10-17 15:00:00,35.2445
2016-10-17 16:00:00,33.706
2016-10-17 17:00:00,32.3875
2016-10-17 18:00:00,31.509
2016-10-17 19:00:00,30.85
2016-10-17 20:00:00,29.971
2016-10-17 21:00:00,29.531
2016-10-17 22:00:00,29.092
2016-10-17 23:00:00,28.872
2016-10-18 00:00:00,28.652
2016-10-18 01:00:00,28.652
2016-10-18 02:00:00,27.993
2016-10-18 03:00:00,27.993
2016-10-18 04:00:00,27.993
2016-10-18 05:00:00,27.773
2016-10-18 06:00:00,27.773
2016-10-18 07:00:00,27.5535
2016-10-18 08:00:00,27.5535
2016-10-18 09:00:00,28.4325
2016-10-18 10:00:00,29.3115
2016-10-18 11:00:00,30.8495
2016-10-18 12:00:00,32.6075
2016-10-18 13:00:00,33.706
2016-10-18 14:00:00,33.2665
2016-10-18 15:00:00,33.2665
2016-10-18 16:00:00,33.0465
2016-10-18 17:00:00,32.607
2016-10-18 18:00:00,32.168
2016-10-18 19:00:00,31.9485
2016-10-18 20:00:00,31.509
2016-10-18 21:00:00,31.0695
2016-10-18 22:00:00,30.85
2016-10-18 23:00:00,30.63
2016-10-19 00:00:00,30.41
2016-10-19 01:00:00,30.41
2016-10-19 02:00:00,29.751
2016-10-19 03:00:00,29.531
2016-10-19 04:00:00,29.3115
2016-10-19 05:00:00,29.3115
2016-10-19 06:00:00,29.092
2016-10-19 07:00:00,28.872
2016-10-19 08:00:00,29.3115
2016-10-19 09:00:00,29.751
2016-10-19 10:00:00,30.63
2016-10-19 11:00:00,31.0695
2016-10-19 12:00:00,31.509
2016-10-19 13:00:00,31.509
2016-10-19 14:00:00,31.509
2016-10-19 15:00:00,31.509
2016-10-19 16:00:00,31.289
2016-10-19 17:00:00,31.0695
2016-10-19 18:00:00,30.63
2016-10-19 19:00:00,30.41
2016-10-19 20:00:00,30.1905
2016-10-19 21:00:00,29.971
2016-10-19 22:00:00,29.971
2016-10-19 23:00:00,29.971
2016-10-20 00:00:00,29.751
2016-10-20 01:00:00,29.751
2016-10-20 02:00:00,29.3115
2016-10-20 03:00:00,28.4325
2016-10-20 04:00:00,27.1145
2016-10-20 05:00:00,26.4555
2016-10-20 06:00:00,25.796
2016-10-20 07:00:00,25.796
2016-10-20 08:00:00,26.455
2016-10-20 09:00:00,27.334
2016-10-20 10:00:00,28.213
2016-10-20 11:00:00,27.5535
2016-10-20 12:00:00,27.334
2016-10-20 13:00:00,26.895
2016-10-20 14:00:00,26.675
2016-10-20 15:00:00,26.4555
2016-10-20 16:00:00,25.796
2016-10-20 17:00:00,25.5765
2016-10-20 18:00:00,25.3565
2016-10-20 19:00:00,25.1365
2016-10-20 20:00:00,25.5765
2016-10-20 21:00:00,26.2355
2016-10-20 22:00:00,27.334
2016-10-20 23:00:00,27.773
2016-10-21 00:00:00,27.993
2016-10-21 01:00:00,28.213
2016-10-21 02:00:00,27.993
2016-10-21 03:00:00,26.675
2016-10-21 04:00:00,26.675
2016-10-21 05:00:00,26.2355
2016-10-21 06:00:00,26.455
2016-10-21 07:00:00,26.675
2016-10-21 08:00:00,27.1145
2016-10-21 09:00:00,27.5535
2016-10-21 10:00:00,27.993
2016-10-21 11:00:00,26.675
2016-10-21 12:00:00,26.4555
2016-10-21 13:00:00,26.675
2016-10-21 14:00:00,27.773
2016-10-21 15:00:00,28.652
2016-10-21 16:00:00,28.652
2016-10-21 17:00:00,27.7735
2016-10-21 18:00:00,28.4325
2016-10-21 19:00:00,29.3115
2016-10-21 20:00:00,29.751
2016-10-21 21:00:00,28.4325
2016-10-21 22:00:00,28.4325
2016-10-21 23:00:00,28.4325
2016-10-22 00:00:00,27.773
2016-10-22 01:00:00,27.334
2016-10-22 02:00:00,26.895
2016-10-22 03:00:00,26.675
2016-10-22 04:00:00,26.675
2016-10-22 05:00:00,26.4555
2016-10-22 06:00:00,26.675
2016-10-22 07:00:00,26.455
2016-10-22 08:00:00,26.2355
2016-10-22 09:00:00,26.0155
2016-10-22 10:00:00,25.796
2016-10-22 11:00:00,25.796
2016-10-22 12:00:00,24.917
2016-10-22 13:00:00,24.917
2016-10-22 14:00:00,24.2575
2016-10-22 15:00:00,23.8185
2016-10-22 16:00:00,24.038
2016-10-22 17:00:00,24.258
2016-10-22 18:00:00,25.137
2016-10-22 19:00:00,26.016
2016-10-22 20:00:00,26.675
2016-10-22 21:00:00,26.675
2016-10-22 22:00:00,26.675
2016-10-22 23:00:00,25.3565
2016-10-23 00:00:00,25.3565
2016-10-23 01:00:00,25.796
2016-10-23 02:00:00,25.796
2016-10-23 03:00:00,25.3565
2016-10-23 04:00:00,24.917
2016-10-23 05:00:00,24.4775
2016-10-23 06:00:00,24.258
2016-10-23 07:00:00,24.258
2016-10-23 08:00:00,24.258
2016-10-23 09:00:00,24.258
2016-10-23 10:00:00,24.4775
2016-10-23 11:00:00,25.137
2016-10-23 12:00:00,25.576
2016-10-23 13:00:00,25.137
2016-10-23 14:00:00,26.016
2016-10-23 15:00:00,26.2355
2016-10-23 16:00:00,25.796
2016-10-23 17:00:00,25.137
2016-10-23 18:00:00,24.917
2016-10-23 19:00:00,24.697
2016-10-23 20:00:00,24.258
2016-10-23 21:00:00,24.258
2016-10-23 22:00:00,24.038
2016-10-23 23:00:00,23.818
2016-10-24 00:00:00,23.818
2016-10-24 01:00:00,23.818
2016-10-24 02:00:00,23.818
2016-10-24 03:00:00,24.258
2016-10-24 04:00:00,24.4775
2016-10-24 05:00:00,24.4775
2016-10-24 06:00:00,24.917
2016-10-24 07:00:00,24.917
2016-10-24 08:00:00,25.3565
2016-10-24 09:00:00,25.796
2016-10-24 10:00:00,26.675
2016-10-24 11:00:00,27.1145
2016-10-24 12:00:00,28.4325
2016-10-24 13:00:00,29.092
2016-10-24 14:00:00,30.1905
2016-10-24 15:00:00,30.41
2016-10-24 16:00:00,29.751
2016-10-24 17:00:00,29.0915
2016-10-24 18:00:00,28.4325
2016-10-24 19:00:00,27.993
2016-10-24 20:00:00,27.5535
2016-10-24 21:00:00,27.334
2016-10-24 22:00:00,26.895
2016-10-24 23:00:00,26.675
2016-10-25 00:00:00,26.2355
2016-10-25 01:00:00,25.1365
2016-10-25 02:00:00,24.038
2016-10-25 03:00:00,23.159
2016-10-25 04:00:00,23.3785
2016-10-25 05:00:00,23.3785
2016-10-25 06:00:00,22.72
2016-10-25 07:00:00,22.72
2016-10-25 08:00:00,22.9395
2016-10-25 09:00:00,23.3785
2016-10-25 10:00:00,23.5985
2016-10-25 11:00:00,23.5985
2016-10-25 12:00:00,23.5985
2016-10-25 13:00:00,23.5985
2016-10-25 14:00:00,23.5985
2016-10-25 15:00:00,23.5985
2016-10-25 16:00:00,23.5985
2016-10-25 17:00:00,23.5985
2016-10-25 18:00:00,23.5985
2016-10-25 19:00:00,23.5985
2016-10-25 20:00:00,23.5985
2016-10-25 21:00:00,23.5985
2016-10-25 22:00:00,22.5
2016-10-25 23:00:00,22.5
2016-10-26 00:00:00,22.2805
2016-10-26 01:00:00,22.061
2016-10-26 02:00:00,21.1815
2016-10-26 03:00:00,20.962
2016-10-26 04:00:00,20.5225
2016-10-26 05:00:00,20.3025
2016-10-26 06:00:00,19.8635
2016-10-26 07:00:00,19.8635
2016-10-26 08:00:00,20.083
2016-10-26 09:00:00,20.083
2016-10-26 10:00:00,19.6435
2016-10-26 11:00:00,19.6435
2016-10-26 12:00:00,19.8635
2016-10-26 13:00:00,20.5225
2016-10-26 14:00:00,21.1815
2016-10-26 15:00:00,21.6215
2016-10-26 16:00:00,21.841
2016-10-26 17:00:00,22.0605
2016-10-26 18:00:00,21.841
2016-10-26 19:00:00,21.841
2016-10-26 20:00:00,21.1815
2016-10-26 21:00:00,20.7425
2016-10-26 22:00:00,20.7425
2016-10-26 23:00:00,20.962
2016-10-27 00:00:00,20.3025
2016-10-27 01:00:00,19.6435
2016-10-27 02:00:00,19.204
2016-10-27 03:00:00,18.7645
2016-10-27 04:00:00,19.204
2016-10-27 05:00:00,19.863
2016-10-27 06:00:00,20.083
2016-10-27 07:00:00,20.303
2016-10-27 08:00:00,20.5225
2016-10-27 09:00:00,19.4235
2016-10-27 10:00:00,18.9845
2016-10-27 11:00:00,18.9845
2016-10-27 12:00:00,19.4235
2016-10-27 13:00:00,19.6435
2016-10-27 14:00:00,20.3025
2016-10-27 15:00:00,21.4015
2016-10-27 16:00:00,22.2805
2016-10-27 17:00:00,22.939
2016-10-27 18:00:00,23.818
2016-10-27 19:00:00,24.038
2016-10-27 20:00:00,24.258
2016-10-27 21:00:00,24.4775
2016-10-27 22:00:00,24.6975
2016-10-27 23:00:00,24.917
2016-10-28 00:00:00,25.1365
2016-10-28 01:00:00,25.1365
2016-10-28 02:00:00,24.2575
2016-10-28 03:00:00,23.3785
2016-10-28 04:00:00,23.3785
2016-10-28 05:00:00,22.28
2016-10-28 06:00:00,21.841
2016-10-28 07:00:00,21.621
2016-10-28 08:00:00,21.182
2016-10-28 09:00:00,20.742
2016-10-28 10:00:00,19.863
2016-10-28 11:00:00,19.6435
2016-10-28 12:00:00,18.984
2016-10-28 13:00:00,18.7645
2016-10-28 14:00:00,18.545
2016-10-28 15:00:00,18.325
2016-10-28 16:00:00,18.325
2016-10-28 17:00:00,18.984
2016-10-28 18:00:00,19.424
2016-10-28 19:00:00,19.863
2016-10-28 20:00:00,19.863
2016-10-28 21:00:00,19.424
2016-10-28 22:00:00,18.545
2016-10-28 23:00:00,18.105
2016-10-29 00:00:00,17.666
2016-10-29 01:00:00,17.666
2016-10-29 02:00:00,17.227
2016-10-29 03:00:00,16.787
2016-10-29 04:00:00,16.5675
2016-10-29 05:00:00,15.908
2016-10-29 06:00:00,15.249
2016-10-29 07:00:00,15.029
2016-10-29 08:00:00,14.8095
2016-10-29 09:00:00,14.59
2016-10-29 10:00:00,15.0295
2016-10-29 11:00:00,15.6885
2016-10-29 12:00:00,16.787
2016-10-29 13:00:00,17.666
2016-10-29 14:00:00,18.105
2016-10-29 15:00:00,17.666
2016-10-29 16:00:00,17.227
2016-10-29 17:00:00,17.227
2016-10-29 18:00:00,17.227
2016-10-29 19:00:00,17.4465
2016-10-29 20:00:00,17.666
2016-10-29 21:00:00,17.666
2016-10-29 22:00:00,17.666
2016-10-29 23:00:00,17.666
2016-10-30 00:00:00,17.4465
2016-10-30 01:00:00,17.4465
2016-10-30 02:00:00,17.227
2016-10-30 03:00:00,17.007
2016-10-30 04:00:00,16.787
2016-10-30 05:00:00,16.5675
2016-10-30 06:00:00,16.348
2016-10-30 07:00:00,16.128
2016-10-30 08:00:00,16.348
2016-10-30 09:00:00,18.105
2016-10-30 10:00:00,20.742
2016-10-30 11:00:00,22.5
2016-10-30 12:00:00,24.4775
2016-10-30 13:00:00,26.2355
2016-10-30 14:00:00,26.2355
2016-10-30 15:00:00,26.455
2016-10-30 16:00:00,25.576
2016-10-30 17:00:00,24.4775
2016-10-30 18:00:00,24.038
2016-10-30 19:00:00,22.5
2016-10-30 20:00:00,21.4015
2016-10-30 21:00:00,20.5225
2016-10-30 22:00:00,20.083
2016-10-30 23:00:00,20.083
2016-10-31 00:00:00,19.6435
2016-10-31 01:00:00,19.6435
2016-10-31 02:00:00,19.6435
2016-10-31 03:00:00,19.6435
2016-10-31 04:00:00,19.6435
2016-10-31 05:00:00,19.6435
2016-10-31 06:00:00,19.6435
2016-10-31 07:00:00,19.6435
2016-10-31 08:00:00,19.6435
2016-10-31 09:00:00,19.6435
2016-10-31 10:00:00,19.6435
2016-10-31 11:00:00,19.6435
2016-10-31 12:00:00,19.6435
2016-10-31 13:00:00,19.6435
2016-10-31 14:00:00,19.6435
2016-10-31 15:00:00,19.6435
2016-10-31 16:00:00,19.6435
2016-10-31 17:00:00,19.6435
2016-10-31 18:00:00,19.6435
2016-10-31 19:00:00,19.6435
2016-10-31 20:00:00,19.6435
2016-10-31 21:00:00,19.6435
2016-10-31 22:00:00,19.6435
2016-10-31 23:00:00,19.6435
2016-11-01 00:00:00,18.105
2016-11-01 01:00:00,18.105
2016-11-01 02:00:00,17.666
2016-11-01 03:00:00,17.227
2016-11-01 04:00:00,17.007
2016-11-01 05:00:00,16.787
2016-11-01 06:00:00,16.348
2016-11-01 07:00:00,16.128
2016-11-01 08:00:00,16.348
2016-11-01 09:00:00,17.007
2016-11-01 10:00:00,17.4465
2016-11-01 11:00:00,17.8855
2016-11-01 12:00:00,18.5445
2016-11-01 13:00:00,19.6435
2016-11-01 14:00:00,21.182
2016-11-01 15:00:00,22.5
2016-11-01 16:00:00,23.379
2016-11-01 17:00:00,22.2805
2016-11-01 18:00:00,20.303
2016-11-01 19:00:00,18.105
2016-11-01 20:00:00,17.007
2016-11-01 21:00:00,17.007
2016-11-01 22:00:00,17.007
2016-11-01 23:00:00,17.007
2016-11-02 00:00:00,16.787
2016-11-02 01:00:00,16.787
2016-11-02 02:00:00,16.787
2016-11-02 03:00:00,16.5675
2016-11-02 04:00:00,16.5675
2016-11-02 05:00:00,16.5675
2016-11-02 06:00:00,16.3475
2016-11-02 07:00:00,16.128
2016-11-02 08:00:00,16.128
2016-11-02 09:00:00,16.5675
2016-11-02 10:00:00,19.6435
2016-11-02 11:00:00,23.8185
2016-11-02 12:00:00,26.2355
2016-11-02 13:00:00,28.872
2016-11-02 14:00:00,30.63
2016-11-02 15:00:00,30.41
2016-11-02 16:00:00,28.433
2016-11-02 17:00:00,25.7955
2016-11-02 18:00:00,23.1595
2016-11-02 19:00:00,20.083
2016-11-02 20:00:00,18.1055
2016-11-02 21:00:00,16.787
2016-11-02 22:00:00,16.128
2016-11-02 23:00:00,15.4685
2016-11-03 00:00:00,15.0295
2016-11-03 01:00:00,14.59
2016-11-03 02:00:00,13.711
2016-11-03 03:00:00,13.2715
2016-11-03 04:00:00,13.2715
2016-11-03 05:00:00,12.832
2016-11-03 06:00:00,12.3925
2016-11-03 07:00:00,12.3925
2016-11-03 08:00:00,13.2715
2016-11-03 09:00:00,16.348
2016-11-03 10:00:00,20.3025
2016-11-03 11:00:00,24.917
2016-11-03 12:00:00,27.114
2016-11-03 13:00:00,29.092
2016-11-03 14:00:00,30.1905
2016-11-03 15:00:00,30.41
2016-11-03 16:00:00,29.0915
2016-11-03 17:00:00,27.1145
2016-11-03 18:00:00,24.6975
2016-11-03 19:00:00,22.0605
2016-11-03 20:00:00,19.424
2016-11-03 21:00:00,17.4465
2016-11-03 22:00:00,16.3475
2016-11-03 23:00:00,15.9085
2016-11-04 00:00:00,15.4685
2016-11-04 01:00:00,15.4685
2016-11-04 02:00:00,15.4685
2016-11-04 03:00:00,15.249
2016-11-04 04:00:00,14.8095
2016-11-04 05:00:00,14.59
2016-11-04 06:00:00,14.59
2016-11-04 07:00:00,14.3705
2016-11-04 08:00:00,15.4685
2016-11-04 09:00:00,18.3255
2016-11-04 10:00:00,21.4015
2016-11-04 11:00:00,25.3565
2016-11-04 12:00:00,27.554
2016-11-04 13:00:00,30.19
2016-11-04 14:00:00,32.168
2016-11-04 15:00:00,32.827
2016-11-04 16:00:00,31.7285
2016-11-04 17:00:00,29.9705
2016-11-04 18:00:00,27.5535
2016-11-04 19:00:00,24.917
2016-11-04 20:00:00,22.7195
2016-11-04 21:00:00,21.8405
2016-11-04 22:00:00,21.1815
2016-11-04 23:00:00,20.5225
2016-11-05 00:00:00,20.083
2016-11-05 01:00:00,19.424
2016-11-05 02:00:00,18.7645
2016-11-05 03:00:00,18.3255
2016-11-05 04:00:00,17.666
2016-11-05 05:00:00,17.2265
2016-11-05 06:00:00,16.787
2016-11-05 07:00:00,16.3475
2016-11-05 08:00:00,17.446
2016-11-05 09:00:00,20.962
2016-11-05 10:00:00,24.6975
2016-11-05 11:00:00,28.213
2016-11-05 12:00:00,30.63
2016-11-05 13:00:00,33.4865
2016-11-05 14:00:00,35.6835
2016-11-05 15:00:00,36.3425
2016-11-05 16:00:00,35.244
2016-11-05 17:00:00,33.047
2016-11-05 18:00:00,30.1905
2016-11-05 19:00:00,27.1145
2016-11-05 20:00:00,24.917
2016-11-05 21:00:00,23.5985
2016-11-05 22:00:00,22.5
2016-11-05 23:00:00,21.8405
2016-11-06 00:00:00,21.1815
2016-11-06 01:00:00,20.5225
2016-11-06 02:00:00,19.8635
2016-11-06 03:00:00,19.424
2016-11-06 04:00:00,18.9845
2016-11-06 05:00:00,18.545
2016-11-06 06:00:00,18.1055
2016-11-06 07:00:00,17.666
2016-11-06 08:00:00,18.545
2016-11-06 09:00:00,22.2805
2016-11-06 10:00:00,26.235
2016-11-06 11:00:00,29.751
2016-11-06 12:00:00,32.168
2016-11-06 13:00:00,34.3655
2016-11-06 14:00:00,35.6835
2016-11-06 15:00:00,35.4635
2016-11-06 16:00:00,33.926
2016-11-06 17:00:00,32.168
2016-11-06 18:00:00,30.1905
2016-11-06 19:00:00,28.6525
2016-11-06 20:00:00,27.334
2016-11-06 21:00:00,26.455
2016-11-06 22:00:00,25.576
2016-11-06 23:00:00,25.3565
2016-11-07 00:00:00,24.6975
2016-11-07 01:00:00,24.6975
2016-11-07 02:00:00,24.2575
2016-11-07 03:00:00,24.038
2016-11-07 04:00:00,24.038
2016-11-07 05:00:00,24.038
2016-11-07 06:00:00,24.2575
2016-11-07 07:00:00,24.6975
2016-11-07 08:00:00,25.1365
2016-11-07 09:00:00,25.3565
2016-11-07 10:00:00,25.3565
2016-11-07 11:00:00,25.576
2016-11-07 12:00:00,25.3565
2016-11-07 13:00:00,23.8185
2016-11-07 14:00:00,23.1595
2016-11-07 15:00:00,22.7195
2016-11-07 16:00:00,22.2805
2016-11-07 17:00:00,21.4015
2016-11-07 18:00:00,20.5225
2016-11-07 19:00:00,20.083
2016-11-07 20:00:00,19.6435
2016-11-07 21:00:00,19.6435
2016-11-07 22:00:00,19.2045
2016-11-07 23:00:00,18.7645
2016-11-08 00:00:00,18.3255
2016-11-08 01:00:00,17.8855
2016-11-08 02:00:00,17.0065
2016-11-08 03:00:00,16.5675
2016-11-08 04:00:00,16.3475
2016-11-08 05:00:00,15.6885
2016-11-08 06:00:00,15.249
2016-11-08 07:00:00,15.0295
2016-11-08 08:00:00,15.249
2016-11-08 09:00:00,15.469
2016-11-08 10:00:00,16.128
2016-11-08 11:00:00,17.446
2016-11-08 12:00:00,18.545
2016-11-08 13:00:00,18.9845
2016-11-08 14:00:00,19.6435
2016-11-08 15:00:00,19.2045
2016-11-08 16:00:00,18.7645
2016-11-08 17:00:00,18.1055
2016-11-08 18:00:00,17.8855
2016-11-08 19:00:00,17.666
2016-11-08 20:00:00,17.4465
2016-11-08 21:00:00,17.2265
2016-11-08 22:00:00,17.0065
2016-11-08 23:00:00,16.787
2016-11-09 00:00:00,16.3475
2016-11-09 01:00:00,15.9085
2016-11-09 02:00:00,15.4685
2016-11-09 03:00:00,15.249
2016-11-09 04:00:00,15.249
2016-11-09 05:00:00,15.249
2016-11-09 06:00:00,15.0295
2016-11-09 07:00:00,14.8095
2016-11-09 08:00:00,14.8095
2016-11-09 09:00:00,15.9085
2016-11-09 10:00:00,17.2265
2016-11-09 11:00:00,19.6435
2016-11-09 12:00:00,20.742
2016-11-09 13:00:00,20.083
2016-11-09 14:00:00,20.083
2016-11-09 15:00:00,19.8635
2016-11-09 16:00:00,19.424
2016-11-09 17:00:00,19.204
2016-11-09 18:00:00,18.9845
2016-11-09 19:00:00,18.9845
2016-11-09 20:00:00,18.9845
2016-11-09 21:00:00,18.3255
2016-11-09 22:00:00,17.666
2016-11-09 23:00:00,17.666
2016-11-10 00:00:00,17.4465
2016-11-10 01:00:00,17.2265
2016-11-10 02:00:00,16.787
2016-11-10 03:00:00,16.3475
2016-11-10 04:00:00,16.3475
2016-11-10 05:00:00,16.3475
2016-11-10 06:00:00,16.128
2016-11-10 07:00:00,15.4685
2016-11-10 08:00:00,15.0295
2016-11-10 09:00:00,15.249
2016-11-10 10:00:00,15.6885
2016-11-10 11:00:00,16.5675
2016-11-10 12:00:00,17.8855
2016-11-10 13:00:00,20.083
2016-11-10 14:00:00,21.4015
2016-11-10 15:00:00,21.841
2016-11-10 16:00:00,21.401
2016-11-10 17:00:00,19.8635
2016-11-10 18:00:00,18.7645
2016-11-10 19:00:00,17.8855
2016-11-10 20:00:00,17.2265
2016-11-10 21:00:00,17.0065
2016-11-10 22:00:00,17.0065
2016-11-10 23:00:00,16.5675
2016-11-11 00:00:00,16.5675
2016-11-11 01:00:00,16.5675
2016-11-11 02:00:00,16.3475
2016-11-11 03:00:00,16.128
2016-11-11 04:00:00,15.6885
2016-11-11 05:00:00,15.6885
2016-11-11 06:00:00,15.249
2016-11-11 07:00:00,15.0295
2016-11-11 08:00:00,15.249
2016-11-11 09:00:00,18.1055
2016-11-11 10:00:00,20.7425
2016-11-11 11:00:00,24.258
2016-11-11 12:00:00,26.235
2016-11-11 13:00:00,28.872
2016-11-11 14:00:00,29.9705
2016-11-11 15:00:00,29.751
2016-11-11 16:00:00,27.993
2016-11-11 17:00:00,25.7955
2016-11-11 18:00:00,23.379
2016-11-11 19:00:00,22.0605
2016-11-11 20:00:00,21.1815
2016-11-11 21:00:00,20.5225
2016-11-11 22:00:00,19.8635
2016-11-11 23:00:00,19.424
2016-11-12 00:00:00,19.424
2016-11-12 01:00:00,19.6435
2016-11-12 02:00:00,19.6435
2016-11-12 03:00:00,19.2045
2016-11-12 04:00:00,18.9845
2016-11-12 05:00:00,18.7645
2016-11-12 06:00:00,18.545
2016-11-12 07:00:00,18.545
2016-11-12 08:00:00,18.7645
2016-11-12 09:00:00,19.863
2016-11-12 10:00:00,20.962
2016-11-12 11:00:00,21.8405
2016-11-12 12:00:00,23.1595
2016-11-12 13:00:00,25.796
2016-11-12 14:00:00,28.433
2016-11-12 15:00:00,28.213
2016-11-12 16:00:00,27.1145
2016-11-12 17:00:00,26.2355
2016-11-12 18:00:00,25.7955
2016-11-12 19:00:00,24.917
2016-11-12 20:00:00,24.2575
2016-11-12 21:00:00,23.379
2016-11-12 22:00:00,22.5
2016-11-12 23:00:00,22.2805
2016-11-13 00:00:00,22.2805
2016-11-13 01:00:00,22.2805
2016-11-13 02:00:00,22.2805
2016-11-13 03:00:00,22.0605
2016-11-13 04:00:00,21.621
2016-11-13 05:00:00,21.621
2016-11-13 06:00:00,21.621
2016-11-13 07:00:00,21.8405
2016-11-13 08:00:00,22.0605
2016-11-13 09:00:00,22.2805
2016-11-13 10:00:00,23.8185
2016-11-13 11:00:00,26.0155
2016-11-13 12:00:00,27.993
2016-11-13 13:00:00,28.6525
2016-11-13 14:00:00,29.3115
2016-11-13 15:00:00,29.9705
2016-11-13 16:00:00,29.9705
2016-11-13 17:00:00,28.872
2016-11-13 18:00:00,27.7735
2016-11-13 19:00:00,27.1145
2016-11-13 20:00:00,26.6745
2016-11-13 21:00:00,26.2355
2016-11-13 22:00:00,26.0155
2016-11-13 23:00:00,25.576
2016-11-14 00:00:00,25.1365
2016-11-14 01:00:00,24.6975
2016-11-14 02:00:00,24.2575
2016-11-14 03:00:00,23.8185
2016-11-14 04:00:00,23.5985
2016-11-14 05:00:00,23.379
2016-11-14 06:00:00,23.379
2016-11-14 07:00:00,22.9395
2016-11-14 08:00:00,22.9395
2016-11-14 09:00:00,23.8185
2016-11-14 10:00:00,26.235
2016-11-14 11:00:00,28.6525
2016-11-14 12:00:00,31.7285
2016-11-14 13:00:00,33.2665
2016-11-14 14:00:00,33.4865
2016-11-14 15:00:00,32.388
2016-11-14 16:00:00,31.289
2016-11-14 17:00:00,30.41
2016-11-14 18:00:00,28.6525
2016-11-14 19:00:00,27.9935
2016-11-14 20:00:00,26.8945
2016-11-14 21:00:00,25.576
2016-11-14 22:00:00,24.6975
2016-11-14 23:00:00,24.4775
2016-11-15 00:00:00,24.2575
2016-11-15 01:00:00,24.038
2016-11-15 02:00:00,23.8185
2016-11-15 03:00:00,23.379
2016-11-15 04:00:00,23.1595
2016-11-15 05:00:00,22.9395
2016-11-15 06:00:00,22.2805
2016-11-15 07:00:00,22.0605
2016-11-15 08:00:00,22.0605
2016-11-15 09:00:00,22.5
2016-11-15 10:00:00,24.4775
2016-11-15 11:00:00,26.675
2016-11-15 12:00:00,28.213
2016-11-15 13:00:00,30.1905
2016-11-15 14:00:00,31.069
2016-11-15 15:00:00,30.41
2016-11-15 16:00:00,28.4325
2016-11-15 17:00:00,26.675
2016-11-15 18:00:00,25.356
2016-11-15 19:00:00,24.2575
2016-11-15 20:00:00,22.9395
2016-11-15 21:00:00,22.5
2016-11-15 22:00:00,21.621
2016-11-15 23:00:00,21.1815
2016-11-16 00:00:00,20.7425
2016-11-16 01:00:00,20.7425
2016-11-16 02:00:00,20.3025
2016-11-16 03:00:00,19.8635
2016-11-16 04:00:00,19.424
2016-11-16 05:00:00,19.424
2016-11-16 06:00:00,18.9845
2016-11-16 07:00:00,18.545
2016-11-16 08:00:00,18.765
2016-11-16 09:00:00,19.644
2016-11-16 10:00:00,21.841
2016-11-16 11:00:00,24.697
2016-11-16 12:00:00,25.576
2016-11-16 13:00:00,25.3565
2016-11-16 14:00:00,24.917
2016-11-16 15:00:00,24.4775
2016-11-16 16:00:00,24.4775
2016-11-16 17:00:00,24.6975
2016-11-16 18:00:00,24.4775
2016-11-16 19:00:00,24.2575
2016-11-16 20:00:00,24.2575
2016-11-16 21:00:00,22.5
2016-11-16 22:00:00,21.8405
2016-11-16 23:00:00,21.621
2016-11-17 00:00:00,21.621
2016-11-17 01:00:00,21.8405
2016-11-17 02:00:00,20.7425
2016-11-17 03:00:00,20.083
2016-11-17 04:00:00,19.6435
2016-11-17 05:00:00,19.424
2016-11-17 06:00:00,19.204
2016-11-17 07:00:00,19.204
2016-11-17 08:00:00,19.424
2016-11-17 09:00:00,20.3025
2016-11-17 10:00:00,20.7425
2016-11-17 11:00:00,21.621
2016-11-17 12:00:00,22.2805
2016-11-17 13:00:00,22.7195
2016-11-17 14:00:00,22.7195
2016-11-17 15:00:00,22.9395
2016-11-17 16:00:00,22.9395
2016-11-17 17:00:00,22.9395
2016-11-17 18:00:00,22.9395
2016-11-17 19:00:00,22.9395
2016-11-17 20:00:00,23.159
2016-11-17 21:00:00,23.379
2016-11-17 22:00:00,23.379
2016-11-17 23:00:00,23.379
2016-11-18 00:00:00,23.379
2016-11-18 01:00:00,23.379
2016-11-18 02:00:00,23.379
2016-11-18 03:00:00,23.379
2016-11-18 04:00:00,23.1595
2016-11-18 05:00:00,23.1595
2016-11-18 06:00:00,22.5
2016-11-18 07:00:00,21.401
2016-11-18 08:00:00,21.1815
2016-11-18 09:00:00,21.4015
2016-11-18 10:00:00,22.7195
2016-11-18 11:00:00,23.818
2016-11-18 12:00:00,24.4775
2016-11-18 13:00:00,24.917
2016-11-18 14:00:00,25.3565
2016-11-18 15:00:00,25.576
2016-11-18 16:00:00,25.576
2016-11-18 17:00:00,25.7955
2016-11-18 18:00:00,25.7955
2016-11-18 19:00:00,25.7955
2016-11-18 20:00:00,25.7955
2016-11-18 21:00:00,25.7955
2016-11-18 22:00:00,25.7955
2016-11-18 23:00:00,25.7955
2016-11-19 00:00:00,25.7955
2016-11-19 01:00:00,25.7955
2016-11-19 02:00:00,25.7955
2016-11-19 03:00:00,25.7955
2016-11-19 04:00:00,25.7955
2016-11-19 05:00:00,25.7955
2016-11-19 06:00:00,25.576
2016-11-19 07:00:00,25.576
2016-11-19 08:00:00,25.576
2016-11-19 09:00:00,25.576
2016-11-19 10:00:00,25.7955
2016-11-19 11:00:00,26.2355
2016-11-19 12:00:00,26.8945
2016-11-19 13:00:00,26.8945
2016-11-19 14:00:00,26.8945
2016-11-19 15:00:00,27.1145
2016-11-19 16:00:00,27.1145
2016-11-19 17:00:00,26.8945
2016-11-19 18:00:00,26.6745
2016-11-19 19:00:00,26.6745
2016-11-19 20:00:00,26.6745
2016-11-19 21:00:00,26.2355
2016-11-19 22:00:00,26.2355
2016-11-19 23:00:00,26.2355
2016-11-20 00:00:00,26.2355
2016-11-20 01:00:00,25.7955
2016-11-20 02:00:00,25.7955
2016-11-20 03:00:00,25.3565
2016-11-20 04:00:00,24.917
2016-11-20 05:00:00,24.4775
2016-11-20 06:00:00,24.2575
2016-11-20 07:00:00,24.038
2016-11-20 08:00:00,23.8185
2016-11-20 09:00:00,23.5985
2016-11-20 10:00:00,24.6975
2016-11-20 11:00:00,25.1365
2016-11-20 12:00:00,25.576
2016-11-20 13:00:00,25.576
2016-11-20 14:00:00,25.576
2016-11-20 15:00:00,25.3565
2016-11-20 16:00:00,25.1365
2016-11-20 17:00:00,24.6975
2016-11-20 18:00:00,24.6975
2016-11-20 19:00:00,24.038
2016-11-20 20:00:00,24.038
2016-11-20 21:00:00,24.038
2016-11-20 22:00:00,24.2575
2016-11-20 23:00:00,24.2575
2016-11-21 00:00:00,24.2575
2016-11-21 01:00:00,24.2575
2016-11-21 02:00:00,24.2575
2016-11-21 03:00:00,24.038
2016-11-21 04:00:00,24.038
2016-11-21 05:00:00,23.8185
2016-11-21 06:00:00,23.8185
2016-11-21 07:00:00,23.8185
2016-11-21 08:00:00,23.8185
2016-11-21 09:00:00,23.5985
2016-11-21 10:00:00,21.401
2016-11-21 11:00:00,21.1815
2016-11-21 12:00:00,22.7195
2016-11-21 13:00:00,25.1365
2016-11-21 14:00:00,26.455
2016-11-21 15:00:00,26.455
2016-11-21 16:00:00,26.2355
2016-11-21 17:00:00,25.3565
2016-11-21 18:00:00,24.917
2016-11-21 19:00:00,24.038
2016-11-21 20:00:00,24.038
2016-11-21 21:00:00,24.038
2016-11-21 22:00:00,24.038
2016-11-21 23:00:00,23.5985
2016-11-22 00:00:00,23.5985
2016-11-22 01:00:00,23.1595
2016-11-22 02:00:00,22.7195
2016-11-22 03:00:00,20.962
2016-11-22 04:00:00,19.2045
2016-11-22 05:00:00,17.8855
2016-11-22 06:00:00,16.128
2016-11-22 07:00:00,14.8095
2016-11-22 08:00:00,13.9305
2016-11-22 09:00:00,13.0515
2016-11-22 10:00:00,12.832
2016-11-22 11:00:00,11.7335
2016-11-22 12:00:00,11.294
2016-11-22 13:00:00,10.6345
2016-11-22 14:00:00,10.415
2016-11-22 15:00:00,10.1955
2016-11-22 16:00:00,9.9755
2016-11-22 17:00:00,9.5365
2016-11-22 18:00:00,9.3165
2016-11-22 19:00:00,8.877
2016-11-22 20:00:00,8.4375
2016-11-22 21:00:00,7.998
2016-11-22 22:00:00,7.7785
2016-11-22 23:00:00,7.5585
2016-11-23 00:00:00,6.899
2016-11-23 01:00:00,6.2405
2016-11-23 02:00:00,6.2405
2016-11-23 03:00:00,6.2405
2016-11-23 04:00:00,5.3615
2016-11-23 05:00:00,5.3615
2016-11-23 06:00:00,5.142
2016-11-23 07:00:00,4.922
2016-11-23 08:00:00,4.922
2016-11-23 09:00:00,5.3615
2016-11-23 10:00:00,5.581
2016-11-23 11:00:00,5.581
2016-11-23 12:00:00,5.581
2016-11-23 13:00:00,5.581
2016-11-23 14:00:00,5.8005
2016-11-23 15:00:00,5.8005
2016-11-23 16:00:00,5.581
2016-11-23 17:00:00,5.801
2016-11-23 18:00:00,6.0205
2016-11-23 19:00:00,6.46
2016-11-23 20:00:00,6.46
2016-11-23 21:00:00,6.899
2016-11-23 22:00:00,6.899
2016-11-23 23:00:00,6.899
2016-11-24 00:00:00,6.6795
2016-11-24 01:00:00,6.2405
2016-11-24 02:00:00,5.8005
2016-11-24 03:00:00,5.3615
2016-11-24 04:00:00,4.922
2016-11-24 05:00:00,4.4825
2016-11-24 06:00:00,4.263
2016-11-24 07:00:00,4.263
2016-11-24 08:00:00,4.702
2016-11-24 09:00:00,6.46
2016-11-24 10:00:00,8.4375
2016-11-24 11:00:00,10.8545
2016-11-24 12:00:00,13.052
2016-11-24 13:00:00,14.3705
2016-11-24 14:00:00,15.908
2016-11-24 15:00:00,14.59
2016-11-24 16:00:00,14.59
2016-11-24 17:00:00,13.052
2016-11-24 18:00:00,12.173
2016-11-24 19:00:00,11.733
2016-11-24 20:00:00,11.5135
2016-11-24 21:00:00,11.294
2016-11-24 22:00:00,11.0745
2016-11-24 23:00:00,10.8545
2016-11-25 00:00:00,10.415
2016-11-25 01:00:00,10.1955
2016-11-25 02:00:00,9.976
2016-11-25 03:00:00,9.976
2016-11-25 04:00:00,9.756
2016-11-25 05:00:00,9.756
2016-11-25 06:00:00,9.756
2016-11-25 07:00:00,9.756
2016-11-25 08:00:00,9.756
2016-11-25 09:00:00,10.6345
2016-11-25 10:00:00,12.173
2016-11-25 11:00:00,12.612
2016-11-25 12:00:00,13.491
2016-11-25 13:00:00,14.37
2016-11-25 14:00:00,15.249
2016-11-25 15:00:00,15.249
2016-11-25 16:00:00,14.81
2016-11-25 17:00:00,14.59
2016-11-25 18:00:00,14.59
2016-11-25 19:00:00,14.59
2016-11-25 20:00:00,14.37
2016-11-25 21:00:00,13.711
2016-11-25 22:00:00,13.0515
2016-11-25 23:00:00,12.3925
2016-11-26 00:00:00,11.953
2016-11-26 01:00:00,11.733
2016-11-26 02:00:00,11.294
2016-11-26 03:00:00,10.8545
2016-11-26 04:00:00,10.1955
2016-11-26 05:00:00,9.756
2016-11-26 06:00:00,9.5365
2016-11-26 07:00:00,9.5365
2016-11-26 08:00:00,9.756
2016-11-26 09:00:00,10.1955
2016-11-26 10:00:00,10.6345
2016-11-26 11:00:00,11.733
2016-11-26 12:00:00,13.711
2016-11-26 13:00:00,16.787
2016-11-26 14:00:00,20.083
2016-11-26 15:00:00,20.7425
2016-11-26 16:00:00,19.8635
2016-11-26 17:00:00,18.1055
2016-11-26 18:00:00,16.3475
2016-11-26 19:00:00,15.0295
2016-11-26 20:00:00,13.931
2016-11-26 21:00:00,13.2715
2016-11-26 22:00:00,12.832
2016-11-26 23:00:00,12.173
2016-11-27 00:00:00,11.733
2016-11-27 01:00:00,11.0745
2016-11-27 02:00:00,10.6345
2016-11-27 03:00:00,9.976
2016-11-27 04:00:00,9.536
2016-11-27 05:00:00,9.097
2016-11-27 06:00:00,8.657
2016-11-27 07:00:00,8.4375
2016-11-27 08:00:00,8.657
2016-11-27 09:00:00,11.294
2016-11-27 10:00:00,15.0295
2016-11-27 11:00:00,18.9845
2016-11-27 12:00:00,21.8405
2016-11-27 13:00:00,24.4775
2016-11-27 14:00:00,26.455
2016-11-27 15:00:00,26.235
2016-11-27 16:00:00,24.9165
2016-11-27 17:00:00,22.72
2016-11-27 18:00:00,19.8635
2016-11-27 19:00:00,18.1055
2016-11-27 20:00:00,16.787
2016-11-27 21:00:00,15.4685
2016-11-27 22:00:00,14.59
2016-11-27 23:00:00,14.1505
2016-11-28 00:00:00,13.2715
2016-11-28 01:00:00,12.832
2016-11-28 02:00:00,11.953
2016-11-28 03:00:00,11.294
2016-11-28 04:00:00,10.8545
2016-11-28 05:00:00,10.1955
2016-11-28 06:00:00,9.976
2016-11-28 07:00:00,9.756
2016-11-28 08:00:00,9.976
2016-11-28 09:00:00,12.612
2016-11-28 10:00:00,15.908
2016-11-28 11:00:00,18.9845
2016-11-28 12:00:00,20.962
2016-11-28 13:00:00,22.9395
2016-11-28 14:00:00,24.9165
2016-11-28 15:00:00,23.8185
2016-11-28 16:00:00,23.1595
2016-11-28 17:00:00,21.401
2016-11-28 18:00:00,19.424
2016-11-28 19:00:00,17.666
2016-11-28 20:00:00,16.787
2016-11-28 21:00:00,16.128
2016-11-28 22:00:00,15.4685
2016-11-28 23:00:00,14.59
2016-11-29 00:00:00,14.59
2016-11-29 01:00:00,14.1505
2016-11-29 02:00:00,14.1505
2016-11-29 03:00:00,14.1505
2016-11-29 04:00:00,14.1505
2016-11-29 05:00:00,13.711
2016-11-29 06:00:00,13.2715
2016-11-29 07:00:00,12.612
2016-11-29 08:00:00,12.3925
2016-11-29 09:00:00,14.1505
2016-11-29 10:00:00,15.908
2016-11-29 11:00:00,17.8855
2016-11-29 12:00:00,19.424
2016-11-29 13:00:00,19.8635
2016-11-29 14:00:00,21.4015
2016-11-29 15:00:00,21.1815
2016-11-29 16:00:00,20.083
2016-11-29 17:00:00,19.204
2016-11-29 18:00:00,18.545
2016-11-29 19:00:00,18.545
2016-11-29 20:00:00,18.545
2016-11-29 21:00:00,18.1055
2016-11-29 22:00:00,18.1055
2016-11-29 23:00:00,17.666
2016-11-30 00:00:00,16.567
2016-11-30 01:00:00,15.6885
2016-11-30 02:00:00,15.0295
2016-11-30 03:00:00,14.59
2016-11-30 04:00:00,14.59
2016-11-30 05:00:00,14.59
2016-11-30 06:00:00,14.59
2016-11-30 07:00:00,14.3705
2016-11-30 08:00:00,14.3705
2016-11-30 09:00:00,15.249
2016-11-30 10:00:00,17.2265
2016-11-30 11:00:00,18.325
2016-11-30 12:00:00,18.765
2016-11-30 13:00:00,19.6435
2016-11-30 14:00:00,20.0835
2016-11-30 15:00:00,20.5225
2016-11-30 16:00:00,20.303
2016-11-30 17:00:00,19.424
2016-11-30 18:00:00,18.7645
2016-11-30 19:00:00,18.3255
2016-11-30 20:00:00,17.8855
2016-11-30 21:00:00,17.2265
2016-11-30 22:00:00,16.787
2016-11-30 23:00:00,15.9085
2016-12-01 00:00:00,15.4685
2016-12-01 01:00:00,15.0295
2016-12-01 02:00:00,14.1505
2016-12-01 03:00:00,13.711
2016-12-01 04:00:00,13.052
2016-12-01 05:00:00,12.832
2016-12-01 06:00:00,12.173
2016-12-01 07:00:00,11.733
2016-12-01 08:00:00,11.5135
2016-12-01 09:00:00,13.711
2016-12-01 10:00:00,17.007
2016-12-01 11:00:00,20.962
2016-12-01 12:00:00,23.8185
2016-12-01 13:00:00,25.7955
2016-12-01 14:00:00,27.7735
2016-12-01 15:00:00,27.334
2016-12-01 16:00:00,25.7955
2016-12-01 17:00:00,23.599
2016-12-01 18:00:00,21.1815
2016-12-01 19:00:00,19.8635
2016-12-01 20:00:00,18.9845
2016-12-01 21:00:00,18.325
2016-12-01 22:00:00,18.1055
2016-12-01 23:00:00,17.666
2016-12-02 00:00:00,17.2265
2016-12-02 01:00:00,16.787
2016-12-02 02:00:00,16.787
2016-12-02 03:00:00,16.3475
2016-12-02 04:00:00,15.4685
2016-12-02 05:00:00,14.59
2016-12-02 06:00:00,13.711
2016-12-02 07:00:00,13.052
2016-12-02 08:00:00,12.832
2016-12-02 09:00:00,15.4685
2016-12-02 10:00:00,18.325
2016-12-02 11:00:00,21.401
2016-12-02 12:00:00,23.5985
2016-12-02 13:00:00,25.137
2016-12-02 14:00:00,26.6745
2016-12-02 15:00:00,26.235
2016-12-02 16:00:00,24.4775
2016-12-02 17:00:00,22.5
2016-12-02 18:00:00,21.1815
2016-12-02 19:00:00,19.8635
2016-12-02 20:00:00,18.9845
2016-12-02 21:00:00,18.1055
2016-12-02 22:00:00,17.666
2016-12-02 23:00:00,17.2265
2016-12-03 00:00:00,17.007
2016-12-03 01:00:00,16.128
2016-12-03 02:00:00,15.0295
2016-12-03 03:00:00,14.1505
2016-12-03 04:00:00,13.491
2016-12-03 05:00:00,13.052
2016-12-03 06:00:00,12.612
2016-12-03 07:00:00,12.173
2016-12-03 08:00:00,11.953
2016-12-03 09:00:00,14.59
2016-12-03 10:00:00,16.5675
2016-12-03 11:00:00,19.204
2016-12-03 12:00:00,20.7425
2016-12-03 13:00:00,21.841
2016-12-03 14:00:00,22.5
2016-12-03 15:00:00,23.159
2016-12-03 16:00:00,22.7195
2016-12-03 17:00:00,21.8405
2016-12-03 18:00:00,20.5225
2016-12-03 19:00:00,18.9845
2016-12-03 20:00:00,18.1055
2016-12-03 21:00:00,17.666
2016-12-03 22:00:00,17.666
2016-12-03 23:00:00,17.666
2016-12-04 00:00:00,17.666
2016-12-04 01:00:00,17.666
2016-12-04 02:00:00,16.787
2016-12-04 03:00:00,16.3475
2016-12-04 04:00:00,16.3475
2016-12-04 05:00:00,16.128
2016-12-04 06:00:00,15.9085
2016-12-04 07:00:00,16.128
2016-12-04 08:00:00,16.128
2016-12-04 09:00:00,17.8855
2016-12-04 10:00:00,20.083
2016-12-04 11:00:00,22.5
2016-12-04 12:00:00,24.4775
2016-12-04 13:00:00,26.235
2016-12-04 14:00:00,27.9935
2016-12-04 15:00:00,27.5535
2016-12-04 16:00:00,26.675
2016-12-04 17:00:00,25.1365
2016-12-04 18:00:00,23.5985
2016-12-04 19:00:00,22.2805
2016-12-04 20:00:00,21.1815
2016-12-04 21:00:00,20.7425
2016-12-04 22:00:00,20.5225
2016-12-04 23:00:00,19.8635
2016-12-05 00:00:00,18.9845
2016-12-05 01:00:00,18.1055
2016-12-05 02:00:00,17.2265
2016-12-05 03:00:00,16.3475
2016-12-05 04:00:00,15.9085
2016-12-05 05:00:00,15.0295
2016-12-05 06:00:00,14.37
2016-12-05 07:00:00,13.711
2016-12-05 08:00:00,13.711
2016-12-05 09:00:00,16.3475
2016-12-05 10:00:00,20.303
2016-12-05 11:00:00,23.8185
2016-12-05 12:00:00,26.235
2016-12-05 13:00:00,28.213
2016-12-05 14:00:00,29.9705
2016-12-05 15:00:00,29.751
2016-12-05 16:00:00,29.092
2016-12-05 17:00:00,26.455
2016-12-05 18:00:00,23.5985
2016-12-05 19:00:00,21.1815
2016-12-05 20:00:00,19.8635
2016-12-05 21:00:00,19.2045
2016-12-05 22:00:00,18.3255
2016-12-05 23:00:00,17.4465
2016-12-06 00:00:00,17.0065
2016-12-06 01:00:00,16.128
2016-12-06 02:00:00,15.4685
2016-12-06 03:00:00,14.59
2016-12-06 04:00:00,13.711
2016-12-06 05:00:00,12.832
2016-12-06 06:00:00,11.953
2016-12-06 07:00:00,11.5135
2016-12-06 08:00:00,11.294
2016-12-06 09:00:00,13.052
2016-12-06 10:00:00,15.6885
2016-12-06 11:00:00,18.3255
2016-12-06 12:00:00,19.6435
2016-12-06 13:00:00,20.742
2016-12-06 14:00:00,22.0605
2016-12-06 15:00:00,21.4015
2016-12-06 16:00:00,20.5225
2016-12-06 17:00:00,18.765
2016-12-06 18:00:00,16.787
2016-12-06 19:00:00,15.9085
2016-12-06 20:00:00,15.0295
2016-12-06 21:00:00,14.59
2016-12-06 22:00:00,13.711
2016-12-06 23:00:00,13.2715
2016-12-07 00:00:00,12.832
2016-12-07 01:00:00,12.173
2016-12-07 02:00:00,11.5135
2016-12-07 03:00:00,11.0745
2016-12-07 04:00:00,10.6345
2016-12-07 05:00:00,10.1955
2016-12-07 06:00:00,9.976
2016-12-07 07:00:00,9.756
2016-12-07 08:00:00,9.756
2016-12-07 09:00:00,11.953
2016-12-07 10:00:00,15.249
2016-12-07 11:00:00,18.9845
2016-12-07 12:00:00,21.841
2016-12-07 13:00:00,24.697
2016-12-07 14:00:00,25.576
2016-12-07 15:00:00,25.3565
2016-12-07 16:00:00,24.697
2016-12-07 17:00:00,23.159
2016-12-07 18:00:00,21.1815
2016-12-07 19:00:00,19.8635
2016-12-07 20:00:00,18.545
2016-12-07 21:00:00,17.666
2016-12-07 22:00:00,17.2265
2016-12-07 23:00:00,16.3475
2016-12-08 00:00:00,15.4685
2016-12-08 01:00:00,15.0295
2016-12-08 02:00:00,14.1505
2016-12-08 03:00:00,13.711
2016-12-08 04:00:00,13.2715
2016-12-08 05:00:00,12.3925
2016-12-08 06:00:00,11.953
2016-12-08 07:00:00,11.5135
2016-12-08 08:00:00,11.5135
2016-12-08 09:00:00,13.711
2016-12-08 10:00:00,16.787
2016-12-08 11:00:00,20.303
2016-12-08 12:00:00,22.7195
2016-12-08 13:00:00,24.917
2016-12-08 14:00:00,26.8945
2016-12-08 15:00:00,26.8945
2016-12-08 16:00:00,26.2355
2016-12-08 17:00:00,24.6975
2016-12-08 18:00:00,22.9395
2016-12-08 19:00:00,21.1815
2016-12-08 20:00:00,20.083
2016-12-08 21:00:00,18.9845
2016-12-08 22:00:00,18.1055
2016-12-08 23:00:00,17.2265
2016-12-09 00:00:00,16.5675
2016-12-09 01:00:00,15.9085
2016-12-09 02:00:00,15.0295
2016-12-09 03:00:00,14.59
2016-12-09 04:00:00,14.1505
2016-12-09 05:00:00,14.59
2016-12-09 06:00:00,14.59
2016-12-09 07:00:00,14.1505
2016-12-09 08:00:00,13.711
2016-12-09 09:00:00,15.0295
2016-12-09 10:00:00,16.787
2016-12-09 11:00:00,18.9845
2016-12-09 12:00:00,20.962
2016-12-09 13:00:00,22.7195
2016-12-09 14:00:00,23.8185
2016-12-09 15:00:00,23.379
2016-12-09 16:00:00,21.8405
2016-12-09 17:00:00,20.303
2016-12-09 18:00:00,19.204
2016-12-09 19:00:00,18.325
2016-12-09 20:00:00,17.446
2016-12-09 21:00:00,16.567
2016-12-09 22:00:00,16.128
2016-12-09 23:00:00,15.4685
2016-12-10 00:00:00,15.249
2016-12-10 01:00:00,15.0295
2016-12-10 02:00:00,14.59
2016-12-10 03:00:00,14.1505
2016-12-10 04:00:00,13.931
2016-12-10 05:00:00,13.711
2016-12-10 06:00:00,13.711
2016-12-10 07:00:00,13.2715
2016-12-10 08:00:00,13.2715
2016-12-10 09:00:00,13.931
2016-12-10 10:00:00,14.81
2016-12-10 11:00:00,15.249
2016-12-10 12:00:00,15.908
2016-12-10 13:00:00,16.128
2016-12-10 14:00:00,17.007
2016-12-10 15:00:00,17.446
2016-12-10 16:00:00,17.666
2016-12-10 17:00:00,17.446
2016-12-10 18:00:00,17.666
2016-12-10 19:00:00,17.886
2016-12-10 20:00:00,17.886
2016-12-10 21:00:00,17.666
2016-12-10 22:00:00,17.007
2016-12-10 23:00:00,16.3475
2016-12-11 00:00:00,15.9085
2016-12-11 01:00:00,15.4685
2016-12-11 02:00:00,15.0295
2016-12-11 03:00:00,14.81
2016-12-11 04:00:00,14.1505
2016-12-11 05:00:00,13.711
2016-12-11 06:00:00,13.491
2016-12-11 07:00:00,13.491
2016-12-11 08:00:00,13.491
2016-12-11 09:00:00,13.491
2016-12-11 10:00:00,15.249
2016-12-11 11:00:00,16.567
2016-12-11 12:00:00,17.0065
2016-12-11 13:00:00,17.666
2016-12-11 14:00:00,19.424
2016-12-11 15:00:00,19.8635
2016-12-11 16:00:00,20.303
2016-12-11 17:00:00,19.424
2016-12-11 18:00:00,18.765
2016-12-11 19:00:00,18.545
2016-12-11 20:00:00,18.3255
2016-12-11 21:00:00,17.8855
2016-12-11 22:00:00,17.0065
2016-12-11 23:00:00,16.5675
2016-12-12 00:00:00,16.348
2016-12-12 01:00:00,16.348
2016-12-12 02:00:00,16.787
2016-12-12 03:00:00,16.787
2016-12-12 04:00:00,16.3475
2016-12-12 05:00:00,16.3475
2016-12-12 06:00:00,16.3475
2016-12-12 07:00:00,15.9085
2016-12-12 08:00:00,15.9085
2016-12-12 09:00:00,16.3475
2016-12-12 10:00:00,18.325
2016-12-12 11:00:00,20.5225
2016-12-12 12:00:00,21.621
2016-12-12 13:00:00,22.5
2016-12-12 14:00:00,22.72
2016-12-12 15:00:00,22.72
2016-12-12 16:00:00,22.72
2016-12-12 17:00:00,22.72
2016-12-12 18:00:00,22.0605
2016-12-12 19:00:00,21.621
2016-12-12 20:00:00,21.1815
2016-12-12 21:00:00,20.962
2016-12-12 22:00:00,20.7425
2016-12-12 23:00:00,20.3025
2016-12-13 00:00:00,20.083
2016-12-13 01:00:00,19.424
2016-12-13 02:00:00,18.765
2016-12-13 03:00:00,18.1055
2016-12-13 04:00:00,17.666
2016-12-13 05:00:00,17.2265
2016-12-13 06:00:00,16.787
2016-12-13 07:00:00,16.3475
2016-12-13 08:00:00,15.908
2016-12-13 09:00:00,15.6885
2016-12-13 10:00:00,15.249
2016-12-13 11:00:00,15.249
2016-12-13 12:00:00,15.469
2016-12-13 13:00:00,15.9085
2016-12-13 14:00:00,16.3475
2016-12-13 15:00:00,16.128
2016-12-13 16:00:00,16.128
2016-12-13 17:00:00,16.128
2016-12-13 18:00:00,16.128
2016-12-13 19:00:00,16.5675
2016-12-13 20:00:00,16.128
2016-12-13 21:00:00,15.6885
2016-12-13 22:00:00,15.469
2016-12-13 23:00:00,14.8095
2016-12-14 00:00:00,13.9305
2016-12-14 01:00:00,13.0515
2016-12-14 02:00:00,12.6125
2016-12-14 03:00:00,12.6125
2016-12-14 04:00:00,11.7335
2016-12-14 05:00:00,10.8545
2016-12-14 06:00:00,10.1955
2016-12-14 07:00:00,10.1955
2016-12-14 08:00:00,9.9755
2016-12-14 09:00:00,10.195
2016-12-14 10:00:00,10.415
2016-12-14 11:00:00,10.8545
2016-12-14 12:00:00,11.953
2016-12-14 13:00:00,13.2715
2016-12-14 14:00:00,15.6885
2016-12-14 15:00:00,16.1275
2016-12-14 16:00:00,15.2495
2016-12-14 17:00:00,13.491
2016-12-14 18:00:00,12.3925
2016-12-14 19:00:00,11.5135
2016-12-14 20:00:00,10.8545
2016-12-14 21:00:00,10.415
2016-12-14 22:00:00,9.976
2016-12-14 23:00:00,9.3165
2016-12-15 00:00:00,8.657
2016-12-15 01:00:00,7.998
2016-12-15 02:00:00,7.339
2016-12-15 03:00:00,6.899
2016-12-15 04:00:00,6.46
2016-12-15 05:00:00,6.0205
2016-12-15 06:00:00,5.581
2016-12-15 07:00:00,5.142
2016-12-15 08:00:00,5.142
2016-12-15 09:00:00,7.5585
2016-12-15 10:00:00,10.635
2016-12-15 11:00:00,14.1505
2016-12-15 12:00:00,16.787
2016-12-15 13:00:00,18.325
2016-12-15 14:00:00,19.863
2016-12-15 15:00:00,19.2045
2016-12-15 16:00:00,17.2265
2016-12-15 17:00:00,17.2265
2016-12-15 18:00:00,13.931
2016-12-15 19:00:00,12.832
2016-12-15 20:00:00,11.953
2016-12-15 21:00:00,10.8545
2016-12-15 22:00:00,10.415
2016-12-15 23:00:00,9.976
2016-12-16 00:00:00,9.3165
2016-12-16 01:00:00,8.877
2016-12-16 02:00:00,8.218
2016-12-16 03:00:00,7.778
2016-12-16 04:00:00,7.339
2016-12-16 05:00:00,6.899
2016-12-16 06:00:00,6.899
2016-12-16 07:00:00,6.46
2016-12-16 08:00:00,6.46
2016-12-16 09:00:00,7.778
2016-12-16 10:00:00,10.8545
2016-12-16 11:00:00,14.59
2016-12-16 12:00:00,17.666
2016-12-16 13:00:00,19.863
2016-12-16 14:00:00,21.1815
2016-12-16 15:00:00,20.742
2016-12-16 16:00:00,19.6435
2016-12-16 17:00:00,17.446
2016-12-16 18:00:00,15.4685
2016-12-16 19:00:00,13.9305
2016-12-16 20:00:00,12.3925
2016-12-16 21:00:00,11.0745
2016-12-16 22:00:00,9.756
2016-12-16 23:00:00,8.877
2016-12-17 00:00:00,7.998
2016-12-17 01:00:00,7.5585
2016-12-17 02:00:00,7.5585
2016-12-17 03:00:00,7.5585
2016-12-17 04:00:00,7.3385
2016-12-17 05:00:00,7.119
2016-12-17 06:00:00,6.68
2016-12-17 07:00:00,6.2405
2016-12-17 08:00:00,5.8005
2016-12-17 09:00:00,7.7785
2016-12-17 10:00:00,10.1955
2016-12-17 11:00:00,13.711
2016-12-17 12:00:00,16.5675
2016-12-17 13:00:00,18.9845
2016-12-17 14:00:00,21.841
2016-12-17 15:00:00,22.0605
2016-12-17 16:00:00,20.962
2016-12-17 17:00:00,18.9845
2016-12-17 18:00:00,17.2265
2016-12-17 19:00:00,16.128
2016-12-17 20:00:00,14.8095
2016-12-17 21:00:00,13.711
2016-12-17 22:00:00,13.0515
2016-12-17 23:00:00,12.832
2016-12-18 00:00:00,12.3925
2016-12-18 01:00:00,12.1725
2016-12-18 02:00:00,11.7335
2016-12-18 03:00:00,11.5135
2016-12-18 04:00:00,10.6345
2016-12-18 05:00:00,9.756
2016-12-18 06:00:00,9.3165
2016-12-18 07:00:00,8.877
2016-12-18 08:00:00,8.877
2016-12-18 09:00:00,10.6345
2016-12-18 10:00:00,13.2715
2016-12-18 11:00:00,15.249
2016-12-18 12:00:00,17.446
2016-12-18 13:00:00,19.644
2016-12-18 14:00:00,21.841
2016-12-18 15:00:00,22.0605
2016-12-18 16:00:00,21.4015
2016-12-18 17:00:00,20.5225
2016-12-18 18:00:00,19.424
2016-12-18 19:00:00,18.545
2016-12-18 20:00:00,17.2265
2016-12-18 21:00:00,15.9085
2016-12-18 22:00:00,14.59
2016-12-18 23:00:00,14.1505
2016-12-19 00:00:00,13.931
2016-12-19 01:00:00,13.711
2016-12-19 02:00:00,13.711
2016-12-19 03:00:00,13.711
2016-12-19 04:00:00,13.2715
2016-12-19 05:00:00,12.832
2016-12-19 06:00:00,12.832
2016-12-19 07:00:00,12.832
2016-12-19 08:00:00,13.052
2016-12-19 09:00:00,15.0295
2016-12-19 10:00:00,18.325
2016-12-19 11:00:00,21.841
2016-12-19 12:00:00,23.379
2016-12-19 13:00:00,24.9165
2016-12-19 14:00:00,27.7735
2016-12-19 15:00:00,27.5535
2016-12-19 16:00:00,26.675
2016-12-19 17:00:00,25.576
2016-12-19 18:00:00,23.8185
2016-12-19 19:00:00,22.9395
2016-12-19 20:00:00,22.5
2016-12-19 21:00:00,22.2805
2016-12-19 22:00:00,22.2805
2016-12-19 23:00:00,22.2805
2016-12-20 00:00:00,21.621
2016-12-20 01:00:00,19.8635
2016-12-20 02:00:00,18.1055
2016-12-20 03:00:00,17.2265
2016-12-20 04:00:00,16.787
2016-12-20 05:00:00,15.9085
2016-12-20 06:00:00,15.6885
2016-12-20 07:00:00,15.6885
2016-12-20 08:00:00,15.4685
2016-12-20 09:00:00,15.4685
2016-12-20 10:00:00,16.5675
2016-12-20 11:00:00,17.2265
2016-12-20 12:00:00,17.666
2016-12-20 13:00:00,18.1055
2016-12-20 14:00:00,18.545
2016-12-20 15:00:00,18.545
2016-12-20 16:00:00,18.545
2016-12-20 17:00:00,18.765
2016-12-20 18:00:00,18.765
2016-12-20 19:00:00,18.9845
2016-12-20 20:00:00,18.9845
2016-12-20 21:00:00,18.1055
2016-12-20 22:00:00,17.886
2016-12-20 23:00:00,17.666
2016-12-21 00:00:00,17.666
2016-12-21 01:00:00,17.666
2016-12-21 02:00:00,18.1055
2016-12-21 03:00:00,18.1055
2016-12-21 04:00:00,18.3255
2016-12-21 05:00:00,18.7645
2016-12-21 06:00:00,18.7645
2016-12-21 07:00:00,18.1055
2016-12-21 08:00:00,17.666
2016-12-21 09:00:00,18.1055
2016-12-21 10:00:00,18.1055
2016-12-21 11:00:00,17.886
2016-12-21 12:00:00,17.666
2016-12-21 13:00:00,16.5675
2016-12-21 14:00:00,16.3475
2016-12-21 15:00:00,16.3475
2016-12-21 16:00:00,16.3475
2016-12-21 17:00:00,16.3475
2016-12-21 18:00:00,16.128
2016-12-21 19:00:00,16.128
2016-12-21 20:00:00,16.128
2016-12-21 21:00:00,15.908
2016-12-21 22:00:00,15.908
2016-12-21 23:00:00,16.128
2016-12-22 00:00:00,15.908
2016-12-22 01:00:00,15.2495
2016-12-22 02:00:00,14.8095
2016-12-22 03:00:00,14.59
2016-12-22 04:00:00,14.37
2016-12-22 05:00:00,14.37
2016-12-22 06:00:00,13.931
2016-12-22 07:00:00,13.931
2016-12-22 08:00:00,13.931
2016-12-22 09:00:00,14.37
2016-12-22 10:00:00,14.81
2016-12-22 11:00:00,16.128
2016-12-22 12:00:00,18.3255
2016-12-22 13:00:00,20.083
2016-12-22 14:00:00,21.1815
2016-12-22 15:00:00,21.621
2016-12-22 16:00:00,21.1815
2016-12-22 17:00:00,20.083
2016-12-22 18:00:00,18.9845
2016-12-22 19:00:00,18.545
2016-12-22 20:00:00,17.666
2016-12-22 21:00:00,17.0065
2016-12-22 22:00:00,16.3475
2016-12-22 23:00:00,15.4685
2016-12-23 00:00:00,14.59
2016-12-23 01:00:00,13.711
2016-12-23 02:00:00,12.832
2016-12-23 03:00:00,11.953
2016-12-23 04:00:00,11.5135
2016-12-23 05:00:00,10.6345
2016-12-23 06:00:00,10.1955
2016-12-23 07:00:00,9.976
2016-12-23 08:00:00,9.976
2016-12-23 09:00:00,11.0745
2016-12-23 10:00:00,12.832
2016-12-23 11:00:00,15.908
2016-12-23 12:00:00,18.9845
2016-12-23 13:00:00,20.5225
2016-12-23 14:00:00,21.4015
2016-12-23 15:00:00,21.621
2016-12-23 16:00:00,21.084
2016-12-23 17:00:00,20.132
2016-12-23 18:00:00,18.8135
2016-12-23 19:00:00,17.7145
2016-12-23 20:00:00,16.8355
2016-12-23 21:00:00,16.177
2016-12-23 22:00:00,15.7375
2016-12-23 23:00:00,15.5175
2016-12-24 00:00:00,15.0785
2016-12-24 01:00:00,14.6385
2016-12-24 02:00:00,13.9795
2016-12-24 03:00:00,13.1005
2016-12-24 04:00:00,12.661
2016-12-24 05:00:00,11.782
2016-12-24 06:00:00,11.5625
2016-12-24 07:00:00,11.343
2016-12-24 08:00:00,11.343
2016-12-24 09:00:00,11.343
2016-12-24 10:00:00,12.002
2016-12-24 11:00:00,12.2215
2016-12-24 12:00:00,12.881
2016-12-24 13:00:00,13.76
2016-12-24 14:00:00,14.199
2016-12-24 15:00:00,14.639
2016-12-24 16:00:00,14.639
2016-12-24 17:00:00,14.419
2016-12-24 18:00:00,14.419
2016-12-24 19:00:00,14.419
2016-12-24 20:00:00,14.8585
2016-12-24 21:00:00,14.8585
2016-12-24 22:00:00,14.8585
2016-12-24 23:00:00,14.8585
2016-12-25 00:00:00,15.298
2016-12-25 01:00:00,15.298
2016-12-25 02:00:00,15.298
2016-12-25 03:00:00,15.298
2016-12-25 04:00:00,14.419
2016-12-25 05:00:00,13.3205
2016-12-25 06:00:00,13.3205
2016-12-25 07:00:00,12.8805
2016-12-25 08:00:00,12.661
2016-12-25 09:00:00,13.3205
2016-12-25 10:00:00,13.3205
2016-12-25 11:00:00,13.54
2016-12-25 12:00:00,14.419
2016-12-25 13:00:00,14.8585
2016-12-25 14:00:00,14.8585
2016-12-25 15:00:00,15.0785
2016-12-25 16:00:00,15.0785
2016-12-25 17:00:00,15.298
2016-12-25 18:00:00,15.298
2016-12-25 19:00:00,15.7375
2016-12-25 20:00:00,15.7375
2016-12-25 21:00:00,15.7375
2016-12-25 22:00:00,16.177
2016-12-25 23:00:00,16.177
2016-12-26 00:00:00,15.957
2016-12-26 01:00:00,15.957
2016-12-26 02:00:00,15.7375
2016-12-26 03:00:00,15.518
2016-12-26 04:00:00,14.419
2016-12-26 05:00:00,14.419
2016-12-26 06:00:00,14.199
2016-12-26 07:00:00,14.199
2016-12-26 08:00:00,14.419
2016-12-26 09:00:00,14.6385
2016-12-26 10:00:00,15.298
2016-12-26 11:00:00,15.298
2016-12-26 12:00:00,15.298
2016-12-26 13:00:00,15.298
2016-12-26 14:00:00,14.8585
2016-12-26 15:00:00,14.8585
2016-12-26 16:00:00,14.1995
2016-12-26 17:00:00,13.32
2016-12-26 18:00:00,13.1005
2016-12-26 19:00:00,13.1005
2016-12-26 20:00:00,13.1005
2016-12-26 21:00:00,13.1005
2016-12-26 22:00:00,12.661
2016-12-26 23:00:00,12.661
2016-12-27 00:00:00,12.661
2016-12-27 01:00:00,12.2215
2016-12-27 02:00:00,12.002
2016-12-27 03:00:00,11.3425
2016-12-27 04:00:00,10.9035
2016-12-27 05:00:00,10.464
2016-12-27 06:00:00,10.464
2016-12-27 07:00:00,10.244
2016-12-27 08:00:00,10.244
2016-12-27 09:00:00,10.9035
2016-12-27 10:00:00,12.4415
2016-12-27 11:00:00,13.9795
2016-12-27 12:00:00,15.078
2016-12-27 13:00:00,16.1765
2016-12-27 14:00:00,16.836
2016-12-27 15:00:00,17.275
2016-12-27 16:00:00,17.0555
2016-12-27 17:00:00,15.298
2016-12-27 18:00:00,13.54
2016-12-27 19:00:00,12.661
2016-12-27 20:00:00,11.343
2016-12-27 21:00:00,10.6835
2016-12-27 22:00:00,10.2445
2016-12-27 23:00:00,9.585
2016-12-28 00:00:00,9.1455
2016-12-28 01:00:00,8.706
2016-12-28 02:00:00,7.827
2016-12-28 03:00:00,6.948
2016-12-28 04:00:00,6.509
2016-12-28 05:00:00,6.0695
2016-12-28 06:00:00,5.63
2016-12-28 07:00:00,5.41
2016-12-28 08:00:00,5.1905
2016-12-28 09:00:00,7.3875
2016-12-28 10:00:00,8.486
2016-12-28 11:00:00,9.585
2016-12-28 12:00:00,12.8805
2016-12-28 13:00:00,15.5175
2016-12-28 14:00:00,16.836
2016-12-28 15:00:00,16.836
2016-12-28 16:00:00,16.836
2016-12-28 17:00:00,15.078
2016-12-28 18:00:00,13.54
2016-12-28 19:00:00,12.661
2016-12-28 20:00:00,11.782
2016-12-28 21:00:00,10.9035
2016-12-28 22:00:00,10.2445
2016-12-28 23:00:00,9.8045
2016-12-29 00:00:00,9.1455
2016-12-29 01:00:00,8.486
2016-12-29 02:00:00,7.827
2016-12-29 03:00:00,7.3875
2016-12-29 04:00:00,6.7285
2016-12-29 05:00:00,6.0695
2016-12-29 06:00:00,5.63
2016-12-29 07:00:00,5.63
2016-12-29 08:00:00,5.63
2016-12-29 09:00:00,7.168
2016-12-29 10:00:00,10.464
2016-12-29 11:00:00,14.1995
2016-12-29 12:00:00,17.0555
2016-12-29 13:00:00,18.154
2016-12-29 14:00:00,18.1545
2016-12-29 15:00:00,17.9345
2016-12-29 16:00:00,16.836
2016-12-29 17:00:00,15.518
2016-12-29 18:00:00,14.419
2016-12-29 19:00:00,13.1005
2016-12-29 20:00:00,11.782
2016-12-29 21:00:00,10.9035
2016-12-29 22:00:00,10.464
2016-12-29 23:00:00,10.0245
2016-12-30 00:00:00,9.8045
2016-12-30 01:00:00,9.585
2016-12-30 02:00:00,9.1455
2016-12-30 03:00:00,8.4865
2016-12-30 04:00:00,8.0465
2016-12-30 05:00:00,7.827
2016-12-30 06:00:00,7.3875
2016-12-30 07:00:00,6.948
2016-12-30 08:00:00,6.948
2016-12-30 09:00:00,8.486
2016-12-30 10:00:00,10.464
2016-12-30 11:00:00,11.343
2016-12-30 12:00:00,13.3205
2016-12-30 13:00:00,15.518
2016-12-30 14:00:00,18.154
2016-12-30 15:00:00,18.594
2016-12-30 16:00:00,18.594
2016-12-30 17:00:00,17.495
2016-12-30 18:00:00,15.298
2016-12-30 19:00:00,13.54
2016-12-30 20:00:00,12.661
2016-12-30 21:00:00,12.0015
2016-12-30 22:00:00,11.343
2016-12-30 23:00:00,10.9035
2016-12-31 00:00:00,10.6835
2016-12-31 01:00:00,10.6835
2016-12-31 02:00:00,10.6835
2016-12-31 03:00:00,10.6835
2016-12-31 04:00:00,10.6835
2016-12-31 05:00:00,10.6835
2016-12-31 06:00:00,10.6835
2016-12-31 07:00:00,10.6835
2016-12-31 08:00:00,10.6835
2016-12-31 09:00:00,10.6835
2016-12-31 10:00:00,10.6835
2016-12-31 11:00:00,10.6835
2016-12-31 12:00:00,10.6835
2016-12-31 13:00:00,10.6835
2016-12-31 14:00:00,10.6835
2016-12-31 15:00:00,10.6835
2016-12-31 16:00:00,10.6835
2016-12-31 17:00:00,10.6835
2016-12-31 18:00:00,10.6835
2016-12-31 19:00:00,10.6835
2016-12-31 20:00:00,10.6835
2016-12-31 21:00:00,10.6835
2016-12-31 22:00:00,10.6835
2016-12-31 23:00:00,10.6835
2017-01-01 00:00:00,12.0015
2017-01-01 01:00:00,11.343
2017-01-01 02:00:00,10.9035
2017-01-01 03:00:00,10.0245
2017-01-01 04:00:00,9.585
2017-01-01 05:00:00,9.1455
2017-01-01 06:00:00,8.706
2017-01-01 07:00:00,8.706
2017-01-01 08:00:00,8.2665
2017-01-01 09:00:00,9.8045
2017-01-01 10:00:00,12.881
2017-01-01 11:00:00,16.6165
2017-01-01 12:00:00,19.9125
2017-01-01 13:00:00,21.89
2017-01-01 14:00:00,24.526
2017-01-01 15:00:00,25.1855
2017-01-01 16:00:00,24.746
2017-01-01 17:00:00,23.208
2017-01-01 18:00:00,21.8895
2017-01-01 19:00:00,21.2305
2017-01-01 20:00:00,19.9125
2017-01-01 21:00:00,19.0335
2017-01-01 22:00:00,17.7145
2017-01-01 23:00:00,17.2755
2017-01-02 00:00:00,17.0555
2017-01-02 01:00:00,17.0555
2017-01-02 02:00:00,16.8355
2017-01-02 03:00:00,16.8355
2017-01-02 04:00:00,16.616
2017-01-02 05:00:00,16.3965
2017-01-02 06:00:00,16.3965
2017-01-02 07:00:00,16.3965
2017-01-02 08:00:00,16.3965
2017-01-02 09:00:00,16.616
2017-01-02 10:00:00,17.7145
2017-01-02 11:00:00,19.0335
2017-01-02 12:00:00,20.791
2017-01-02 13:00:00,22.109
2017-01-02 14:00:00,23.208
2017-01-02 15:00:00,24.087
2017-01-02 16:00:00,24.5265
2017-01-02 17:00:00,23.208
2017-01-02 18:00:00,21.45
2017-01-02 19:00:00,20.132
2017-01-02 20:00:00,19.0335
2017-01-02 21:00:00,18.374
2017-01-02 22:00:00,17.7145
2017-01-02 23:00:00,17.2755
2017-01-03 00:00:00,16.3965
2017-01-03 01:00:00,15.5175
2017-01-03 02:00:00,14.8585
2017-01-03 03:00:00,13.9795
2017-01-03 04:00:00,13.3205
2017-01-03 05:00:00,12.661
2017-01-03 06:00:00,12.2215
2017-01-03 07:00:00,11.782
2017-01-03 08:00:00,11.782
2017-01-03 09:00:00,12.661
2017-01-03 10:00:00,14.8585
2017-01-03 11:00:00,18.374
2017-01-03 12:00:00,21.2305
2017-01-03 13:00:00,23.428
2017-01-03 14:00:00,24.746
2017-01-03 15:00:00,24.5265
2017-01-03 16:00:00,23.867
2017-01-03 17:00:00,22.7685
2017-01-03 18:00:00,21.8895
2017-01-03 19:00:00,21.011
2017-01-03 20:00:00,20.3515
2017-01-03 21:00:00,19.9125
2017-01-03 22:00:00,19.9125
2017-01-03 23:00:00,19.9125
2017-01-04 00:00:00,19.4725
2017-01-04 01:00:00,19.4725
2017-01-04 02:00:00,19.0335
2017-01-04 03:00:00,18.5935
2017-01-04 04:00:00,18.1545
2017-01-04 05:00:00,18.1545
2017-01-04 06:00:00,18.1545
2017-01-04 07:00:00,18.1545
2017-01-04 08:00:00,18.1545
2017-01-04 09:00:00,18.374
2017-01-04 10:00:00,19.0335
2017-01-04 11:00:00,19.4725
2017-01-04 12:00:00,19.9125
2017-01-04 13:00:00,20.132
2017-01-04 14:00:00,20.132
2017-01-04 15:00:00,19.0335
2017-01-04 16:00:00,18.5935
2017-01-04 17:00:00,18.5935
2017-01-04 18:00:00,18.5935
2017-01-04 19:00:00,18.1545
2017-01-04 20:00:00,18.1545
2017-01-04 21:00:00,17.9345
2017-01-04 22:00:00,17.495
2017-01-04 23:00:00,17.495
2017-01-05 00:00:00,17.0555
2017-01-05 01:00:00,16.616
2017-01-05 02:00:00,16.177
2017-01-05 03:00:00,15.957
2017-01-05 04:00:00,15.7375
2017-01-05 05:00:00,15.518
2017-01-05 06:00:00,15.518
2017-01-05 07:00:00,15.7375
2017-01-05 08:00:00,15.7375
2017-01-05 09:00:00,15.298
2017-01-05 10:00:00,15.0785
2017-01-05 11:00:00,14.8585
2017-01-05 12:00:00,14.8585
2017-01-05 13:00:00,15.298
2017-01-05 14:00:00,15.298
2017-01-05 15:00:00,15.298
2017-01-05 16:00:00,15.298
2017-01-05 17:00:00,15.298
2017-01-05 18:00:00,15.298
2017-01-05 19:00:00,15.0785
2017-01-05 20:00:00,15.5175
2017-01-05 21:00:00,15.298
2017-01-05 22:00:00,14.8585
2017-01-05 23:00:00,14.8585
2017-01-06 00:00:00,14.6385
2017-01-06 01:00:00,14.6385
2017-01-06 02:00:00,14.1995
2017-01-06 03:00:00,13.7595
2017-01-06 04:00:00,13.3205
2017-01-06 05:00:00,13.1005
2017-01-06 06:00:00,12.8805
2017-01-06 07:00:00,12.661
2017-01-06 08:00:00,12.661
2017-01-06 09:00:00,12.8805
2017-01-06 10:00:00,13.7595
2017-01-06 11:00:00,13.7595
2017-01-06 12:00:00,14.6385
2017-01-06 13:00:00,14.6385
2017-01-06 14:00:00,14.8585
2017-01-06 15:00:00,14.8585
2017-01-06 16:00:00,15.0785
2017-01-06 17:00:00,15.0785
2017-01-06 18:00:00,15.298
2017-01-06 19:00:00,15.5175
2017-01-06 20:00:00,15.5175
2017-01-06 21:00:00,15.7375
2017-01-06 22:00:00,15.9575
2017-01-06 23:00:00,16.177
2017-01-07 00:00:00,16.177
2017-01-07 01:00:00,16.177
2017-01-07 02:00:00,15.957
2017-01-07 03:00:00,15.518
2017-01-07 04:00:00,15.518
2017-01-07 05:00:00,15.7375
2017-01-07 06:00:00,15.9575
2017-01-07 07:00:00,16.177
2017-01-07 08:00:00,15.9575
2017-01-07 09:00:00,15.298
2017-01-07 10:00:00,15.078
2017-01-07 11:00:00,14.8585
2017-01-07 12:00:00,14.8585
2017-01-07 13:00:00,14.419
2017-01-07 14:00:00,14.419
2017-01-07 15:00:00,14.419
2017-01-07 16:00:00,14.8585
2017-01-07 17:00:00,14.8585
2017-01-07 18:00:00,14.8585
2017-01-07 19:00:00,14.8585
2017-01-07 20:00:00,14.8585
2017-01-07 21:00:00,14.8585
2017-01-07 22:00:00,14.419
2017-01-07 23:00:00,14.1995
2017-01-08 00:00:00,13.9795
2017-01-08 01:00:00,13.9795
2017-01-08 02:00:00,13.54
2017-01-08 03:00:00,13.32
2017-01-08 04:00:00,13.1005
2017-01-08 05:00:00,12.881
2017-01-08 06:00:00,12.881
2017-01-08 07:00:00,12.881
2017-01-08 08:00:00,12.661
2017-01-08 09:00:00,12.661
2017-01-08 10:00:00,12.441
2017-01-08 11:00:00,12.2215
2017-01-08 12:00:00,12.661
2017-01-08 13:00:00,12.881
2017-01-08 14:00:00,13.1005
2017-01-08 15:00:00,13.32
2017-01-08 16:00:00,13.32
2017-01-08 17:00:00,13.32
2017-01-08 18:00:00,13.32
2017-01-08 19:00:00,13.76
2017-01-08 20:00:00,13.76
2017-01-08 21:00:00,13.76
2017-01-08 22:00:00,13.76
2017-01-08 23:00:00,13.9795
2017-01-09 00:00:00,13.76
2017-01-09 01:00:00,13.54
2017-01-09 02:00:00,13.54
2017-01-09 03:00:00,13.32
2017-01-09 04:00:00,13.1005
2017-01-09 05:00:00,12.881
2017-01-09 06:00:00,12.661
2017-01-09 07:00:00,12.2215
2017-01-09 08:00:00,11.782
2017-01-09 09:00:00,12.2215
2017-01-09 10:00:00,13.1005
2017-01-09 11:00:00,13.9795
2017-01-09 12:00:00,15.078
2017-01-09 13:00:00,15.7375
2017-01-09 14:00:00,16.836
2017-01-09 15:00:00,16.836
2017-01-09 16:00:00,16.836
2017-01-09 17:00:00,15.7375
2017-01-09 18:00:00,14.8585
2017-01-09 19:00:00,13.9795
2017-01-09 20:00:00,13.9795
2017-01-09 21:00:00,13.54
2017-01-09 22:00:00,13.54
2017-01-09 23:00:00,13.54
2017-01-10 00:00:00,13.54
2017-01-10 01:00:00,13.3205
2017-01-10 02:00:00,12.8805
2017-01-10 03:00:00,12.661
2017-01-10 04:00:00,12.2215
2017-01-10 05:00:00,12.2215
2017-01-10 06:00:00,12.2215
2017-01-10 07:00:00,12.2215
2017-01-10 08:00:00,12.2215
2017-01-10 09:00:00,12.2215
2017-01-10 10:00:00,12.8805
2017-01-10 11:00:00,13.54
2017-01-10 12:00:00,14.6385
2017-01-10 13:00:00,15.7375
2017-01-10 14:00:00,15.957
2017-01-10 15:00:00,15.957
2017-01-10 16:00:00,15.7375
2017-01-10 17:00:00,15.5175
2017-01-10 18:00:00,15.5175
2017-01-10 19:00:00,15.5175
2017-01-10 20:00:00,15.5175
2017-01-10 21:00:00,15.0785
2017-01-10 22:00:00,14.6385
2017-01-10 23:00:00,14.6385
2017-01-11 00:00:00,13.9795
2017-01-11 01:00:00,13.9795
2017-01-11 02:00:00,13.54
2017-01-11 03:00:00,13.3205
2017-01-11 04:00:00,13.1005
2017-01-11 05:00:00,12.8805
2017-01-11 06:00:00,12.8805
2017-01-11 07:00:00,12.661
2017-01-11 08:00:00,12.661
2017-01-11 09:00:00,13.1005
2017-01-11 10:00:00,13.9795
2017-01-11 11:00:00,15.7375
2017-01-11 12:00:00,18.374
2017-01-11 13:00:00,19.6925
2017-01-11 14:00:00,20.3515
2017-01-11 15:00:00,19.033
2017-01-11 16:00:00,17.9345
2017-01-11 17:00:00,17.495
2017-01-11 18:00:00,16.8355
2017-01-11 19:00:00,16.3965
2017-01-11 20:00:00,16.177
2017-01-11 21:00:00,15.9575
2017-01-11 22:00:00,15.7375
2017-01-11 23:00:00,15.7375
2017-01-12 00:00:00,15.298
2017-01-12 01:00:00,15.0785
2017-01-12 02:00:00,14.6385
2017-01-12 03:00:00,14.419
2017-01-12 04:00:00,14.1995
2017-01-12 05:00:00,13.9795
2017-01-12 06:00:00,13.7595
2017-01-12 07:00:00,13.7595
2017-01-12 08:00:00,13.54
2017-01-12 09:00:00,13.54
2017-01-12 10:00:00,13.7595
2017-01-12 11:00:00,14.6385
2017-01-12 12:00:00,15.298
2017-01-12 13:00:00,16.3965
2017-01-12 14:00:00,18.374
2017-01-12 15:00:00,18.8135
2017-01-12 16:00:00,18.374
2017-01-12 17:00:00,16.8355
2017-01-12 18:00:00,15.7375
2017-01-12 19:00:00,15.0785
2017-01-12 20:00:00,14.6385
2017-01-12 21:00:00,14.1995
2017-01-12 22:00:00,13.9795
2017-01-12 23:00:00,13.7595
2017-01-13 00:00:00,13.3205
2017-01-13 01:00:00,12.8805
2017-01-13 02:00:00,12.4415
2017-01-13 03:00:00,11.5625
2017-01-13 04:00:00,10.9035
2017-01-13 05:00:00,10.2445
2017-01-13 06:00:00,10.0245
2017-01-13 07:00:00,9.8045
2017-01-13 08:00:00,9.8045
2017-01-13 09:00:00,10.2445
2017-01-13 10:00:00,11.1235
2017-01-13 11:00:00,13.54
2017-01-13 12:00:00,17.2755
2017-01-13 13:00:00,19.253
2017-01-13 14:00:00,22.1095
2017-01-13 15:00:00,22.1095
2017-01-13 16:00:00,21.67
2017-01-13 17:00:00,20.3515
2017-01-13 18:00:00,18.154
2017-01-13 19:00:00,16.3965
2017-01-13 20:00:00,15.0785
2017-01-13 21:00:00,13.9795
2017-01-13 22:00:00,13.3205
2017-01-13 23:00:00,13.1005
2017-01-14 00:00:00,12.8805
2017-01-14 01:00:00,12.4415
2017-01-14 02:00:00,11.782
2017-01-14 03:00:00,11.1235
2017-01-14 04:00:00,10.6835
2017-01-14 05:00:00,10.0245
2017-01-14 06:00:00,9.3655
2017-01-14 07:00:00,9.1455
2017-01-14 08:00:00,8.9255
2017-01-14 09:00:00,10.464
2017-01-14 10:00:00,12.881
2017-01-14 11:00:00,15.737
2017-01-14 12:00:00,18.374
2017-01-14 13:00:00,19.253
2017-01-14 14:00:00,21.4505
2017-01-14 15:00:00,21.2305
2017-01-14 16:00:00,20.3515
2017-01-14 17:00:00,17.9345
2017-01-14 18:00:00,15.5175
2017-01-14 19:00:00,14.1995
2017-01-14 20:00:00,13.3205
2017-01-14 21:00:00,12.4415
2017-01-14 22:00:00,12.4415
2017-01-14 23:00:00,12.0015
2017-01-15 00:00:00,11.5625
2017-01-15 01:00:00,11.1235
2017-01-15 02:00:00,10.6835
2017-01-15 03:00:00,10.0245
2017-01-15 04:00:00,9.3655
2017-01-15 05:00:00,9.1455
2017-01-15 06:00:00,8.706
2017-01-15 07:00:00,8.4865
2017-01-15 08:00:00,8.2665
2017-01-15 09:00:00,9.585
2017-01-15 10:00:00,11.3425
2017-01-15 11:00:00,13.9795
2017-01-15 12:00:00,16.836
2017-01-15 13:00:00,17.715
2017-01-15 14:00:00,19.033
2017-01-15 15:00:00,18.1545
2017-01-15 16:00:00,16.6165
2017-01-15 17:00:00,14.8585
2017-01-15 18:00:00,13.54
2017-01-15 19:00:00,13.32
2017-01-15 20:00:00,12.8805
2017-01-15 21:00:00,12.2215
2017-01-15 22:00:00,11.5625
2017-01-15 23:00:00,11.343
2017-01-16 00:00:00,10.9035
2017-01-16 01:00:00,10.464
2017-01-16 02:00:00,9.8045
2017-01-16 03:00:00,9.1455
2017-01-16 04:00:00,8.706
2017-01-16 05:00:00,8.2665
2017-01-16 06:00:00,8.0465
2017-01-16 07:00:00,7.6075
2017-01-16 08:00:00,7.6075
2017-01-16 09:00:00,8.926
2017-01-16 10:00:00,11.123
2017-01-16 11:00:00,13.7595
2017-01-16 12:00:00,16.836
2017-01-16 13:00:00,17.9345
2017-01-16 14:00:00,19.912
2017-01-16 15:00:00,20.132
2017-01-16 16:00:00,19.0335
2017-01-16 17:00:00,17.0555
2017-01-16 18:00:00,15.298
2017-01-16 19:00:00,14.1995
2017-01-16 20:00:00,13.54
2017-01-16 21:00:00,13.1005
2017-01-16 22:00:00,13.1005
2017-01-16 23:00:00,12.8805
2017-01-17 00:00:00,12.661
2017-01-17 01:00:00,11.782
2017-01-17 02:00:00,11.343
2017-01-17 03:00:00,11.343
2017-01-17 04:00:00,10.9035
2017-01-17 05:00:00,10.9035
2017-01-17 06:00:00,10.9035
2017-01-17 07:00:00,10.6835
2017-01-17 08:00:00,10.6835
2017-01-17 09:00:00,10.6835
2017-01-17 10:00:00,11.343
2017-01-17 11:00:00,11.782
2017-01-17 12:00:00,13.32
2017-01-17 13:00:00,13.54
2017-01-17 14:00:00,13.7595
2017-01-17 15:00:00,13.9795
2017-01-17 16:00:00,13.9795
2017-01-17 17:00:00,13.54
2017-01-17 18:00:00,12.8805
2017-01-17 19:00:00,12.661
2017-01-17 20:00:00,12.0015
2017-01-17 21:00:00,12.0015
2017-01-17 22:00:00,12.2215
2017-01-17 23:00:00,12.2215
2017-01-18 00:00:00,12.4415
2017-01-18 01:00:00,12.4415
2017-01-18 02:00:00,12.4415
2017-01-18 03:00:00,12.4415
2017-01-18 04:00:00,12.4415
2017-01-18 05:00:00,12.661
2017-01-18 06:00:00,12.661
2017-01-18 07:00:00,12.661
2017-01-18 08:00:00,11.782
2017-01-18 09:00:00,11.5625
2017-01-18 10:00:00,11.5625
2017-01-18 11:00:00,11.782
2017-01-18 12:00:00,11.782
2017-01-18 13:00:00,11.782
2017-01-18 14:00:00,12.0015
2017-01-18 15:00:00,12.0015
2017-01-18 16:00:00,12.0015
2017-01-18 17:00:00,11.782
2017-01-18 18:00:00,11.343
2017-01-18 19:00:00,11.343
2017-01-18 20:00:00,11.782
2017-01-18 21:00:00,12.2215
2017-01-18 22:00:00,12.4415
2017-01-18 23:00:00,12.661
2017-01-19 00:00:00,12.8805
2017-01-19 01:00:00,12.8805
2017-01-19 02:00:00,12.8805
2017-01-19 03:00:00,12.8805
2017-01-19 04:00:00,12.8805
2017-01-19 05:00:00,12.661
2017-01-19 06:00:00,12.2215
2017-01-19 07:00:00,12.2215
2017-01-19 08:00:00,12.2215
2017-01-19 09:00:00,12.2215
2017-01-19 10:00:00,12.661
2017-01-19 11:00:00,13.1005
2017-01-19 12:00:00,13.54
2017-01-19 13:00:00,13.9795
2017-01-19 14:00:00,14.199
2017-01-19 15:00:00,14.419
2017-01-19 16:00:00,14.419
2017-01-19 17:00:00,13.9795
2017-01-19 18:00:00,13.76
2017-01-19 19:00:00,13.76
2017-01-19 20:00:00,13.76
2017-01-19 21:00:00,13.76
2017-01-19 22:00:00,13.32
2017-01-19 23:00:00,12.4415
2017-01-20 00:00:00,12.0015
2017-01-20 01:00:00,11.343
2017-01-20 02:00:00,10.6835
2017-01-20 03:00:00,10.2445
2017-01-20 04:00:00,9.585
2017-01-20 05:00:00,8.9255
2017-01-20 06:00:00,8.2665
2017-01-20 07:00:00,7.827
2017-01-20 08:00:00,7.3875
2017-01-20 09:00:00,8.486
2017-01-20 10:00:00,10.464
2017-01-20 11:00:00,12.661
2017-01-20 12:00:00,15.2975
2017-01-20 13:00:00,15.7375
2017-01-20 14:00:00,17.4955
2017-01-20 15:00:00,17.2755
2017-01-20 16:00:00,16.1765
2017-01-20 17:00:00,14.1995
2017-01-20 18:00:00,12.441
2017-01-20 19:00:00,10.464
2017-01-20 20:00:00,9.585
2017-01-20 21:00:00,8.706
2017-01-20 22:00:00,7.827
2017-01-20 23:00:00,7.3875
2017-01-21 00:00:00,6.509
2017-01-21 01:00:00,6.0695
2017-01-21 02:00:00,5.1905
2017-01-21 03:00:00,4.531
2017-01-21 04:00:00,3.872
2017-01-21 05:00:00,3.213
2017-01-21 06:00:00,2.7735
2017-01-21 07:00:00,2.554
2017-01-21 08:00:00,2.7735
2017-01-21 09:00:00,4.751
2017-01-21 10:00:00,8.2665
2017-01-21 11:00:00,11.123
2017-01-21 12:00:00,13.9795
2017-01-21 13:00:00,15.5175
2017-01-21 14:00:00,18.1545
2017-01-21 15:00:00,17.9345
2017-01-21 16:00:00,17.495
2017-01-21 17:00:00,16.1765
2017-01-21 18:00:00,14.419
2017-01-21 19:00:00,13.1005
2017-01-21 20:00:00,12.0015
2017-01-21 21:00:00,10.9035
2017-01-21 22:00:00,10.0245
2017-01-21 23:00:00,9.1455
2017-01-22 00:00:00,8.2665
2017-01-22 01:00:00,7.827
2017-01-22 02:00:00,6.948
2017-01-22 03:00:00,6.0695
2017-01-22 04:00:00,5.63
2017-01-22 05:00:00,4.751
2017-01-22 06:00:00,4.3115
2017-01-22 07:00:00,3.872
2017-01-22 08:00:00,3.652
2017-01-22 09:00:00,5.41
2017-01-22 10:00:00,8.047
2017-01-22 11:00:00,11.5625
2017-01-22 12:00:00,15.298
2017-01-22 13:00:00,17.056
2017-01-22 14:00:00,19.6925
2017-01-22 15:00:00,19.912
2017-01-22 16:00:00,19.253
2017-01-22 17:00:00,17.275
2017-01-22 18:00:00,15.0785
2017-01-22 19:00:00,13.3205
2017-01-22 20:00:00,11.782
2017-01-22 21:00:00,10.9035
2017-01-22 22:00:00,10.464
2017-01-22 23:00:00,10.0245
2017-01-23 00:00:00,9.8045
2017-01-23 01:00:00,9.3655
2017-01-23 02:00:00,9.1455
2017-01-23 03:00:00,8.706
2017-01-23 04:00:00,8.2665
2017-01-23 05:00:00,7.6075
2017-01-23 06:00:00,7.1675
2017-01-23 07:00:00,6.7285
2017-01-23 08:00:00,6.509
2017-01-23 09:00:00,7.827
2017-01-23 10:00:00,10.0245
2017-01-23 11:00:00,12.441
2017-01-23 12:00:00,15.078
2017-01-23 13:00:00,15.737
2017-01-23 14:00:00,18.5935
2017-01-23 15:00:00,19.033
2017-01-23 16:00:00,18.594
2017-01-23 17:00:00,16.836
2017-01-23 18:00:00,14.639
2017-01-23 19:00:00,13.1005
2017-01-23 20:00:00,12.2215
2017-01-23 21:00:00,11.5625
2017-01-23 22:00:00,10.9035
2017-01-23 23:00:00,10.464
2017-01-24 00:00:00,10.0245
2017-01-24 01:00:00,10.0245
2017-01-24 02:00:00,9.585
2017-01-24 03:00:00,9.1455
2017-01-24 04:00:00,8.706
2017-01-24 05:00:00,8.2665
2017-01-24 06:00:00,7.3875
2017-01-24 07:00:00,7.1675
2017-01-24 08:00:00,7.1675
2017-01-24 09:00:00,8.486
2017-01-24 10:00:00,11.123
2017-01-24 11:00:00,13.9795
2017-01-24 12:00:00,16.836
2017-01-24 13:00:00,17.2755
2017-01-24 14:00:00,17.495
2017-01-24 15:00:00,17.715
2017-01-24 16:00:00,17.0555
2017-01-24 17:00:00,15.957
2017-01-24 18:00:00,14.419
2017-01-24 19:00:00,13.54
2017-01-24 20:00:00,13.1005
2017-01-24 21:00:00,12.8805
2017-01-24 22:00:00,12.8805
2017-01-24 23:00:00,12.8805
2017-01-25 00:00:00,12.661
2017-01-25 01:00:00,12.661
2017-01-25 02:00:00,12.661
2017-01-25 03:00:00,12.2215
2017-01-25 04:00:00,11.782
2017-01-25 05:00:00,11.5625
2017-01-25 06:00:00,11.5625
2017-01-25 07:00:00,11.5625
2017-01-25 08:00:00,11.343
2017-01-25 09:00:00,11.782
2017-01-25 10:00:00,12.661
2017-01-25 11:00:00,13.54
2017-01-25 12:00:00,15.078
2017-01-25 13:00:00,16.616
2017-01-25 14:00:00,18.594
2017-01-25 15:00:00,20.352
2017-01-25 16:00:00,21.0105
2017-01-25 17:00:00,19.912
2017-01-25 18:00:00,17.9345
2017-01-25 19:00:00,15.7375
2017-01-25 20:00:00,14.1995
2017-01-25 21:00:00,13.1005
2017-01-25 22:00:00,12.0015
2017-01-25 23:00:00,11.343
2017-01-26 00:00:00,10.6835
2017-01-26 01:00:00,10.0245
2017-01-26 02:00:00,9.1455
2017-01-26 03:00:00,8.706
2017-01-26 04:00:00,8.2665
2017-01-26 05:00:00,8.0465
2017-01-26 06:00:00,8.2665
2017-01-26 07:00:00,8.2665
2017-01-26 08:00:00,8.4865
2017-01-26 09:00:00,10.2445
2017-01-26 10:00:00,13.54
2017-01-26 11:00:00,17.495
2017-01-26 12:00:00,21.011
2017-01-26 13:00:00,22.549
2017-01-26 14:00:00,24.966
2017-01-26 15:00:00,25.1855
2017-01-26 16:00:00,24.3065
2017-01-26 17:00:00,22.988
2017-01-26 18:00:00,21.011
2017-01-26 19:00:00,18.5935
2017-01-26 20:00:00,17.0555
2017-01-26 21:00:00,15.5175
2017-01-26 22:00:00,14.419
2017-01-26 23:00:00,13.54
2017-01-27 00:00:00,12.8805
2017-01-27 01:00:00,12.4415
2017-01-27 02:00:00,11.5625
2017-01-27 03:00:00,10.9035
2017-01-27 04:00:00,10.464
2017-01-27 05:00:00,10.0245
2017-01-27 06:00:00,9.8045
2017-01-27 07:00:00,10.2445
2017-01-27 08:00:00,11.1235
2017-01-27 09:00:00,11.5625
2017-01-27 10:00:00,12.2215
2017-01-27 11:00:00,12.661
2017-01-27 12:00:00,14.419
2017-01-27 13:00:00,16.1765
2017-01-27 14:00:00,17.7145
2017-01-27 15:00:00,18.374
2017-01-27 16:00:00,17.715
2017-01-27 17:00:00,16.177
2017-01-27 18:00:00,14.8585
2017-01-27 19:00:00,13.54
2017-01-27 20:00:00,12.661
2017-01-27 21:00:00,12.2215
2017-01-27 22:00:00,12.0015
2017-01-27 23:00:00,11.782
2017-01-28 00:00:00,11.5625
2017-01-28 01:00:00,10.9035
2017-01-28 02:00:00,10.9035
2017-01-28 03:00:00,11.1235
2017-01-28 04:00:00,11.1235
2017-01-28 05:00:00,11.343
2017-01-28 06:00:00,11.343
2017-01-28 07:00:00,11.343
2017-01-28 08:00:00,11.782
2017-01-28 09:00:00,12.4415
2017-01-28 10:00:00,13.54
2017-01-28 11:00:00,14.1995
2017-01-28 12:00:00,15.7375
2017-01-28 13:00:00,19.253
2017-01-28 14:00:00,22.988
2017-01-28 15:00:00,24.3065
2017-01-28 16:00:00,24.307
2017-01-28 17:00:00,23.428
2017-01-28 18:00:00,21.6695
2017-01-28 19:00:00,20.3515
2017-01-28 20:00:00,19.0335
2017-01-28 21:00:00,17.7145
2017-01-28 22:00:00,16.8355
2017-01-28 23:00:00,15.9575
2017-01-29 00:00:00,15.5175
2017-01-29 01:00:00,15.5175
2017-01-29 02:00:00,15.5175
2017-01-29 03:00:00,15.5175
2017-01-29 04:00:00,15.5175
2017-01-29 05:00:00,15.5175
2017-01-29 06:00:00,15.0785
2017-01-29 07:00:00,14.6385
2017-01-29 08:00:00,14.6385
2017-01-29 09:00:00,15.5175
2017-01-29 10:00:00,16.6165
2017-01-29 11:00:00,17.495
2017-01-29 12:00:00,16.6165
2017-01-29 13:00:00,15.957
2017-01-29 14:00:00,15.078
2017-01-29 15:00:00,14.199
2017-01-29 16:00:00,13.54
2017-01-29 17:00:00,13.1005
2017-01-29 18:00:00,12.002
2017-01-29 19:00:00,10.9035
2017-01-29 20:00:00,10.244
2017-01-29 21:00:00,9.805
2017-01-29 22:00:00,10.0245
2017-01-29 23:00:00,10.0245
2017-01-30 00:00:00,10.0245
2017-01-30 01:00:00,10.0245
2017-01-30 02:00:00,10.0245
2017-01-30 03:00:00,9.585
2017-01-30 04:00:00,9.3655
2017-01-30 05:00:00,8.706
2017-01-30 06:00:00,7.6075
2017-01-30 07:00:00,7.1675
2017-01-30 08:00:00,6.7285
2017-01-30 09:00:00,7.3875
2017-01-30 10:00:00,9.3655
2017-01-30 11:00:00,11.3425
2017-01-30 12:00:00,13.54
2017-01-30 13:00:00,14.8585
2017-01-30 14:00:00,16.616
2017-01-30 15:00:00,16.3965
2017-01-30 16:00:00,15.0785
2017-01-30 17:00:00,13.1005
2017-01-30 18:00:00,10.9035
2017-01-30 19:00:00,9.585
2017-01-30 20:00:00,8.706
2017-01-30 21:00:00,8.2665
2017-01-30 22:00:00,7.6075
2017-01-30 23:00:00,7.1675
2017-01-31 00:00:00,6.948
2017-01-31 01:00:00,6.948
2017-01-31 02:00:00,6.948
2017-01-31 03:00:00,6.948
2017-01-31 04:00:00,6.948
2017-01-31 05:00:00,6.948
2017-01-31 06:00:00,6.948
2017-01-31 07:00:00,6.948
2017-01-31 08:00:00,6.948
2017-01-31 09:00:00,6.948
2017-01-31 10:00:00,6.948
2017-01-31 11:00:00,6.948
2017-01-31 12:00:00,6.948
2017-01-31 13:00:00,6.948
2017-01-31 14:00:00,6.948
2017-01-31 15:00:00,6.948
2017-01-31 16:00:00,6.948
2017-01-31 17:00:00,6.948
2017-01-31 18:00:00,6.948
2017-01-31 19:00:00,6.948
2017-01-31 20:00:00,6.948
2017-01-31 21:00:00,6.948
2017-01-31 22:00:00,6.948
2017-01-31 23:00:00,6.948
2017-02-01 00:00:00,10.9035
2017-02-01 01:00:00,9.585
2017-02-01 02:00:00,9.3655
2017-02-01 03:00:00,9.3655
2017-02-01 04:00:00,9.3655
2017-02-01 05:00:00,9.1455
2017-02-01 06:00:00,8.9255
2017-02-01 07:00:00,8.9255
2017-02-01 08:00:00,8.9255
2017-02-01 09:00:00,8.9255
2017-02-01 10:00:00,9.8045
2017-02-01 11:00:00,10.2445
2017-02-01 12:00:00,10.2445
2017-02-01 13:00:00,10.6835
2017-02-01 14:00:00,11.123
2017-02-01 15:00:00,11.343
2017-02-01 16:00:00,11.343
2017-02-01 17:00:00,11.343
2017-02-01 18:00:00,10.9035
2017-02-01 19:00:00,10.0245
2017-02-01 20:00:00,9.1455
2017-02-01 21:00:00,8.706
2017-02-01 22:00:00,8.706
2017-02-01 23:00:00,8.2665
2017-02-02 00:00:00,7.827
2017-02-02 01:00:00,7.827
2017-02-02 02:00:00,7.3875
2017-02-02 03:00:00,7.3875
2017-02-02 04:00:00,7.1675
2017-02-02 05:00:00,7.1675
2017-02-02 06:00:00,7.1675
2017-02-02 07:00:00,7.1675
2017-02-02 08:00:00,6.948
2017-02-02 09:00:00,7.607
2017-02-02 10:00:00,8.486
2017-02-02 11:00:00,8.926
2017-02-02 12:00:00,10.244
2017-02-02 13:00:00,11.5625
2017-02-02 14:00:00,12.881
2017-02-02 15:00:00,13.76
2017-02-02 16:00:00,13.76
2017-02-02 17:00:00,13.32
2017-02-02 18:00:00,12.661
2017-02-02 19:00:00,12.661
2017-02-02 20:00:00,12.2215
2017-02-02 21:00:00,11.782
2017-02-02 22:00:00,11.343
2017-02-02 23:00:00,11.782
2017-02-03 00:00:00,11.343
2017-02-03 01:00:00,10.9035
2017-02-03 02:00:00,10.6835
2017-02-03 03:00:00,10.6835
2017-02-03 04:00:00,10.464
2017-02-03 05:00:00,10.244
2017-02-03 06:00:00,10.0245
2017-02-03 07:00:00,9.585
2017-02-03 08:00:00,9.585
2017-02-03 09:00:00,9.585
2017-02-03 10:00:00,10.464
2017-02-03 11:00:00,10.9035
2017-02-03 12:00:00,11.1235
2017-02-03 13:00:00,11.1235
2017-02-03 14:00:00,11.1235
2017-02-03 15:00:00,10.9035
2017-02-03 16:00:00,11.343
2017-02-03 17:00:00,11.782
2017-02-03 18:00:00,12.002
2017-02-03 19:00:00,12.2215
2017-02-03 20:00:00,12.2215
2017-02-03 21:00:00,12.4415
2017-02-03 22:00:00,12.4415
2017-02-03 23:00:00,12.8805
2017-02-04 00:00:00,12.8805
2017-02-04 01:00:00,12.8805
2017-02-04 02:00:00,12.661
2017-02-04 03:00:00,12.2215
2017-02-04 04:00:00,11.782
2017-02-04 05:00:00,11.343
2017-02-04 06:00:00,11.123
2017-02-04 07:00:00,11.343
2017-02-04 08:00:00,11.343
2017-02-04 09:00:00,11.782
2017-02-04 10:00:00,12.2215
2017-02-04 11:00:00,13.1005
2017-02-04 12:00:00,13.7595
2017-02-04 13:00:00,14.419
2017-02-04 14:00:00,15.0785
2017-02-04 15:00:00,15.298
2017-02-04 16:00:00,15.518
2017-02-04 17:00:00,15.7375
2017-02-04 18:00:00,15.5175
2017-02-04 19:00:00,15.298
2017-02-04 20:00:00,15.0785
2017-02-04 21:00:00,14.8585
2017-02-04 22:00:00,14.8585
2017-02-04 23:00:00,14.8585
2017-02-05 00:00:00,14.6385
2017-02-05 01:00:00,14.6385
2017-02-05 02:00:00,13.7595
2017-02-05 03:00:00,12.8805
2017-02-05 04:00:00,12.4415
2017-02-05 05:00:00,12.4415
2017-02-05 06:00:00,12.2215
2017-02-05 07:00:00,12.2215
2017-02-05 08:00:00,12.4415
2017-02-05 09:00:00,13.1005
2017-02-05 10:00:00,13.7595
2017-02-05 11:00:00,14.1995
2017-02-05 12:00:00,15.5175
2017-02-05 13:00:00,18.374
2017-02-05 14:00:00,20.791
2017-02-05 15:00:00,22.109
2017-02-05 16:00:00,21.8895
2017-02-05 17:00:00,19.9125
2017-02-05 18:00:00,17.495
2017-02-05 19:00:00,15.9575
2017-02-05 20:00:00,14.6385
2017-02-05 21:00:00,13.54
2017-02-05 22:00:00,12.661
2017-02-05 23:00:00,12.2215
2017-02-06 00:00:00,11.782
2017-02-06 01:00:00,11.343
2017-02-06 02:00:00,10.9035
2017-02-06 03:00:00,10.2445
2017-02-06 04:00:00,10.0245
2017-02-06 05:00:00,10.0245
2017-02-06 06:00:00,10.2445
2017-02-06 07:00:00,10.2445
2017-02-06 08:00:00,10.2445
2017-02-06 09:00:00,10.6835
2017-02-06 10:00:00,11.782
2017-02-06 11:00:00,13.32
2017-02-06 12:00:00,16.3965
2017-02-06 13:00:00,17.9345
2017-02-06 14:00:00,18.374
2017-02-06 15:00:00,20.132
2017-02-06 16:00:00,19.4725
2017-02-06 17:00:00,17.275
2017-02-06 18:00:00,15.298
2017-02-06 19:00:00,14.419
2017-02-06 20:00:00,13.54
2017-02-06 21:00:00,13.1005
2017-02-06 22:00:00,12.2215
2017-02-06 23:00:00,11.782
2017-02-07 00:00:00,11.343
2017-02-07 01:00:00,10.9035
2017-02-07 02:00:00,10.464
2017-02-07 03:00:00,9.585
2017-02-07 04:00:00,9.1455
2017-02-07 05:00:00,8.706
2017-02-07 06:00:00,7.827
2017-02-07 07:00:00,7.607
2017-02-07 08:00:00,7.827
2017-02-07 09:00:00,9.1455
2017-02-07 10:00:00,11.123
2017-02-07 11:00:00,13.54
2017-02-07 12:00:00,14.419
2017-02-07 13:00:00,13.9795
2017-02-07 14:00:00,13.76
2017-02-07 15:00:00,13.54
2017-02-07 16:00:00,13.54
2017-02-07 17:00:00,13.1005
2017-02-07 18:00:00,13.1005
2017-02-07 19:00:00,13.1005
2017-02-07 20:00:00,13.1005
2017-02-07 21:00:00,12.8805
2017-02-07 22:00:00,11.782
2017-02-07 23:00:00,11.1235
2017-02-08 00:00:00,10.6835
2017-02-08 01:00:00,10.2445
2017-02-08 02:00:00,9.8045
2017-02-08 03:00:00,9.3655
2017-02-08 04:00:00,8.9255
2017-02-08 05:00:00,8.4865
2017-02-08 06:00:00,8.2665
2017-02-08 07:00:00,8.0465
2017-02-08 08:00:00,7.6075
2017-02-08 09:00:00,7.1675
2017-02-08 10:00:00,7.1675
2017-02-08 11:00:00,7.1675
2017-02-08 12:00:00,7.1675
2017-02-08 13:00:00,7.6075
2017-02-08 14:00:00,7.827
2017-02-08 15:00:00,8.0465
2017-02-08 16:00:00,8.4865
2017-02-08 17:00:00,8.4865
2017-02-08 18:00:00,8.0465
2017-02-08 19:00:00,7.6075
2017-02-08 20:00:00,7.6075
2017-02-08 21:00:00,7.827
2017-02-08 22:00:00,7.827
2017-02-08 23:00:00,8.047
2017-02-09 00:00:00,8.047
2017-02-09 01:00:00,7.827
2017-02-09 02:00:00,7.827
2017-02-09 03:00:00,7.827
2017-02-09 04:00:00,7.827
2017-02-09 05:00:00,7.3875
2017-02-09 06:00:00,6.9485
2017-02-09 07:00:00,6.9485
2017-02-09 08:00:00,6.5085
2017-02-09 09:00:00,6.9485
2017-02-09 10:00:00,8.706
2017-02-09 11:00:00,11.5625
2017-02-09 12:00:00,15.078
2017-02-09 13:00:00,16.1765
2017-02-09 14:00:00,17.935
2017-02-09 15:00:00,18.154
2017-02-09 16:00:00,17.0555
2017-02-09 17:00:00,14.419
2017-02-09 18:00:00,12.661
2017-02-09 19:00:00,11.7825
2017-02-09 20:00:00,11.3425
2017-02-09 21:00:00,11.123
2017-02-09 22:00:00,10.9035
2017-02-09 23:00:00,10.9035
2017-02-10 00:00:00,10.684
2017-02-10 01:00:00,9.805
2017-02-10 02:00:00,9.1455
2017-02-10 03:00:00,8.706
2017-02-10 04:00:00,8.2665
2017-02-10 05:00:00,7.607
2017-02-10 06:00:00,6.948
2017-02-10 07:00:00,6.0695
2017-02-10 08:00:00,5.63
2017-02-10 09:00:00,7.607
2017-02-10 10:00:00,10.684
2017-02-10 11:00:00,13.54
2017-02-10 12:00:00,16.6165
2017-02-10 13:00:00,17.495
2017-02-10 14:00:00,19.692
2017-02-10 15:00:00,19.9125
2017-02-10 16:00:00,18.154
2017-02-10 17:00:00,15.957
2017-02-10 18:00:00,14.199
2017-02-10 19:00:00,12.661
2017-02-10 20:00:00,11.343
2017-02-10 21:00:00,10.464
2017-02-10 22:00:00,9.585
2017-02-10 23:00:00,9.1455
2017-02-11 00:00:00,8.2665
2017-02-11 01:00:00,7.6075
2017-02-11 02:00:00,6.948
2017-02-11 03:00:00,6.0695
2017-02-11 04:00:00,5.1905
2017-02-11 05:00:00,4.751
2017-02-11 06:00:00,3.872
2017-02-11 07:00:00,3.652
2017-02-11 08:00:00,3.4325
2017-02-11 09:00:00,6.0695
2017-02-11 10:00:00,10.6835
2017-02-11 11:00:00,15.078
2017-02-11 12:00:00,18.8135
2017-02-11 13:00:00,19.912
2017-02-11 14:00:00,21.67
2017-02-11 15:00:00,22.329
2017-02-11 16:00:00,21.45
2017-02-11 17:00:00,19.4725
2017-02-11 18:00:00,17.0555
2017-02-11 19:00:00,14.6385
2017-02-11 20:00:00,12.4415
2017-02-11 21:00:00,11.1235
2017-02-11 22:00:00,10.0245
2017-02-11 23:00:00,9.3655
2017-02-12 00:00:00,8.706
2017-02-12 01:00:00,7.827
2017-02-12 02:00:00,7.1675
2017-02-12 03:00:00,6.2895
2017-02-12 04:00:00,5.63
2017-02-12 05:00:00,5.1905
2017-02-12 06:00:00,4.531
2017-02-12 07:00:00,4.3115
2017-02-12 08:00:00,4.3115
2017-02-12 09:00:00,7.1675
2017-02-12 10:00:00,11.343
2017-02-12 11:00:00,15.518
2017-02-12 12:00:00,19.912
2017-02-12 13:00:00,21.67
2017-02-12 14:00:00,24.746
2017-02-12 15:00:00,25.625
2017-02-12 16:00:00,24.746
2017-02-12 17:00:00,22.988
2017-02-12 18:00:00,20.7915
2017-02-12 19:00:00,18.1545
2017-02-12 20:00:00,15.9575
2017-02-12 21:00:00,14.6385
2017-02-12 22:00:00,13.3205
2017-02-12 23:00:00,12.4415
2017-02-13 00:00:00,12.4415
2017-02-13 01:00:00,12.0015
2017-02-13 02:00:00,11.5625
2017-02-13 03:00:00,10.6835
2017-02-13 04:00:00,10.0245
2017-02-13 05:00:00,9.1455
2017-02-13 06:00:00,8.4865
2017-02-13 07:00:00,7.827
2017-02-13 08:00:00,7.827
2017-02-13 09:00:00,10.2445
2017-02-13 10:00:00,14.199
2017-02-13 11:00:00,18.594
2017-02-13 12:00:00,22.9885
2017-02-13 13:00:00,25.4055
2017-02-13 14:00:00,28.701
2017-02-13 15:00:00,30.0195
2017-02-13 16:00:00,29.58
2017-02-13 17:00:00,27.6025
2017-02-13 18:00:00,24.7465
2017-02-13 19:00:00,21.8895
2017-02-13 20:00:00,19.4725
2017-02-13 21:00:00,17.7145
2017-02-13 22:00:00,16.3965
2017-02-13 23:00:00,15.0785
2017-02-14 00:00:00,14.1995
2017-02-14 01:00:00,13.3205
2017-02-14 02:00:00,12.4415
2017-02-14 03:00:00,11.782
2017-02-14 04:00:00,10.6835
2017-02-14 05:00:00,10.0245
2017-02-14 06:00:00,9.1455
2017-02-14 07:00:00,8.706
2017-02-14 08:00:00,8.9255
2017-02-14 09:00:00,12.0015
2017-02-14 10:00:00,16.616
2017-02-14 11:00:00,20.132
2017-02-14 12:00:00,22.7685
2017-02-14 13:00:00,24.746
2017-02-14 14:00:00,26.284
2017-02-14 15:00:00,26.5035
2017-02-14 16:00:00,25.625
2017-02-14 17:00:00,24.087
2017-02-14 18:00:00,22.329
2017-02-14 19:00:00,21.011
2017-02-14 20:00:00,19.9125
2017-02-14 21:00:00,18.8135
2017-02-14 22:00:00,18.1545
2017-02-14 23:00:00,17.495
2017-02-15 00:00:00,16.836
2017-02-15 01:00:00,16.3965
2017-02-15 02:00:00,16.177
2017-02-15 03:00:00,15.9575
2017-02-15 04:00:00,15.5175
2017-02-15 05:00:00,14.6385
2017-02-15 06:00:00,13.3205
2017-02-15 07:00:00,12.4415
2017-02-15 08:00:00,12.2215
2017-02-15 09:00:00,14.1995
2017-02-15 10:00:00,17.275
2017-02-15 11:00:00,20.3515
2017-02-15 12:00:00,24.087
2017-02-15 13:00:00,26.0645
2017-02-15 14:00:00,29.3605
2017-02-15 15:00:00,30.6785
2017-02-15 16:00:00,29.58
2017-02-15 17:00:00,28.4815
2017-02-15 18:00:00,26.5035
2017-02-15 19:00:00,23.8675
2017-02-15 20:00:00,22.329
2017-02-15 21:00:00,21.2305
2017-02-15 22:00:00,20.352
2017-02-15 23:00:00,20.132
2017-02-16 00:00:00,19.473
2017-02-16 01:00:00,19.033
2017-02-16 02:00:00,18.8135
2017-02-16 03:00:00,18.1545
2017-02-16 04:00:00,18.1545
2017-02-16 05:00:00,17.9345
2017-02-16 06:00:00,16.8355
2017-02-16 07:00:00,16.177
2017-02-16 08:00:00,15.9575
2017-02-16 09:00:00,16.3965
2017-02-16 10:00:00,16.3965
2017-02-16 11:00:00,18.594
2017-02-16 12:00:00,22.7685
2017-02-16 13:00:00,25.405
2017-02-16 14:00:00,28.921
2017-02-16 15:00:00,30.4585
2017-02-16 16:00:00,30.459
2017-02-16 17:00:00,29.5805
2017-02-16 18:00:00,28.7015
2017-02-16 19:00:00,27.6025
2017-02-16 20:00:00,26.5035
2017-02-16 21:00:00,25.1855
2017-02-16 22:00:00,23.8675
2017-02-16 23:00:00,22.5485
2017-02-17 00:00:00,21.6695
2017-02-17 01:00:00,20.7915
2017-02-17 02:00:00,20.132
2017-02-17 03:00:00,19.4725
2017-02-17 04:00:00,19.4725
2017-02-17 05:00:00,19.4725
2017-02-17 06:00:00,19.4725
2017-02-17 07:00:00,18.374
2017-02-17 08:00:00,17.0555
2017-02-17 09:00:00,16.3965
2017-02-17 10:00:00,16.3965
2017-02-17 11:00:00,16.3965
2017-02-17 12:00:00,16.3965
2017-02-17 13:00:00,16.8355
2017-02-17 14:00:00,17.0555
2017-02-17 15:00:00,15.9575
2017-02-17 16:00:00,15.7375
2017-02-17 17:00:00,15.7375
2017-02-17 18:00:00,15.7375
2017-02-17 19:00:00,15.7375
2017-02-17 20:00:00,15.298
2017-02-17 21:00:00,15.078
2017-02-17 22:00:00,14.419
2017-02-17 23:00:00,14.419
2017-02-18 00:00:00,13.9795
2017-02-18 01:00:00,13.54
2017-02-18 02:00:00,13.1005
2017-02-18 03:00:00,12.661
2017-02-18 04:00:00,12.2215
2017-02-18 05:00:00,11.782
2017-02-18 06:00:00,10.9035
2017-02-18 07:00:00,10.2445
2017-02-18 08:00:00,9.8045
2017-02-18 09:00:00,11.1235
2017-02-18 10:00:00,13.54
2017-02-18 11:00:00,15.9575
2017-02-18 12:00:00,19.253
2017-02-18 13:00:00,21.4505
2017-02-18 14:00:00,24.307
2017-02-18 15:00:00,24.966
2017-02-18 16:00:00,24.5265
2017-02-18 17:00:00,22.5485
2017-02-18 18:00:00,20.352
2017-02-18 19:00:00,18.5935
2017-02-18 20:00:00,16.616
2017-02-18 21:00:00,15.298
2017-02-18 22:00:00,14.8585
2017-02-18 23:00:00,14.419
2017-02-19 00:00:00,13.54
2017-02-19 01:00:00,13.32
2017-02-19 02:00:00,12.881
2017-02-19 03:00:00,12.881
2017-02-19 04:00:00,12.441
2017-02-19 05:00:00,12.441
2017-02-19 06:00:00,12.2215
2017-02-19 07:00:00,12.002
2017-02-19 08:00:00,12.2215
2017-02-19 09:00:00,13.54
2017-02-19 10:00:00,16.3965
2017-02-19 11:00:00,20.5715
2017-02-19 12:00:00,24.966
2017-02-19 13:00:00,26.7235
2017-02-19 14:00:00,27.3825
2017-02-19 15:00:00,30.0195
2017-02-19 16:00:00,30.239
2017-02-19 17:00:00,29.1405
2017-02-19 18:00:00,27.6025
2017-02-19 19:00:00,26.7235
2017-02-19 20:00:00,25.8445
2017-02-19 21:00:00,24.966
2017-02-19 22:00:00,24.307
2017-02-19 23:00:00,24.087
2017-02-20 00:00:00,23.6475
2017-02-20 01:00:00,23.4275
2017-02-20 02:00:00,22.7685
2017-02-20 03:00:00,22.7685
2017-02-20 04:00:00,22.5485
2017-02-20 05:00:00,21.45
2017-02-20 06:00:00,21.011
2017-02-20 07:00:00,19.253
2017-02-20 08:00:00,17.9345
2017-02-20 09:00:00,17.275
2017-02-20 10:00:00,15.957
2017-02-20 11:00:00,14.8585
2017-02-20 12:00:00,14.6385
2017-02-20 13:00:00,14.6385
2017-02-20 14:00:00,14.419
2017-02-20 15:00:00,13.9795
2017-02-20 16:00:00,13.7595
2017-02-20 17:00:00,13.1005
2017-02-20 18:00:00,12.661
2017-02-20 19:00:00,12.2215
2017-02-20 20:00:00,11.782
2017-02-20 21:00:00,11.343
2017-02-20 22:00:00,10.9035
2017-02-20 23:00:00,10.464
2017-02-21 00:00:00,10.0245
2017-02-21 01:00:00,9.585
2017-02-21 02:00:00,8.926
2017-02-21 03:00:00,8.2665
2017-02-21 04:00:00,8.047
2017-02-21 05:00:00,7.827
2017-02-21 06:00:00,7.607
2017-02-21 07:00:00,7.607
2017-02-21 08:00:00,7.607
2017-02-21 09:00:00,8.2665
2017-02-21 10:00:00,9.365
2017-02-21 11:00:00,10.9035
2017-02-21 12:00:00,12.2215
2017-02-21 13:00:00,12.881
2017-02-21 14:00:00,13.76
2017-02-21 15:00:00,14.639
2017-02-21 16:00:00,15.078
2017-02-21 17:00:00,14.639
2017-02-21 18:00:00,14.419
2017-02-21 19:00:00,14.419
2017-02-21 20:00:00,14.8585
2017-02-21 21:00:00,13.32
2017-02-21 22:00:00,12.441
2017-02-21 23:00:00,12.002
2017-02-22 00:00:00,11.123
2017-02-22 01:00:00,10.684
2017-02-22 02:00:00,10.684
2017-02-22 03:00:00,10.0245
2017-02-22 04:00:00,9.805
2017-02-22 05:00:00,9.365
2017-02-22 06:00:00,8.926
2017-02-22 07:00:00,8.926
2017-02-22 08:00:00,8.486
2017-02-22 09:00:00,7.827
2017-02-22 10:00:00,7.6075
2017-02-22 11:00:00,7.6075
2017-02-22 12:00:00,7.827
2017-02-22 13:00:00,7.827
2017-02-22 14:00:00,8.486
2017-02-22 15:00:00,8.926
2017-02-22 16:00:00,9.365
2017-02-22 17:00:00,9.585
2017-02-22 18:00:00,9.805
2017-02-22 19:00:00,9.805
2017-02-22 20:00:00,9.805
2017-02-22 21:00:00,10.0245
2017-02-22 22:00:00,10.0245
2017-02-22 23:00:00,10.244
2017-02-23 00:00:00,10.244
2017-02-23 01:00:00,9.805
2017-02-23 02:00:00,9.805
2017-02-23 03:00:00,9.585
2017-02-23 04:00:00,9.1455
2017-02-23 05:00:00,8.706
2017-02-23 06:00:00,8.926
2017-02-23 07:00:00,8.926
2017-02-23 08:00:00,9.1455
2017-02-23 09:00:00,9.585
2017-02-23 10:00:00,10.464
2017-02-23 11:00:00,12.2215
2017-02-23 12:00:00,13.54
2017-02-23 13:00:00,15.298
2017-02-23 14:00:00,15.518
2017-02-23 15:00:00,15.7375
2017-02-23 16:00:00,15.7375
2017-02-23 17:00:00,15.7375
2017-02-23 18:00:00,15.298
2017-02-23 19:00:00,13.9795
2017-02-23 20:00:00,13.1005
2017-02-23 21:00:00,12.2215
2017-02-23 22:00:00,12.0015
2017-02-23 23:00:00,11.782
2017-02-24 00:00:00,11.782
2017-02-24 01:00:00,11.343
2017-02-24 02:00:00,10.6835
2017-02-24 03:00:00,10.0245
2017-02-24 04:00:00,9.585
2017-02-24 05:00:00,9.1455
2017-02-24 06:00:00,8.706
2017-02-24 07:00:00,7.827
2017-02-24 08:00:00,7.827
2017-02-24 09:00:00,9.8045
2017-02-24 10:00:00,13.32
2017-02-24 11:00:00,17.0555
2017-02-24 12:00:00,19.912
2017-02-24 13:00:00,20.791
2017-02-24 14:00:00,21.67
2017-02-24 15:00:00,22.7685
2017-02-24 16:00:00,22.5485
2017-02-24 17:00:00,21.2305
2017-02-24 18:00:00,19.0335
2017-02-24 19:00:00,17.495
2017-02-24 20:00:00,15.9575
2017-02-24 21:00:00,15.0785
2017-02-24 22:00:00,13.9795
2017-02-24 23:00:00,13.54
2017-02-25 00:00:00,12.8805
2017-02-25 01:00:00,12.4415
2017-02-25 02:00:00,12.0015
2017-02-25 03:00:00,11.343
2017-02-25 04:00:00,10.6835
2017-02-25 05:00:00,10.0245
2017-02-25 06:00:00,9.1455
2017-02-25 07:00:00,8.9255
2017-02-25 08:00:00,9.1455
2017-02-25 09:00:00,11.343
2017-02-25 10:00:00,15.298
2017-02-25 11:00:00,19.6925
2017-02-25 12:00:00,23.208
2017-02-25 13:00:00,24.746
2017-02-25 14:00:00,26.2845
2017-02-25 15:00:00,26.943
2017-02-25 16:00:00,25.625
2017-02-25 17:00:00,23.428
2017-02-25 18:00:00,21.6695
2017-02-25 19:00:00,19.6925
2017-02-25 20:00:00,18.1545
2017-02-25 21:00:00,17.2755
2017-02-25 22:00:00,16.177
2017-02-25 23:00:00,15.7375
2017-02-26 00:00:00,15.5175
2017-02-26 01:00:00,15.298
2017-02-26 02:00:00,14.8585
2017-02-26 03:00:00,14.1995
2017-02-26 04:00:00,13.7595
2017-02-26 05:00:00,13.54
2017-02-26 06:00:00,12.8805
2017-02-26 07:00:00,12.4415
2017-02-26 08:00:00,12.2215
2017-02-26 09:00:00,14.1995
2017-02-26 10:00:00,17.9345
2017-02-26 11:00:00,21.67
2017-02-26 12:00:00,24.746
2017-02-26 13:00:00,26.724
2017-02-26 14:00:00,28.7015
2017-02-26 15:00:00,29.141
2017-02-26 16:00:00,28.042
2017-02-26 17:00:00,25.845
2017-02-26 18:00:00,23.8675
2017-02-26 19:00:00,21.6695
2017-02-26 20:00:00,19.9125
2017-02-26 21:00:00,18.5935
2017-02-26 22:00:00,17.7145
2017-02-26 23:00:00,16.8355
2017-02-27 00:00:00,15.9575
2017-02-27 01:00:00,15.298
2017-02-27 02:00:00,14.419
2017-02-27 03:00:00,13.9795
2017-02-27 04:00:00,13.1005
2017-02-27 05:00:00,11.782
2017-02-27 06:00:00,11.343
2017-02-27 07:00:00,10.9035
2017-02-27 08:00:00,10.9035
2017-02-27 09:00:00,12.8805
2017-02-27 10:00:00,16.616
2017-02-27 11:00:00,19.9125
2017-02-27 12:00:00,23.428
2017-02-27 13:00:00,25.625
2017-02-27 14:00:00,27.822
2017-02-27 15:00:00,28.921
2017-02-27 16:00:00,27.6025
2017-02-27 17:00:00,25.8445
2017-02-27 18:00:00,24.087
2017-02-27 19:00:00,22.1095
2017-02-27 20:00:00,20.3515
2017-02-27 21:00:00,19.6925
2017-02-27 22:00:00,19.253
2017-02-27 23:00:00,18.8135
2017-02-28 00:00:00,18.154
2017-02-28 01:00:00,17.715
2017-02-28 02:00:00,17.0555
2017-02-28 03:00:00,16.616
2017-02-28 04:00:00,16.3965
2017-02-28 05:00:00,16.177
2017-02-28 06:00:00,15.9575
2017-02-28 07:00:00,15.0785
2017-02-28 08:00:00,14.8585
2017-02-28 09:00:00,16.8355
2017-02-28 10:00:00,20.5715
2017-02-28 11:00:00,23.6475
2017-02-28 12:00:00,26.0645
2017-02-28 13:00:00,26.9435
2017-02-28 14:00:00,28.4815
2017-02-28 15:00:00,29.141
2017-02-28 16:00:00,28.042
2017-02-28 17:00:00,26.5035
2017-02-28 18:00:00,24.966
2017-02-28 19:00:00,23.8675
2017-02-28 20:00:00,22.9885
2017-02-28 21:00:00,22.1095
2017-02-28 22:00:00,21.45
2017-02-28 23:00:00,21.011
2017-03-01 00:00:00,20.5715
2017-03-01 01:00:00,19.9125
2017-03-01 02:00:00,19.253
2017-03-01 03:00:00,18.8135
2017-03-01 04:00:00,17.7145
2017-03-01 05:00:00,17.2755
2017-03-01 06:00:00,16.8355
2017-03-01 07:00:00,16.8355
2017-03-01 08:00:00,16.3965
2017-03-01 09:00:00,16.836
2017-03-01 10:00:00,18.594
2017-03-01 11:00:00,20.791
2017-03-01 12:00:00,23.428
2017-03-01 13:00:00,25.625
2017-03-01 14:00:00,26.9435
2017-03-01 15:00:00,24.3065
2017-03-01 16:00:00,22.549
2017-03-01 17:00:00,21.4505
2017-03-01 18:00:00,19.6925
2017-03-01 19:00:00,18.594
2017-03-01 20:00:00,17.715
2017-03-01 21:00:00,16.836
2017-03-01 22:00:00,16.177
2017-03-01 23:00:00,15.0785
2017-03-02 00:00:00,14.1995
2017-03-02 01:00:00,13.7595
2017-03-02 02:00:00,12.8805
2017-03-02 03:00:00,12.0015
2017-03-02 04:00:00,10.9035
2017-03-02 05:00:00,9.8045
2017-03-02 06:00:00,8.9255
2017-03-02 07:00:00,8.2665
2017-03-02 08:00:00,8.4865
2017-03-02 09:00:00,10.9035
2017-03-02 10:00:00,15.298
2017-03-02 11:00:00,19.6925
2017-03-02 12:00:00,22.549
2017-03-02 13:00:00,23.8675
2017-03-02 14:00:00,26.284
2017-03-02 15:00:00,27.8225
2017-03-02 16:00:00,25.1855
2017-03-02 17:00:00,22.7685
2017-03-02 18:00:00,21.011
2017-03-02 19:00:00,18.5935
2017-03-02 20:00:00,16.8355
2017-03-02 21:00:00,15.5175
2017-03-02 22:00:00,14.6385
2017-03-02 23:00:00,14.1995
2017-03-03 00:00:00,14.1995
2017-03-03 01:00:00,14.1995
2017-03-03 02:00:00,13.54
2017-03-03 03:00:00,13.1005
2017-03-03 04:00:00,12.661
2017-03-03 05:00:00,11.782
2017-03-03 06:00:00,11.782
2017-03-03 07:00:00,11.343
2017-03-03 08:00:00,11.5625
2017-03-03 09:00:00,13.1005
2017-03-03 10:00:00,15.957
2017-03-03 11:00:00,19.0335
2017-03-03 12:00:00,21.8895
2017-03-03 13:00:00,23.867
2017-03-03 14:00:00,24.5265
2017-03-03 15:00:00,24.966
2017-03-03 16:00:00,25.1855
2017-03-03 17:00:00,25.405
2017-03-03 18:00:00,24.3065
2017-03-03 19:00:00,22.9885
2017-03-03 20:00:00,21.45
2017-03-03 21:00:00,20.5715
2017-03-03 22:00:00,19.6925
2017-03-03 23:00:00,19.253
2017-03-04 00:00:00,18.5935
2017-03-04 01:00:00,17.2755
2017-03-04 02:00:00,16.3965
2017-03-04 03:00:00,15.5175
2017-03-04 04:00:00,14.419
2017-03-04 05:00:00,13.7595
2017-03-04 06:00:00,13.3205
2017-03-04 07:00:00,12.8805
2017-03-04 08:00:00,13.7595
2017-03-04 09:00:00,16.177
2017-03-04 10:00:00,20.352
2017-03-04 11:00:00,24.746
2017-03-04 12:00:00,28.042
2017-03-04 13:00:00,28.921
2017-03-04 14:00:00,28.7015
2017-03-04 15:00:00,27.822
2017-03-04 16:00:00,27.163
2017-03-04 17:00:00,26.7235
2017-03-04 18:00:00,26.284
2017-03-04 19:00:00,24.966
2017-03-04 20:00:00,22.109
2017-03-04 21:00:00,20.132
2017-03-04 22:00:00,19.033
2017-03-04 23:00:00,18.154
2017-03-05 00:00:00,17.715
2017-03-05 01:00:00,17.495
2017-03-05 02:00:00,17.2755
2017-03-05 03:00:00,16.8355
2017-03-05 04:00:00,16.616
2017-03-05 05:00:00,16.3965
2017-03-05 06:00:00,16.616
2017-03-05 07:00:00,16.616
2017-03-05 08:00:00,16.616
2017-03-05 09:00:00,17.0555
2017-03-05 10:00:00,18.154
2017-03-05 11:00:00,20.791
2017-03-05 12:00:00,23.4275
2017-03-05 13:00:00,24.5265
2017-03-05 14:00:00,25.1855
2017-03-05 15:00:00,25.405
2017-03-05 16:00:00,24.5265
2017-03-05 17:00:00,24.087
2017-03-05 18:00:00,23.428
2017-03-05 19:00:00,22.7685
2017-03-05 20:00:00,22.1095
2017-03-05 21:00:00,21.45
2017-03-05 22:00:00,20.7915
2017-03-05 23:00:00,20.3515
2017-03-06 00:00:00,19.253
2017-03-06 01:00:00,17.9345
2017-03-06 02:00:00,16.616
2017-03-06 03:00:00,15.7375
2017-03-06 04:00:00,15.298
2017-03-06 05:00:00,14.8585
2017-03-06 06:00:00,14.1995
2017-03-06 07:00:00,13.3205
2017-03-06 08:00:00,13.3205
2017-03-06 09:00:00,14.6385
2017-03-06 10:00:00,17.495
2017-03-06 11:00:00,20.5715
2017-03-06 12:00:00,23.647
2017-03-06 13:00:00,24.966
2017-03-06 14:00:00,27.163
2017-03-06 15:00:00,28.042
2017-03-06 16:00:00,26.2845
2017-03-06 17:00:00,24.5265
2017-03-06 18:00:00,21.8895
2017-03-06 19:00:00,19.6925
2017-03-06 20:00:00,18.5935
2017-03-06 21:00:00,17.2755
2017-03-06 22:00:00,16.3965
2017-03-06 23:00:00,15.5175
2017-03-07 00:00:00,14.6385
2017-03-07 01:00:00,13.7595
2017-03-07 02:00:00,12.8805
2017-03-07 03:00:00,12.2215
2017-03-07 04:00:00,11.343
2017-03-07 05:00:00,10.6835
2017-03-07 06:00:00,10.0245
2017-03-07 07:00:00,9.585
2017-03-07 08:00:00,10.2445
2017-03-07 09:00:00,13.1005
2017-03-07 10:00:00,17.715
2017-03-07 11:00:00,21.8895
2017-03-07 12:00:00,25.405
2017-03-07 13:00:00,26.724
2017-03-07 14:00:00,28.921
2017-03-07 15:00:00,29.58
2017-03-07 16:00:00,28.2615
2017-03-07 17:00:00,26.2845
2017-03-07 18:00:00,24.5265
2017-03-07 19:00:00,22.1095
2017-03-07 20:00:00,19.9125
2017-03-07 21:00:00,18.5935
2017-03-07 22:00:00,18.1545
2017-03-07 23:00:00,17.7145
2017-03-08 00:00:00,17.2755
2017-03-08 01:00:00,16.8355
2017-03-08 02:00:00,15.9575
2017-03-08 03:00:00,14.6385
2017-03-08 04:00:00,13.7595
2017-03-08 05:00:00,12.661
2017-03-08 06:00:00,12.0015
2017-03-08 07:00:00,11.5625
2017-03-08 08:00:00,11.782
2017-03-08 09:00:00,13.9795
2017-03-08 10:00:00,18.154
2017-03-08 11:00:00,22.1095
2017-03-08 12:00:00,25.1855
2017-03-08 13:00:00,26.0645
2017-03-08 14:00:00,28.2615
2017-03-08 15:00:00,29.58
2017-03-08 16:00:00,27.6025
2017-03-08 17:00:00,25.4055
2017-03-08 18:00:00,23.6475
2017-03-08 19:00:00,21.45
2017-03-08 20:00:00,19.4725
2017-03-08 21:00:00,18.1545
2017-03-08 22:00:00,17.2755
2017-03-08 23:00:00,16.3965
2017-03-09 00:00:00,15.5175
2017-03-09 01:00:00,14.6385
2017-03-09 02:00:00,13.54
2017-03-09 03:00:00,12.8805
2017-03-09 04:00:00,12.4415
2017-03-09 05:00:00,12.0015
2017-03-09 06:00:00,11.5625
2017-03-09 07:00:00,11.1235
2017-03-09 08:00:00,11.782
2017-03-09 09:00:00,14.1995
2017-03-09 10:00:00,18.374
2017-03-09 11:00:00,22.329
2017-03-09 12:00:00,25.405
2017-03-09 13:00:00,27.383
2017-03-09 14:00:00,29.8
2017-03-09 15:00:00,31.118
2017-03-09 16:00:00,30.239
2017-03-09 17:00:00,28.7015
2017-03-09 18:00:00,26.7235
2017-03-09 19:00:00,24.7465
2017-03-09 20:00:00,22.9885
2017-03-09 21:00:00,22.1095
2017-03-09 22:00:00,20.7915
2017-03-09 23:00:00,20.3515
2017-03-10 00:00:00,20.3515
2017-03-10 01:00:00,20.3515
2017-03-10 02:00:00,19.9125
2017-03-10 03:00:00,19.4725
2017-03-10 04:00:00,19.0335
2017-03-10 05:00:00,18.8135
2017-03-10 06:00:00,18.8135
2017-03-10 07:00:00,18.5935
2017-03-10 08:00:00,18.8135
2017-03-10 09:00:00,19.9125
2017-03-10 10:00:00,21.6695
2017-03-10 11:00:00,22.7685
2017-03-10 12:00:00,24.5265
2017-03-10 13:00:00,25.8445
2017-03-10 14:00:00,27.163
2017-03-10 15:00:00,29.58
2017-03-10 16:00:00,29.5805
2017-03-10 17:00:00,28.2615
2017-03-10 18:00:00,26.504
2017-03-10 19:00:00,24.966
2017-03-10 20:00:00,23.6475
2017-03-10 21:00:00,22.329
2017-03-10 22:00:00,21.67
2017-03-10 23:00:00,21.2305
2017-03-11 00:00:00,21.2305
2017-03-11 01:00:00,21.011
2017-03-11 02:00:00,20.791
2017-03-11 03:00:00,20.3515
2017-03-11 04:00:00,19.4725
2017-03-11 05:00:00,18.5935
2017-03-11 06:00:00,17.9345
2017-03-11 07:00:00,17.7145
2017-03-11 08:00:00,18.5935
2017-03-11 09:00:00,20.5715
2017-03-11 10:00:00,23.428
2017-03-11 11:00:00,25.625
2017-03-11 12:00:00,27.8225
2017-03-11 13:00:00,28.921
2017-03-11 14:00:00,29.8
2017-03-11 15:00:00,30.8985
2017-03-11 16:00:00,29.1405
2017-03-11 17:00:00,27.6025
2017-03-11 18:00:00,25.625
2017-03-11 19:00:00,24.3065
2017-03-11 20:00:00,23.6475
2017-03-11 21:00:00,22.9885
2017-03-11 22:00:00,22.1095
2017-03-11 23:00:00,21.6695
2017-03-12 00:00:00,21.6695
2017-03-12 01:00:00,21.2305
2017-03-12 02:00:00,21.2305
2017-03-12 03:00:00,21.2305
2017-03-12 04:00:00,20.3515
2017-03-12 05:00:00,20.3515
2017-03-12 06:00:00,19.9125
2017-03-12 07:00:00,19.9125
2017-03-12 08:00:00,19.9125
2017-03-12 09:00:00,21.011
2017-03-12 10:00:00,22.9885
2017-03-12 11:00:00,23.8675
2017-03-12 12:00:00,23.8675
2017-03-12 13:00:00,23.4275
2017-03-12 14:00:00,22.9885
2017-03-12 15:00:00,22.1095
2017-03-12 16:00:00,20.5715
2017-03-12 17:00:00,19.253
2017-03-12 18:00:00,18.374
2017-03-12 19:00:00,18.374
2017-03-12 20:00:00,18.374
2017-03-12 21:00:00,18.1545
2017-03-12 22:00:00,17.9345
2017-03-12 23:00:00,17.7145
2017-03-13 00:00:00,17.7145
2017-03-13 01:00:00,17.7145
2017-03-13 02:00:00,16.8355
2017-03-13 03:00:00,16.616
2017-03-13 04:00:00,16.3965
2017-03-13 05:00:00,16.3965
2017-03-13 06:00:00,15.9575
2017-03-13 07:00:00,15.298
2017-03-13 08:00:00,14.6385
2017-03-13 09:00:00,14.419
2017-03-13 10:00:00,14.1995
2017-03-13 11:00:00,13.7595
2017-03-13 12:00:00,13.3205
2017-03-13 13:00:00,0.0
2017-03-13 14:00:00,13.1005
2017-03-13 15:00:00,12.661
2017-03-13 16:00:00,12.4415
2017-03-13 17:00:00,12.4415
2017-03-13 18:00:00,12.4415
2017-03-13 19:00:00,13.3205
2017-03-13 20:00:00,13.7595
2017-03-13 21:00:00,13.7595
2017-03-13 22:00:00,13.9795
2017-03-13 23:00:00,14.1995
2017-03-14 00:00:00,14.1995
2017-03-14 01:00:00,13.9795
2017-03-14 02:00:00,13.9795
2017-03-14 03:00:00,13.3205
2017-03-14 04:00:00,12.661
2017-03-14 05:00:00,11.5625
2017-03-14 06:00:00,10.6835
2017-03-14 07:00:00,10.2445
2017-03-14 08:00:00,11.343
2017-03-14 09:00:00,13.7595
2017-03-14 10:00:00,17.9345
2017-03-14 11:00:00,22.1095
2017-03-14 12:00:00,24.526
2017-03-14 13:00:00,25.845
2017-03-14 14:00:00,28.262
2017-03-14 15:00:00,30.239
2017-03-14 16:00:00,28.4815
2017-03-14 17:00:00,26.7235
2017-03-14 18:00:00,24.5265
2017-03-14 19:00:00,22.7685
2017-03-14 20:00:00,21.6695
2017-03-14 21:00:00,20.132
2017-03-14 22:00:00,18.374
2017-03-14 23:00:00,17.0555
2017-03-15 00:00:00,15.9575
2017-03-15 01:00:00,15.7375
2017-03-15 02:00:00,15.5175
2017-03-15 03:00:00,14.6385
2017-03-15 04:00:00,13.54
2017-03-15 05:00:00,13.1005
2017-03-15 06:00:00,12.661
2017-03-15 07:00:00,12.2215
2017-03-15 08:00:00,13.1005
2017-03-15 09:00:00,15.5175
2017-03-15 10:00:00,18.8135
2017-03-15 11:00:00,21.6695
2017-03-15 12:00:00,23.8675
2017-03-15 13:00:00,25.4055
2017-03-15 14:00:00,26.284
2017-03-15 15:00:00,24.966
2017-03-15 16:00:00,23.208
2017-03-15 17:00:00,21.8895
2017-03-15 18:00:00,21.2305
2017-03-15 19:00:00,20.7915
2017-03-15 20:00:00,20.7915
2017-03-15 21:00:00,20.3515
2017-03-15 22:00:00,19.473
2017-03-15 23:00:00,19.473
2017-03-16 00:00:00,18.594
2017-03-16 01:00:00,18.154
2017-03-16 02:00:00,17.9345
2017-03-16 03:00:00,17.9345
2017-03-16 04:00:00,18.1545
2017-03-16 05:00:00,17.495
2017-03-16 06:00:00,17.2755
2017-03-16 07:00:00,16.8355
2017-03-16 08:00:00,17.0555
2017-03-16 09:00:00,17.9345
2017-03-16 10:00:00,20.132
2017-03-16 11:00:00,23.208
2017-03-16 12:00:00,25.4055
2017-03-16 13:00:00,24.746
2017-03-16 14:00:00,24.3065
2017-03-16 15:00:00,23.4275
2017-03-16 16:00:00,22.549
2017-03-16 17:00:00,21.8895
2017-03-16 18:00:00,20.5715
2017-03-16 19:00:00,19.6925
2017-03-16 20:00:00,19.253
2017-03-16 21:00:00,18.5935
2017-03-16 22:00:00,17.7145
2017-03-16 23:00:00,17.2755
2017-03-17 00:00:00,16.616
2017-03-17 01:00:00,15.7375
2017-03-17 02:00:00,15.0785
2017-03-17 03:00:00,14.6385
2017-03-17 04:00:00,13.9795
2017-03-17 05:00:00,13.54
2017-03-17 06:00:00,13.3205
2017-03-17 07:00:00,13.3205
2017-03-17 08:00:00,14.419
2017-03-17 09:00:00,16.3965
2017-03-17 10:00:00,18.1545
2017-03-17 11:00:00,19.6925
2017-03-17 12:00:00,20.7915
2017-03-17 13:00:00,21.8895
2017-03-17 14:00:00,23.6475
2017-03-17 15:00:00,22.988
2017-03-17 16:00:00,21.8895
2017-03-17 17:00:00,21.45
2017-03-17 18:00:00,21.011
2017-03-17 19:00:00,20.3515
2017-03-17 20:00:00,20.3515
2017-03-17 21:00:00,20.132
2017-03-17 22:00:00,20.132
2017-03-17 23:00:00,20.132
2017-03-18 00:00:00,19.253
2017-03-18 01:00:00,18.1545
2017-03-18 02:00:00,17.495
2017-03-18 03:00:00,17.0555
2017-03-18 04:00:00,17.2755
2017-03-18 05:00:00,17.2755
2017-03-18 06:00:00,17.0555
2017-03-18 07:00:00,17.0555
2017-03-18 08:00:00,17.2755
2017-03-18 09:00:00,17.7145
2017-03-18 10:00:00,17.7145
2017-03-18 11:00:00,18.374
2017-03-18 12:00:00,18.8135
2017-03-18 13:00:00,19.253
2017-03-18 14:00:00,19.6925
2017-03-18 15:00:00,20.132
2017-03-18 16:00:00,20.132
2017-03-18 17:00:00,20.132
2017-03-18 18:00:00,20.132
2017-03-18 19:00:00,20.132
2017-03-18 20:00:00,20.132
2017-03-18 21:00:00,20.132
2017-03-18 22:00:00,20.132
2017-03-18 23:00:00,19.9125
2017-03-19 00:00:00,19.9125
2017-03-19 01:00:00,19.4725
2017-03-19 02:00:00,18.8135
2017-03-19 03:00:00,18.5935
2017-03-19 04:00:00,18.374
2017-03-19 05:00:00,18.1545
2017-03-19 06:00:00,17.7145
2017-03-19 07:00:00,17.495
2017-03-19 08:00:00,15.7375
2017-03-19 09:00:00,15.7375
2017-03-19 10:00:00,15.298
2017-03-19 11:00:00,15.298
2017-03-19 12:00:00,15.5175
2017-03-19 13:00:00,15.7375
2017-03-19 14:00:00,16.3965
2017-03-19 15:00:00,16.8355
2017-03-19 16:00:00,16.8355
2017-03-19 17:00:00,16.8355
2017-03-19 18:00:00,16.8355
2017-03-19 19:00:00,17.2755
2017-03-19 20:00:00,16.3965
2017-03-19 21:00:00,15.0785
2017-03-19 22:00:00,15.0785
2017-03-19 23:00:00,15.9575
2017-03-20 00:00:00,16.8355
2017-03-20 01:00:00,16.8355
2017-03-20 02:00:00,16.3965
2017-03-20 03:00:00,15.7375
2017-03-20 04:00:00,15.078
2017-03-20 05:00:00,15.298
2017-03-20 06:00:00,15.0785
2017-03-20 07:00:00,15.0785
2017-03-20 08:00:00,14.8585
2017-03-20 09:00:00,15.5175
2017-03-20 10:00:00,15.957
2017-03-20 11:00:00,16.616
2017-03-20 12:00:00,17.0555
2017-03-20 13:00:00,17.495
2017-03-20 14:00:00,17.715
2017-03-20 15:00:00,17.715
2017-03-20 16:00:00,17.495
2017-03-20 17:00:00,17.275
2017-03-20 18:00:00,16.836
2017-03-20 19:00:00,16.6165
2017-03-20 20:00:00,16.836
2017-03-20 21:00:00,16.836
2017-03-20 22:00:00,16.3965
2017-03-20 23:00:00,16.616
2017-03-21 00:00:00,16.616
2017-03-21 01:00:00,16.616
2017-03-21 02:00:00,16.616
2017-03-21 03:00:00,16.3965
2017-03-21 04:00:00,16.177
2017-03-21 05:00:00,15.9575
2017-03-21 06:00:00,15.9575
2017-03-21 07:00:00,15.9575
2017-03-21 08:00:00,16.3965
2017-03-21 09:00:00,17.7145
2017-03-21 10:00:00,19.253
2017-03-21 11:00:00,22.329
2017-03-21 12:00:00,26.0645
2017-03-21 13:00:00,26.504
2017-03-21 14:00:00,27.6025
2017-03-21 15:00:00,28.4815
2017-03-21 16:00:00,26.7235
2017-03-21 17:00:00,24.966
2017-03-21 18:00:00,23.6475
2017-03-21 19:00:00,22.9885
2017-03-21 20:00:00,22.329
2017-03-21 21:00:00,21.6695
2017-03-21 22:00:00,21.2305
2017-03-21 23:00:00,20.5715
2017-03-22 00:00:00,20.132
2017-03-22 01:00:00,19.4725
2017-03-22 02:00:00,18.8135
2017-03-22 03:00:00,17.9345
2017-03-22 04:00:00,17.9345
2017-03-22 05:00:00,16.616
2017-03-22 06:00:00,15.298
2017-03-22 07:00:00,14.639
2017-03-22 08:00:00,14.639
2017-03-22 09:00:00,14.8585
2017-03-22 10:00:00,15.298
2017-03-22 11:00:00,15.518
2017-03-22 12:00:00,15.518
2017-03-22 13:00:00,14.8585
2017-03-22 14:00:00,14.639
2017-03-22 15:00:00,13.76
2017-03-22 16:00:00,13.54
2017-03-22 17:00:00,13.1005
2017-03-22 18:00:00,13.1005
2017-03-22 19:00:00,13.1005
2017-03-22 20:00:00,13.54
2017-03-22 21:00:00,13.9795
2017-03-22 22:00:00,14.8585
2017-03-22 23:00:00,15.5175
2017-03-23 00:00:00,15.5175
2017-03-23 01:00:00,15.5175
2017-03-23 02:00:00,15.5175
2017-03-23 03:00:00,15.298
2017-03-23 04:00:00,15.298
2017-03-23 05:00:00,15.298
2017-03-23 06:00:00,15.298
2017-03-23 07:00:00,15.298
2017-03-23 08:00:00,15.5175
2017-03-23 09:00:00,15.9575
2017-03-23 10:00:00,16.616
2017-03-23 11:00:00,17.0555
2017-03-23 12:00:00,17.495
2017-03-23 13:00:00,17.495
2017-03-23 14:00:00,17.9345
2017-03-23 15:00:00,17.9345
2017-03-23 16:00:00,18.154
2017-03-23 17:00:00,17.9345
2017-03-23 18:00:00,17.7145
2017-03-23 19:00:00,17.7145
2017-03-23 20:00:00,17.2755
2017-03-23 21:00:00,17.2755
2017-03-23 22:00:00,17.495
2017-03-23 23:00:00,16.3965
2017-03-24 00:00:00,15.298
2017-03-24 01:00:00,15.298
2017-03-24 02:00:00,15.298
2017-03-24 03:00:00,15.5175
2017-03-24 04:00:00,15.5175
2017-03-24 05:00:00,15.5175
2017-03-24 06:00:00,15.5175
2017-03-24 07:00:00,15.5175
2017-03-24 08:00:00,14.8585
2017-03-24 09:00:00,14.8585
2017-03-24 10:00:00,15.5175
2017-03-24 11:00:00,16.177
2017-03-24 12:00:00,16.3965
2017-03-24 13:00:00,16.3965
2017-03-24 14:00:00,16.3965
2017-03-24 15:00:00,16.8355
2017-03-24 16:00:00,15.9575
2017-03-24 17:00:00,15.5175
2017-03-24 18:00:00,15.0785
2017-03-24 19:00:00,15.5175
2017-03-24 20:00:00,15.9575
2017-03-24 21:00:00,15.9575
2017-03-24 22:00:00,16.177
2017-03-24 23:00:00,16.177
2017-03-25 00:00:00,16.177
2017-03-25 01:00:00,16.177
2017-03-25 02:00:00,15.9575
2017-03-25 03:00:00,15.7375
2017-03-25 04:00:00,15.0785
2017-03-25 05:00:00,14.6385
2017-03-25 06:00:00,14.6385
2017-03-25 07:00:00,14.6385
2017-03-25 08:00:00,15.0785
2017-03-25 09:00:00,15.7375
2017-03-25 10:00:00,17.2755
2017-03-25 11:00:00,19.0335
2017-03-25 12:00:00,21.0105
2017-03-25 13:00:00,22.7685
2017-03-25 14:00:00,23.8675
2017-03-25 15:00:00,24.3065
2017-03-25 16:00:00,24.087
2017-03-25 17:00:00,22.988
2017-03-25 18:00:00,22.549
2017-03-25 19:00:00,21.8895
2017-03-25 20:00:00,21.45
2017-03-25 21:00:00,20.7915
2017-03-25 22:00:00,19.6925
2017-03-25 23:00:00,18.8135
2017-03-26 00:00:00,17.7145
2017-03-26 01:00:00,17.0555
2017-03-26 02:00:00,15.9575
2017-03-26 03:00:00,15.0785
2017-03-26 04:00:00,14.419
2017-03-26 05:00:00,13.54
2017-03-26 06:00:00,12.8805
2017-03-26 07:00:00,12.661
2017-03-26 08:00:00,14.199
2017-03-26 09:00:00,16.616
2017-03-26 10:00:00,20.5715
2017-03-26 11:00:00,24.746
2017-03-26 12:00:00,27.8225
2017-03-26 13:00:00,29.3605
2017-03-26 14:00:00,30.459
2017-03-26 15:00:00,30.8985
2017-03-26 16:00:00,29.58
2017-03-26 17:00:00,27.163
2017-03-26 18:00:00,24.9655
2017-03-26 19:00:00,22.988
2017-03-26 20:00:00,22.329
2017-03-26 21:00:00,21.6695
2017-03-26 22:00:00,20.7915
2017-03-26 23:00:00,19.4725
2017-03-27 00:00:00,18.1545
2017-03-27 01:00:00,17.2755
2017-03-27 02:00:00,16.616
2017-03-27 03:00:00,15.5175
2017-03-27 04:00:00,14.6385
2017-03-27 05:00:00,13.7595
2017-03-27 06:00:00,13.1005
2017-03-27 07:00:00,12.661
2017-03-27 08:00:00,14.639
2017-03-27 09:00:00,18.154
2017-03-27 10:00:00,22.5485
2017-03-27 11:00:00,26.504
2017-03-27 12:00:00,29.3605
2017-03-27 13:00:00,31.5575
2017-03-27 14:00:00,33.9745
2017-03-27 15:00:00,35.7325
2017-03-27 16:00:00,34.414
2017-03-27 17:00:00,32.6565
2017-03-27 18:00:00,30.6785
2017-03-27 19:00:00,28.2615
2017-03-27 20:00:00,26.5035
2017-03-27 21:00:00,24.966
2017-03-27 22:00:00,24.087
2017-03-27 23:00:00,23.867
2017-03-28 00:00:00,23.867
2017-03-28 01:00:00,23.428
2017-03-28 02:00:00,22.988
2017-03-28 03:00:00,22.549
2017-03-28 04:00:00,22.109
2017-03-28 05:00:00,21.67
2017-03-28 06:00:00,21.2305
2017-03-28 07:00:00,20.791
2017-03-28 08:00:00,21.8895
2017-03-28 09:00:00,23.867
2017-03-28 10:00:00,26.284
2017-03-28 11:00:00,28.701
2017-03-28 12:00:00,29.5805
2017-03-28 13:00:00,28.921
2017-03-28 14:00:00,28.4815
2017-03-28 15:00:00,28.4815
2017-03-28 16:00:00,28.7015
2017-03-28 17:00:00,28.4815
2017-03-28 18:00:00,28.042
2017-03-28 19:00:00,27.6025
2017-03-28 20:00:00,27.3825
2017-03-28 21:00:00,26.284
2017-03-28 22:00:00,25.4055
2017-03-28 23:00:00,24.5265
2017-03-29 00:00:00,23.6475
2017-03-29 01:00:00,22.7685
2017-03-29 02:00:00,21.8895
2017-03-29 03:00:00,21.011
2017-03-29 04:00:00,20.3515
2017-03-29 05:00:00,19.4725
2017-03-29 06:00:00,19.0335
2017-03-29 07:00:00,19.0335
2017-03-29 08:00:00,19.0335
2017-03-29 09:00:00,19.4725
2017-03-29 10:00:00,20.7915
2017-03-29 11:00:00,22.5485
2017-03-29 12:00:00,25.1855
2017-03-29 13:00:00,28.701
2017-03-29 14:00:00,31.5575
2017-03-29 15:00:00,33.755
2017-03-29 16:00:00,32.217
2017-03-29 17:00:00,29.3605
2017-03-29 18:00:00,27.163
2017-03-29 19:00:00,25.4055
2017-03-29 20:00:00,24.087
2017-03-29 21:00:00,23.208
2017-03-29 22:00:00,22.1095
2017-03-29 23:00:00,21.8895
2017-03-30 00:00:00,21.6695
2017-03-30 01:00:00,21.6695
2017-03-30 02:00:00,21.6695
2017-03-30 03:00:00,21.2305
2017-03-30 04:00:00,20.7915
2017-03-30 05:00:00,20.3515
2017-03-30 06:00:00,19.9125
2017-03-30 07:00:00,19.6925
2017-03-30 08:00:00,19.6925
2017-03-30 09:00:00,19.4725
2017-03-30 10:00:00,19.6925
2017-03-30 11:00:00,18.8135
2017-03-30 12:00:00,18.594
2017-03-30 13:00:00,18.374
2017-03-30 14:00:00,17.9345
2017-03-30 15:00:00,17.495
2017-03-30 16:00:00,16.836
2017-03-30 17:00:00,16.836
2017-03-30 18:00:00,16.616
2017-03-30 19:00:00,16.3965
2017-03-30 20:00:00,16.177
2017-03-30 21:00:00,15.9575
2017-03-30 22:00:00,15.7375
2017-03-30 23:00:00,15.5175
2017-03-31 00:00:00,15.0785
2017-03-31 01:00:00,15.0785
2017-03-31 02:00:00,15.0785
2017-03-31 03:00:00,15.0785
2017-03-31 04:00:00,15.0785
2017-03-31 05:00:00,15.0785
2017-03-31 06:00:00,15.0785
2017-03-31 07:00:00,15.0785
2017-03-31 08:00:00,15.0785
2017-03-31 09:00:00,15.0785
2017-03-31 10:00:00,15.0785
2017-03-31 11:00:00,15.0785
2017-03-31 12:00:00,15.0785
2017-03-31 13:00:00,15.0785
2017-03-31 14:00:00,15.0785
2017-03-31 15:00:00,15.0785
2017-03-31 16:00:00,15.0785
2017-03-31 17:00:00,15.0785
2017-03-31 18:00:00,15.0785
2017-03-31 19:00:00,15.0785
2017-03-31 20:00:00,15.0785
2017-03-31 21:00:00,15.0785
2017-03-31 22:00:00,15.0785
2017-03-31 23:00:00,15.0785
2017-04-01 00:00:00,19.0335
2017-04-01 01:00:00,18.374
2017-04-01 02:00:00,17.7145
2017-04-01 03:00:00,17.0555
2017-04-01 04:00:00,16.3965
2017-04-01 05:00:00,15.5175
2017-04-01 06:00:00,15.0785
2017-04-01 07:00:00,14.6385
2017-04-01 08:00:00,15.9575
2017-04-01 09:00:00,18.5935
2017-04-01 10:00:00,21.67
2017-04-01 11:00:00,25.1855
2017-04-01 12:00:00,27.6025
2017-04-01 13:00:00,29.3605
2017-04-01 14:00:00,31.118
2017-04-01 15:00:00,31.7775
2017-04-01 16:00:00,30.8985
2017-04-01 17:00:00,29.58
2017-04-01 18:00:00,27.822
2017-04-01 19:00:00,25.405
2017-04-01 20:00:00,23.4275
2017-04-01 21:00:00,21.6695
2017-04-01 22:00:00,20.7915
2017-04-01 23:00:00,19.9125
2017-04-02 00:00:00,19.4725
2017-04-02 01:00:00,18.5935
2017-04-02 02:00:00,18.1545
2017-04-02 03:00:00,17.495
2017-04-02 04:00:00,16.8355
2017-04-02 05:00:00,16.3965
2017-04-02 06:00:00,15.9575
2017-04-02 07:00:00,15.9575
2017-04-02 08:00:00,17.9345
2017-04-02 09:00:00,20.791
2017-04-02 10:00:00,24.966
2017-04-02 11:00:00,28.7015
2017-04-02 12:00:00,31.997
2017-04-02 13:00:00,34.1945
2017-04-02 14:00:00,35.7325
2017-04-02 15:00:00,37.2705
2017-04-02 16:00:00,36.611
2017-04-02 17:00:00,34.634
2017-04-02 18:00:00,31.997
2017-04-02 19:00:00,29.8
2017-04-02 20:00:00,27.163
2017-04-02 21:00:00,25.4055
2017-04-02 22:00:00,24.3065
2017-04-02 23:00:00,23.6475
2017-04-03 00:00:00,23.6475
2017-04-03 01:00:00,23.6475
2017-04-03 02:00:00,23.208
2017-04-03 03:00:00,22.7685
2017-04-03 04:00:00,22.329
2017-04-03 05:00:00,21.8895
2017-04-03 06:00:00,21.45
2017-04-03 07:00:00,21.6695
2017-04-03 08:00:00,23.428
2017-04-03 09:00:00,25.4055
2017-04-03 10:00:00,28.921
2017-04-03 11:00:00,31.7775
2017-04-03 12:00:00,33.535
2017-04-03 13:00:00,35.073
2017-04-03 14:00:00,36.1715
2017-04-03 15:00:00,37.0505
2017-04-03 16:00:00,36.3915
2017-04-03 17:00:00,34.634
2017-04-03 18:00:00,33.3155
2017-04-03 19:00:00,31.7775
2017-04-03 20:00:00,30.0195
2017-04-03 21:00:00,28.921
2017-04-03 22:00:00,28.042
2017-04-03 23:00:00,27.383
2017-04-04 00:00:00,26.943
2017-04-04 01:00:00,26.284
2017-04-04 02:00:00,25.625
2017-04-04 03:00:00,25.186
2017-04-04 04:00:00,25.186
2017-04-04 05:00:00,24.966
2017-04-04 06:00:00,24.966
2017-04-04 07:00:00,25.1855
2017-04-04 08:00:00,25.1855
2017-04-04 09:00:00,25.625
2017-04-04 10:00:00,26.5035
2017-04-04 11:00:00,27.8225
2017-04-04 12:00:00,28.921
2017-04-04 13:00:00,30.898
2017-04-04 14:00:00,31.997
2017-04-04 15:00:00,31.777
2017-04-04 16:00:00,31.338
2017-04-04 17:00:00,30.6785
2017-04-04 18:00:00,30.239
2017-04-04 19:00:00,29.8
2017-04-04 20:00:00,29.5805
2017-04-04 21:00:00,28.7015
2017-04-04 22:00:00,26.504
2017-04-04 23:00:00,25.625
2017-04-05 00:00:00,24.7465
2017-04-05 01:00:00,24.087
2017-04-05 02:00:00,23.208
2017-04-05 03:00:00,23.208
2017-04-05 04:00:00,23.208
2017-04-05 05:00:00,23.4275
2017-04-05 06:00:00,23.4275
2017-04-05 07:00:00,23.6475
2017-04-05 08:00:00,23.8675
2017-04-05 09:00:00,24.3065
2017-04-05 10:00:00,25.1855
2017-04-05 11:00:00,26.0645
2017-04-05 12:00:00,26.9435
2017-04-05 13:00:00,27.3825
2017-04-05 14:00:00,27.6025
2017-04-05 15:00:00,27.6025
2017-04-05 16:00:00,27.6025
2017-04-05 17:00:00,27.6025
2017-04-05 18:00:00,27.3825
2017-04-05 19:00:00,27.3825
2017-04-05 20:00:00,26.9435
2017-04-05 21:00:00,26.284
2017-04-05 22:00:00,26.284
2017-04-05 23:00:00,26.284
2017-04-06 00:00:00,26.0645
2017-04-06 01:00:00,25.405
2017-04-06 02:00:00,24.3065
2017-04-06 03:00:00,23.428
2017-04-06 04:00:00,22.9885
2017-04-06 05:00:00,22.9885
2017-04-06 06:00:00,22.1095
2017-04-06 07:00:00,21.2305
2017-04-06 08:00:00,20.5715
2017-04-06 09:00:00,20.132
2017-04-06 10:00:00,20.132
2017-04-06 11:00:00,20.132
2017-04-06 12:00:00,21.45
2017-04-06 13:00:00,22.1095
2017-04-06 14:00:00,22.5485
2017-04-06 15:00:00,23.208
2017-04-06 16:00:00,23.4275
2017-04-06 17:00:00,23.6475
2017-04-06 18:00:00,23.6475
2017-04-06 19:00:00,23.6475
2017-04-06 20:00:00,23.8675
2017-04-06 21:00:00,23.8675
2017-04-06 22:00:00,23.8675
2017-04-06 23:00:00,23.8675
2017-04-07 00:00:00,23.8675
2017-04-07 01:00:00,23.8675
2017-04-07 02:00:00,22.7685
2017-04-07 03:00:00,22.5485
2017-04-07 04:00:00,22.1095
2017-04-07 05:00:00,22.1095
2017-04-07 06:00:00,21.45
2017-04-07 07:00:00,21.2305
2017-04-07 08:00:00,21.2305
2017-04-07 09:00:00,20.7915
2017-04-07 10:00:00,21.2305
2017-04-07 11:00:00,21.2305
2017-04-07 12:00:00,22.329
2017-04-07 13:00:00,23.208
2017-04-07 14:00:00,24.5265
2017-04-07 15:00:00,25.625
2017-04-07 16:00:00,25.625
2017-04-07 17:00:00,25.4055
2017-04-07 18:00:00,25.4055
2017-04-07 19:00:00,25.1855
2017-04-07 20:00:00,24.966
2017-04-07 21:00:00,24.3065
2017-04-07 22:00:00,23.8675
2017-04-07 23:00:00,22.9885
2017-04-08 00:00:00,22.5485
2017-04-08 01:00:00,22.5485
2017-04-08 02:00:00,22.1095
2017-04-08 03:00:00,21.6695
2017-04-08 04:00:00,21.6695
2017-04-08 05:00:00,21.6695
2017-04-08 06:00:00,22.1095
2017-04-08 07:00:00,22.5485
2017-04-08 08:00:00,23.4275
2017-04-08 09:00:00,23.8675
2017-04-08 10:00:00,24.966
2017-04-08 11:00:00,26.9435
2017-04-08 12:00:00,30.2395
2017-04-08 13:00:00,33.3155
2017-04-08 14:00:00,35.952
2017-04-08 15:00:00,36.831
2017-04-08 16:00:00,35.5125
2017-04-08 17:00:00,33.9745
2017-04-08 18:00:00,31.7775
2017-04-08 19:00:00,30.239
2017-04-08 20:00:00,29.1405
2017-04-08 21:00:00,28.2615
2017-04-08 22:00:00,24.966
2017-04-08 23:00:00,23.208
2017-04-09 00:00:00,22.1095
2017-04-09 01:00:00,19.6925
2017-04-09 02:00:00,19.253
2017-04-09 03:00:00,18.8135
2017-04-09 04:00:00,18.1545
2017-04-09 05:00:00,17.7145
2017-04-09 06:00:00,17.2755
2017-04-09 07:00:00,17.2755
2017-04-09 08:00:00,17.0555
2017-04-09 09:00:00,17.7145
2017-04-09 10:00:00,18.5935
2017-04-09 11:00:00,19.253
2017-04-09 12:00:00,20.3515
2017-04-09 13:00:00,21.011
2017-04-09 14:00:00,21.2305
2017-04-09 15:00:00,21.2305
2017-04-09 16:00:00,20.5715
2017-04-09 17:00:00,20.3515
2017-04-09 18:00:00,20.132
2017-04-09 19:00:00,19.9125
2017-04-09 20:00:00,19.6925
2017-04-09 21:00:00,19.6925
2017-04-09 22:00:00,19.4725
2017-04-09 23:00:00,17.495
2017-04-10 00:00:00,16.3965
2017-04-10 01:00:00,15.5175
2017-04-10 02:00:00,15.0785
2017-04-10 03:00:00,14.6385
2017-04-10 04:00:00,14.1995
2017-04-10 05:00:00,14.419
2017-04-10 06:00:00,14.8585
2017-04-10 07:00:00,15.298
2017-04-10 08:00:00,15.7375
2017-04-10 09:00:00,16.177
2017-04-10 10:00:00,17.1045
2017-04-10 11:00:00,17.544
2017-04-10 12:00:00,18.423
2017-04-10 13:00:00,18.6425
2017-04-10 14:00:00,18.423
2017-04-10 15:00:00,15.5665
2017-04-10 16:00:00,13.1495
2017-04-10 17:00:00,11.1715
2017-04-10 18:00:00,9.8535
2017-04-10 19:00:00,9.1945
2017-04-10 20:00:00,8.3155
2017-04-10 21:00:00,7.876
2017-04-10 22:00:00,7.6565
2017-04-10 23:00:00,7.4365
2017-04-11 00:00:00,6.997
2017-04-11 01:00:00,6.997
2017-04-11 02:00:00,6.777
2017-04-11 03:00:00,6.5575
2017-04-11 04:00:00,6.3375
2017-04-11 05:00:00,6.118
2017-04-11 06:00:00,6.118
2017-04-11 07:00:00,6.118
2017-04-11 08:00:00,6.118
2017-04-11 09:00:00,6.7775
2017-04-11 10:00:00,8.3155
2017-04-11 11:00:00,10.952
2017-04-11 12:00:00,12.9295
2017-04-11 13:00:00,14.2485
2017-04-11 14:00:00,14.907
2017-04-11 15:00:00,14.907
2017-04-11 16:00:00,14.907
2017-04-11 17:00:00,14.0285
2017-04-11 18:00:00,13.3695
2017-04-11 19:00:00,12.4905
2017-04-11 20:00:00,11.6115
2017-04-11 21:00:00,11.1715
2017-04-11 22:00:00,10.7325
2017-04-11 23:00:00,10.5125
2017-04-12 00:00:00,10.2925
2017-04-12 01:00:00,9.8535
2017-04-12 02:00:00,9.8535
2017-04-12 03:00:00,9.4145
2017-04-12 04:00:00,9.4145
2017-04-12 05:00:00,8.9745
2017-04-12 06:00:00,8.9745
2017-04-12 07:00:00,8.9745
2017-04-12 08:00:00,9.4145
2017-04-12 09:00:00,11.1715
2017-04-12 10:00:00,15.786
2017-04-12 11:00:00,15.786
2017-04-12 12:00:00,23.6475
2017-04-12 13:00:00,25.1855
2017-04-12 14:00:00,27.3825
2017-04-12 15:00:00,28.2615
2017-04-12 16:00:00,26.7235
2017-04-12 17:00:00,24.966
2017-04-12 18:00:00,22.5485
2017-04-12 19:00:00,20.3515
2017-04-12 20:00:00,18.154
2017-04-12 21:00:00,16.396
2017-04-12 22:00:00,14.419
2017-04-12 23:00:00,12.661
2017-04-13 00:00:00,11.562
2017-04-13 01:00:00,10.684
2017-04-13 02:00:00,9.805
2017-04-13 03:00:00,8.926
2017-04-13 04:00:00,8.486
2017-04-13 05:00:00,7.827
2017-04-13 06:00:00,7.168
2017-04-13 07:00:00,7.168
2017-04-13 08:00:00,9.585
2017-04-13 09:00:00,13.3205
2017-04-13 10:00:00,19.253
2017-04-13 11:00:00,24.3065
2017-04-13 12:00:00,27.6025
2017-04-13 13:00:00,30.0195
2017-04-13 14:00:00,33.096
2017-04-13 15:00:00,33.9745
2017-04-13 16:00:00,32.4365
2017-04-13 17:00:00,30.0195
2017-04-13 18:00:00,27.627
2017-04-13 19:00:00,25.6495
2017-04-13 20:00:00,23.8915
2017-04-13 21:00:00,22.793
2017-04-13 22:00:00,22.3535
2017-04-13 23:00:00,22.134
2017-04-14 00:00:00,21.694
2017-04-14 01:00:00,21.694
2017-04-14 02:00:00,21.914
2017-04-14 03:00:00,22.3535
2017-04-14 04:00:00,22.573
2017-04-14 05:00:00,22.573
2017-04-14 06:00:00,22.573
2017-04-14 07:00:00,23.2325
2017-04-14 08:00:00,24.9905
2017-04-14 09:00:00,27.1875
2017-04-14 10:00:00,30.044
2017-04-14 11:00:00,33.12
2017-04-14 12:00:00,35.5375
2017-04-14 13:00:00,37.0755
2017-04-14 14:00:00,39.053
2017-04-14 15:00:00,40.1515
2017-04-14 16:00:00,38.833
2017-04-14 17:00:00,37.7345
2017-04-14 18:00:00,36.416
2017-04-14 19:00:00,34.219
2017-04-14 20:00:00,32.0215
2017-04-14 21:00:00,29.824
2017-04-14 22:00:00,28.506
2017-04-14 23:00:00,27.627
2017-04-15 00:00:00,26.748
2017-04-15 01:00:00,25.6495
2017-04-15 02:00:00,24.551
2017-04-15 03:00:00,23.672
2017-04-15 04:00:00,23.013
2017-04-15 05:00:00,22.573
2017-04-15 06:00:00,22.134
2017-04-15 07:00:00,21.914
2017-04-15 08:00:00,24.7705
2017-04-15 09:00:00,28.0665
2017-04-15 10:00:00,32.6805
2017-04-15 11:00:00,37.0755
2017-04-15 12:00:00,40.1515
2017-04-15 13:00:00,42.568
2017-04-15 14:00:00,45.425
2017-04-15 15:00:00,46.5235
2017-04-15 16:00:00,45.205
2017-04-15 17:00:00,43.2275
2017-04-15 18:00:00,41.4695
2017-04-15 19:00:00,38.613
2017-04-15 20:00:00,36.416
2017-04-15 21:00:00,35.0975
2017-04-15 22:00:00,33.779
2017-04-15 23:00:00,33.12
2017-04-16 00:00:00,32.241
2017-04-16 01:00:00,31.802
2017-04-16 02:00:00,31.362
2017-04-16 03:00:00,30.703
2017-04-16 04:00:00,29.824
2017-04-16 05:00:00,29.385
2017-04-16 06:00:00,29.165
2017-04-16 07:00:00,28.945
2017-04-16 08:00:00,29.6045
2017-04-16 09:00:00,31.582
2017-04-16 10:00:00,34.8775
2017-04-16 11:00:00,38.833
2017-04-16 12:00:00,41.4695
2017-04-16 13:00:00,43.008
2017-04-16 14:00:00,44.7655
2017-04-16 15:00:00,44.1065
2017-04-16 16:00:00,42.129
2017-04-16 17:00:00,40.8105
2017-04-16 18:00:00,39.492
2017-04-16 19:00:00,38.3935
2017-04-16 20:00:00,37.7345
2017-04-16 21:00:00,37.075
2017-04-16 22:00:00,36.636
2017-04-16 23:00:00,35.317
2017-04-17 00:00:00,35.317
2017-04-17 01:00:00,34.6585
2017-04-17 02:00:00,31.582
2017-04-17 03:00:00,31.3625
2017-04-17 04:00:00,28.7255
2017-04-17 05:00:00,26.089
2017-04-17 06:00:00,24.7705
2017-04-17 07:00:00,24.9905
2017-04-17 08:00:00,25.6495
2017-04-17 09:00:00,26.748
2017-04-17 10:00:00,29.3845
2017-04-17 11:00:00,31.8015
2017-04-17 12:00:00,34.4385
2017-04-17 13:00:00,36.1965
2017-04-17 14:00:00,38.613
2017-04-17 15:00:00,41.0305
2017-04-17 16:00:00,41.47
2017-04-17 17:00:00,41.47
2017-04-17 18:00:00,41.25
2017-04-17 19:00:00,41.25
2017-04-17 20:00:00,40.5905
2017-04-17 21:00:00,40.371
2017-04-17 22:00:00,40.371
2017-04-17 23:00:00,40.371
2017-04-18 00:00:00,39.7115
2017-04-18 01:00:00,38.833
2017-04-18 02:00:00,38.3935
2017-04-18 03:00:00,37.7345
2017-04-18 04:00:00,37.0755
2017-04-18 05:00:00,36.1965
2017-04-18 06:00:00,35.7565
2017-04-18 07:00:00,35.7565
2017-04-18 08:00:00,37.0755
2017-04-18 09:00:00,38.833
2017-04-18 10:00:00,41.03
2017-04-18 11:00:00,42.788
2017-04-18 12:00:00,44.9855
2017-04-18 13:00:00,46.743
2017-04-18 14:00:00,48.281
2017-04-18 15:00:00,48.9405
2017-04-18 16:00:00,48.501
2017-04-18 17:00:00,47.622
2017-04-18 18:00:00,46.7435
2017-04-18 19:00:00,45.8645
2017-04-18 20:00:00,45.205
2017-04-18 21:00:00,43.887
2017-04-18 22:00:00,42.349
2017-04-18 23:00:00,40.8105
2017-04-19 00:00:00,39.2725
2017-04-19 01:00:00,38.3935
2017-04-19 02:00:00,37.295
2017-04-19 03:00:00,36.6355
2017-04-19 04:00:00,36.416
2017-04-19 05:00:00,35.9765
2017-04-19 06:00:00,35.9765
2017-04-19 07:00:00,36.416
2017-04-19 08:00:00,37.295
2017-04-19 09:00:00,37.7345
2017-04-19 10:00:00,39.9315
2017-04-19 11:00:00,41.4695
2017-04-19 12:00:00,43.2275
2017-04-19 13:00:00,43.887
2017-04-19 14:00:00,44.1065
2017-04-19 15:00:00,44.326
2017-04-19 16:00:00,46.084
2017-04-19 17:00:00,45.8645
2017-04-19 18:00:00,45.4245
2017-04-19 19:00:00,44.7655
2017-04-19 20:00:00,42.7885
2017-04-19 21:00:00,40.5905
2017-04-19 22:00:00,38.613
2017-04-19 23:00:00,34.4385
2017-04-20 00:00:00,33.779
2017-04-20 01:00:00,33.34
2017-04-20 02:00:00,32.461
2017-04-20 03:00:00,31.582
2017-04-20 04:00:00,31.1425
2017-04-20 05:00:00,30.4835
2017-04-20 06:00:00,29.824
2017-04-20 07:00:00,28.5055
2017-04-20 08:00:00,28.9455
2017-04-20 09:00:00,30.044
2017-04-20 10:00:00,30.703
2017-04-20 11:00:00,31.3625
2017-04-20 12:00:00,33.7795
2017-04-20 13:00:00,34.658
2017-04-20 14:00:00,34.6585
2017-04-20 15:00:00,33.5595
2017-04-20 16:00:00,32.9005
2017-04-20 17:00:00,32.0215
2017-04-20 18:00:00,31.362
2017-04-20 19:00:00,30.703
2017-04-20 20:00:00,30.044
2017-04-20 21:00:00,29.824
2017-04-20 22:00:00,29.385
2017-04-20 23:00:00,28.945
2017-04-21 00:00:00,28.506
2017-04-21 01:00:00,27.847
2017-04-21 02:00:00,27.627
2017-04-21 03:00:00,27.407
2017-04-21 04:00:00,26.968
2017-04-21 05:00:00,26.748
2017-04-21 06:00:00,26.3085
2017-04-21 07:00:00,26.089
2017-04-21 08:00:00,27.4075
2017-04-21 09:00:00,29.385
2017-04-21 10:00:00,31.582
2017-04-21 11:00:00,33.999
2017-04-21 12:00:00,33.999
2017-04-21 13:00:00,33.999
2017-04-21 14:00:00,34.4385
2017-04-21 15:00:00,33.5595
2017-04-21 16:00:00,32.2415
2017-04-21 17:00:00,30.9225
2017-04-21 18:00:00,29.6045
2017-04-21 19:00:00,28.5055
2017-04-21 20:00:00,27.8465
2017-04-21 21:00:00,27.4075
2017-04-21 22:00:00,27.1875
2017-04-21 23:00:00,26.968
2017-04-22 00:00:00,26.528
2017-04-22 01:00:00,26.089
2017-04-22 02:00:00,24.7705
2017-04-22 03:00:00,23.8915
2017-04-22 04:00:00,23.013
2017-04-22 05:00:00,22.134
2017-04-22 06:00:00,21.255
2017-04-22 07:00:00,21.035
2017-04-22 08:00:00,23.2325
2017-04-22 09:00:00,26.3085
2017-04-22 10:00:00,30.2635
2017-04-22 11:00:00,33.34
2017-04-22 12:00:00,33.779
2017-04-22 13:00:00,35.3175
2017-04-22 14:00:00,35.3175
2017-04-22 15:00:00,37.075
2017-04-22 16:00:00,35.9765
2017-04-22 17:00:00,33.5595
2017-04-22 18:00:00,32.0215
2017-04-22 19:00:00,30.044
2017-04-22 20:00:00,28.0665
2017-04-22 21:00:00,26.528
2017-04-22 22:00:00,25.43
2017-04-22 23:00:00,24.7705
2017-04-23 00:00:00,23.8915
2017-04-23 01:00:00,23.013
2017-04-23 02:00:00,22.134
2017-04-23 03:00:00,21.255
2017-04-23 04:00:00,20.8155
2017-04-23 05:00:00,19.9365
2017-04-23 06:00:00,19.9365
2017-04-23 07:00:00,20.596
2017-04-23 08:00:00,22.793
2017-04-23 09:00:00,25.6495
2017-04-23 10:00:00,29.165
2017-04-23 11:00:00,32.9005
2017-04-23 12:00:00,34.6585
2017-04-23 13:00:00,36.416
2017-04-23 14:00:00,39.272
2017-04-23 15:00:00,40.371
2017-04-23 16:00:00,38.6135
2017-04-23 17:00:00,36.416
2017-04-23 18:00:00,34.658
2017-04-23 19:00:00,32.9005
2017-04-23 20:00:00,30.703
2017-04-23 21:00:00,29.6045
2017-04-23 22:00:00,28.7255
2017-04-23 23:00:00,28.2865
2017-04-24 00:00:00,27.4075
2017-04-24 01:00:00,26.9675
2017-04-24 02:00:00,26.5285
2017-04-24 03:00:00,26.0885
2017-04-24 04:00:00,25.6495
2017-04-24 05:00:00,25.21
2017-04-24 06:00:00,24.7705
2017-04-24 07:00:00,24.99
2017-04-24 08:00:00,26.3085
2017-04-24 09:00:00,28.7255
2017-04-24 10:00:00,31.802
2017-04-24 11:00:00,35.7565
2017-04-24 12:00:00,37.5145
2017-04-24 13:00:00,39.0525
2017-04-24 14:00:00,42.129
2017-04-24 15:00:00,42.5685
2017-04-24 16:00:00,40.5905
2017-04-24 17:00:00,38.833
2017-04-24 18:00:00,37.5145
2017-04-24 19:00:00,35.537
2017-04-24 20:00:00,33.779
2017-04-24 21:00:00,32.461
2017-04-24 22:00:00,32.0215
2017-04-24 23:00:00,31.8015
2017-04-25 00:00:00,31.3625
2017-04-25 01:00:00,30.9225
2017-04-25 02:00:00,30.703
2017-04-25 03:00:00,30.4835
2017-04-25 04:00:00,30.4835
2017-04-25 05:00:00,30.2635
2017-04-25 06:00:00,30.0435
2017-04-25 07:00:00,29.824
2017-04-25 08:00:00,30.923
2017-04-25 09:00:00,32.461
2017-04-25 10:00:00,33.779
2017-04-25 11:00:00,34.219
2017-04-25 12:00:00,34.4385
2017-04-25 13:00:00,34.878
2017-04-25 14:00:00,35.757
2017-04-25 15:00:00,35.317
2017-04-25 16:00:00,34.4385
2017-04-25 17:00:00,33.5595
2017-04-25 18:00:00,32.461
2017-04-25 19:00:00,31.1425
2017-04-25 20:00:00,28.0665
2017-04-25 21:00:00,26.968
2017-04-25 22:00:00,26.3085
2017-04-25 23:00:00,25.8695
2017-04-26 00:00:00,26.3085
2017-04-26 01:00:00,25.6495
2017-04-26 02:00:00,25.869
2017-04-26 03:00:00,24.99
2017-04-26 04:00:00,24.99
2017-04-26 05:00:00,24.99
2017-04-26 06:00:00,24.99
2017-04-26 07:00:00,24.99
2017-04-26 08:00:00,24.99
2017-04-26 09:00:00,25.43
2017-04-26 10:00:00,25.869
2017-04-26 11:00:00,27.1875
2017-04-26 12:00:00,28.945
2017-04-26 13:00:00,30.703
2017-04-26 14:00:00,31.1425
2017-04-26 15:00:00,29.824
2017-04-26 16:00:00,29.824
2017-04-26 17:00:00,29.385
2017-04-26 18:00:00,28.506
2017-04-26 19:00:00,27.627
2017-04-26 20:00:00,27.1875
2017-04-26 21:00:00,26.748
2017-04-26 22:00:00,26.089
2017-04-26 23:00:00,25.6495
2017-04-27 00:00:00,25.21
2017-04-27 01:00:00,24.331
2017-04-27 02:00:00,23.452
2017-04-27 03:00:00,22.793
2017-04-27 04:00:00,21.694
2017-04-27 05:00:00,21.255
2017-04-27 06:00:00,20.8155
2017-04-27 07:00:00,20.8155
2017-04-27 08:00:00,23.2325
2017-04-27 09:00:00,26.968
2017-04-27 10:00:00,30.2635
2017-04-27 11:00:00,34.219
2017-04-27 12:00:00,36.1965
2017-04-27 13:00:00,37.295
2017-04-27 14:00:00,36.6355
2017-04-27 15:00:00,38.3935
2017-04-27 16:00:00,36.196
2017-04-27 17:00:00,34.4385
2017-04-27 18:00:00,33.12
2017-04-27 19:00:00,30.923
2017-04-27 20:00:00,28.945
2017-04-27 21:00:00,27.1875
2017-04-27 22:00:00,25.869
2017-04-27 23:00:00,24.551
2017-04-28 00:00:00,23.672
2017-04-28 01:00:00,22.793
2017-04-28 02:00:00,21.694
2017-04-28 03:00:00,20.8155
2017-04-28 04:00:00,20.156
2017-04-28 05:00:00,19.497
2017-04-28 06:00:00,19.058
2017-04-28 07:00:00,19.717
2017-04-28 08:00:00,22.3535
2017-04-28 09:00:00,25.869
2017-04-28 10:00:00,29.3845
2017-04-28 11:00:00,33.34
2017-04-28 12:00:00,34.878
2017-04-28 13:00:00,36.416
2017-04-28 14:00:00,39.0525
2017-04-28 15:00:00,39.712
2017-04-28 16:00:00,38.174
2017-04-28 17:00:00,35.7565
2017-04-28 18:00:00,33.999
2017-04-28 19:00:00,32.2415
2017-04-28 20:00:00,30.9225
2017-04-28 21:00:00,30.0435
2017-04-28 22:00:00,29.165
2017-04-28 23:00:00,28.506
2017-04-29 00:00:00,27.627
2017-04-29 01:00:00,26.9675
2017-04-29 02:00:00,26.3085
2017-04-29 03:00:00,25.43
2017-04-29 04:00:00,24.99
2017-04-29 05:00:00,24.111
2017-04-29 06:00:00,23.672
2017-04-29 07:00:00,24.551
2017-04-29 08:00:00,26.3085
2017-04-29 09:00:00,29.3845
2017-04-29 10:00:00,32.461
2017-04-29 11:00:00,35.9765
2017-04-29 12:00:00,37.954
2017-04-29 13:00:00,39.7115
2017-04-29 14:00:00,42.129
2017-04-29 15:00:00,43.4475
2017-04-29 16:00:00,41.6895
2017-04-29 17:00:00,39.7115
2017-04-29 18:00:00,37.9545
2017-04-29 19:00:00,36.1965
2017-04-29 20:00:00,33.779
2017-04-29 21:00:00,32.0215
2017-04-29 22:00:00,30.9225
2017-04-29 23:00:00,29.824
2017-04-30 00:00:00,28.945
2017-04-30 01:00:00,28.506
2017-04-30 02:00:00,28.0665
2017-04-30 03:00:00,27.4075
2017-04-30 04:00:00,27.1875
2017-04-30 05:00:00,25.869
2017-04-30 06:00:00,24.551
2017-04-30 07:00:00,24.551
2017-04-30 08:00:00,27.4075
2017-04-30 09:00:00,30.9225
2017-04-30 10:00:00,34.4385
2017-04-30 11:00:00,38.613
2017-04-30 12:00:00,40.811
2017-04-30 13:00:00,42.5685
2017-04-30 14:00:00,45.205
2017-04-30 15:00:00,46.084
2017-04-30 16:00:00,44.5455
2017-04-30 17:00:00,42.3485
2017-04-30 18:00:00,40.371
2017-04-30 19:00:00,38.174
2017-04-30 20:00:00,35.3175
2017-04-30 21:00:00,33.34
2017-04-30 22:00:00,31.582
2017-04-30 23:00:00,30.703
2017-05-01 00:00:00,30.2635
2017-05-01 01:00:00,29.385
2017-05-01 02:00:00,28.506
2017-05-01 03:00:00,28.0665
2017-05-01 04:00:00,27.407
2017-05-01 05:00:00,26.748
2017-05-01 06:00:00,26.3085
2017-05-01 07:00:00,26.089
2017-05-01 08:00:00,28.506
2017-05-01 09:00:00,32.0215
2017-05-01 10:00:00,35.537
2017-05-01 11:00:00,39.712
2017-05-01 12:00:00,38.613
2017-05-01 13:00:00,37.5145
2017-05-01 14:00:00,36.8555
2017-05-01 15:00:00,36.8555
2017-05-01 16:00:00,35.7565
2017-05-01 17:00:00,33.5595
2017-05-01 18:00:00,30.9225
2017-05-01 19:00:00,30.0435
2017-05-01 20:00:00,28.0665
2017-05-01 21:00:00,26.9675
2017-05-01 22:00:00,26.3085
2017-05-01 23:00:00,25.43
2017-05-02 00:00:00,24.7705
2017-05-02 01:00:00,24.551
2017-05-02 02:00:00,24.99
2017-05-02 03:00:00,25.6495
2017-05-02 04:00:00,25.869
2017-05-02 05:00:00,25.6495
2017-05-02 06:00:00,24.111
2017-05-02 07:00:00,23.452
2017-05-02 08:00:00,22.134
2017-05-02 09:00:00,21.694
2017-05-02 10:00:00,21.694
2017-05-02 11:00:00,21.694
2017-05-02 12:00:00,22.134
2017-05-02 13:00:00,22.573
2017-05-02 14:00:00,23.013
2017-05-02 15:00:00,24.111
2017-05-02 16:00:00,24.551
2017-05-02 17:00:00,24.551
2017-05-02 18:00:00,24.331
2017-05-02 19:00:00,23.8915
2017-05-02 20:00:00,22.793
2017-05-02 21:00:00,22.793
2017-05-02 22:00:00,22.793
2017-05-02 23:00:00,22.793
2017-05-03 00:00:00,23.2325
2017-05-03 01:00:00,23.452
2017-05-03 02:00:00,23.452
2017-05-03 03:00:00,23.672
2017-05-03 04:00:00,23.8915
2017-05-03 05:00:00,23.8915
2017-05-03 06:00:00,24.331
2017-05-03 07:00:00,24.551
2017-05-03 08:00:00,25.21
2017-05-03 09:00:00,25.6495
2017-05-03 10:00:00,25.869
2017-05-03 11:00:00,27.1875
2017-05-03 12:00:00,28.0665
2017-05-03 13:00:00,29.165
2017-05-03 14:00:00,30.703
2017-05-03 15:00:00,31.362
2017-05-03 16:00:00,31.362
2017-05-03 17:00:00,30.483
2017-05-03 18:00:00,29.824
2017-05-03 19:00:00,29.165
2017-05-03 20:00:00,28.7255
2017-05-03 21:00:00,28.286
2017-05-03 22:00:00,27.847
2017-05-03 23:00:00,27.627
2017-05-04 00:00:00,27.4075
2017-05-04 01:00:00,25.869
2017-05-04 02:00:00,24.551
2017-05-04 03:00:00,24.111
2017-05-04 04:00:00,24.111
2017-05-04 05:00:00,24.5505
2017-05-04 06:00:00,25.21
2017-05-04 07:00:00,24.9905
2017-05-04 08:00:00,24.5505
2017-05-04 09:00:00,24.331
2017-05-04 10:00:00,24.9905
2017-05-04 11:00:00,25.4295
2017-05-04 12:00:00,26.3085
2017-05-04 13:00:00,26.9675
2017-05-04 14:00:00,27.4075
2017-05-04 15:00:00,27.8465
2017-05-04 16:00:00,27.8465
2017-05-04 17:00:00,27.8465
2017-05-04 18:00:00,26.3085
2017-05-04 19:00:00,25.6495
2017-05-04 20:00:00,25.21
2017-05-04 21:00:00,25.6495
2017-05-04 22:00:00,25.8695
2017-05-04 23:00:00,25.8695
2017-05-05 00:00:00,25.6495
2017-05-05 01:00:00,25.6495
2017-05-05 02:00:00,25.4295
2017-05-05 03:00:00,25.4295
2017-05-05 04:00:00,25.4295
2017-05-05 05:00:00,25.21
2017-05-05 06:00:00,25.21
2017-05-05 07:00:00,25.4295
2017-05-05 08:00:00,26.3085
2017-05-05 09:00:00,27.627
2017-05-05 10:00:00,30.044
2017-05-05 11:00:00,34.219
2017-05-05 12:00:00,35.9765
2017-05-05 13:00:00,37.7345
2017-05-05 14:00:00,38.613
2017-05-05 15:00:00,37.954
2017-05-05 16:00:00,37.295
2017-05-05 17:00:00,36.8555
2017-05-05 18:00:00,35.537
2017-05-05 19:00:00,33.779
2017-05-05 20:00:00,31.582
2017-05-05 21:00:00,29.824
2017-05-05 22:00:00,28.506
2017-05-05 23:00:00,28.0665
2017-05-06 00:00:00,27.407
2017-05-06 01:00:00,26.968
2017-05-06 02:00:00,26.3085
2017-05-06 03:00:00,25.6495
2017-05-06 04:00:00,25.21
2017-05-06 05:00:00,24.7705
2017-05-06 06:00:00,24.331
2017-05-06 07:00:00,25.21
2017-05-06 08:00:00,26.528
2017-05-06 09:00:00,28.2865
2017-05-06 10:00:00,30.923
2017-05-06 11:00:00,33.34
2017-05-06 12:00:00,34.658
2017-05-06 13:00:00,36.1965
2017-05-06 14:00:00,34.8775
2017-05-06 15:00:00,34.658
2017-05-06 16:00:00,35.3175
2017-05-06 17:00:00,35.3175
2017-05-06 18:00:00,34.658
2017-05-06 19:00:00,33.34
2017-05-06 20:00:00,32.0215
2017-05-06 21:00:00,31.1425
2017-05-06 22:00:00,30.2635
2017-05-06 23:00:00,29.385
2017-05-07 00:00:00,28.7255
2017-05-07 01:00:00,28.286
2017-05-07 02:00:00,28.0665
2017-05-07 03:00:00,27.847
2017-05-07 04:00:00,27.627
2017-05-07 05:00:00,27.407
2017-05-07 06:00:00,27.1875
2017-05-07 07:00:00,27.1875
2017-05-07 08:00:00,28.506
2017-05-07 09:00:00,30.2635
2017-05-07 10:00:00,32.0215
2017-05-07 11:00:00,33.779
2017-05-07 12:00:00,35.9765
2017-05-07 13:00:00,38.174
2017-05-07 14:00:00,39.492
2017-05-07 15:00:00,39.0525
2017-05-07 16:00:00,37.295
2017-05-07 17:00:00,35.757
2017-05-07 18:00:00,34.658
2017-05-07 19:00:00,33.5595
2017-05-07 20:00:00,33.1205
2017-05-07 21:00:00,32.9005
2017-05-07 22:00:00,32.461
2017-05-07 23:00:00,32.0215
2017-05-08 00:00:00,32.0215
2017-05-08 01:00:00,30.2635
2017-05-08 02:00:00,29.165
2017-05-08 03:00:00,29.165
2017-05-08 04:00:00,29.165
2017-05-08 05:00:00,28.7255
2017-05-08 06:00:00,26.528
2017-05-08 07:00:00,26.089
2017-05-08 08:00:00,25.21
2017-05-08 09:00:00,25.21
2017-05-08 10:00:00,24.7705
2017-05-08 11:00:00,24.5505
2017-05-08 12:00:00,24.99
2017-05-08 13:00:00,24.99
2017-05-08 14:00:00,25.43
2017-05-08 15:00:00,25.6495
2017-05-08 16:00:00,25.6495
2017-05-08 17:00:00,25.43
2017-05-08 18:00:00,25.43
2017-05-08 19:00:00,24.99
2017-05-08 20:00:00,24.99
2017-05-08 21:00:00,24.99
2017-05-08 22:00:00,24.99
2017-05-08 23:00:00,24.99
2017-05-09 00:00:00,24.99
2017-05-09 01:00:00,24.99
2017-05-09 02:00:00,23.8915
2017-05-09 03:00:00,22.573
2017-05-09 04:00:00,22.3535
2017-05-09 05:00:00,22.3535
2017-05-09 06:00:00,22.3535
2017-05-09 07:00:00,22.3535
2017-05-09 08:00:00,23.2325
2017-05-09 09:00:00,24.5505
2017-05-09 10:00:00,26.5285
2017-05-09 11:00:00,30.264
2017-05-09 12:00:00,31.8015
2017-05-09 13:00:00,34.6585
2017-05-09 14:00:00,37.295
2017-05-09 15:00:00,38.6135
2017-05-09 16:00:00,37.295
2017-05-09 17:00:00,35.9765
2017-05-09 18:00:00,35.317
2017-05-09 19:00:00,33.779
2017-05-09 20:00:00,31.582
2017-05-09 21:00:00,29.824
2017-05-09 22:00:00,28.506
2017-05-09 23:00:00,27.627
2017-05-10 00:00:00,27.1875
2017-05-10 01:00:00,26.528
2017-05-10 02:00:00,26.089
2017-05-10 03:00:00,26.3085
2017-05-10 04:00:00,26.3085
2017-05-10 05:00:00,25.869
2017-05-10 06:00:00,25.869
2017-05-10 07:00:00,26.748
2017-05-10 08:00:00,28.9455
2017-05-10 09:00:00,32.2415
2017-05-10 10:00:00,35.537
2017-05-10 11:00:00,40.371
2017-05-10 12:00:00,41.909
2017-05-10 13:00:00,21.4795
2017-05-10 14:00:00,44.546
2017-05-10 15:00:00,44.546
2017-05-10 16:00:00,44.546
2017-05-10 17:00:00,43.008
2017-05-10 18:00:00,42.3485
2017-05-10 19:00:00,39.492
2017-05-10 20:00:00,37.0755
2017-05-10 21:00:00,35.3175
2017-05-10 22:00:00,33.779
2017-05-10 23:00:00,33.34
2017-05-11 00:00:00,32.9005
2017-05-11 01:00:00,32.0215
2017-05-11 02:00:00,31.1425
2017-05-11 03:00:00,30.483
2017-05-11 04:00:00,29.824
2017-05-11 05:00:00,29.6045
2017-05-11 06:00:00,29.385
2017-05-11 07:00:00,29.385
2017-05-11 08:00:00,31.362
2017-05-11 09:00:00,34.4385
2017-05-11 10:00:00,36.8555
2017-05-11 11:00:00,40.1515
2017-05-11 12:00:00,43.667
2017-05-11 13:00:00,45.6445
2017-05-11 14:00:00,47.4025
2017-05-11 15:00:00,46.743
2017-05-11 16:00:00,43.887
2017-05-11 17:00:00,41.47
2017-05-11 18:00:00,33.999
2017-05-11 19:00:00,32.461
2017-05-11 20:00:00,32.0215
2017-05-11 21:00:00,30.703
2017-05-11 22:00:00,30.703
2017-05-11 23:00:00,30.0435
2017-05-12 00:00:00,28.7255
2017-05-12 01:00:00,28.0665
2017-05-12 02:00:00,27.847
2017-05-12 03:00:00,27.1875
2017-05-12 04:00:00,25.43
2017-05-12 05:00:00,24.331
2017-05-12 06:00:00,23.452
2017-05-12 07:00:00,23.452
2017-05-12 08:00:00,24.111
2017-05-12 09:00:00,24.551
2017-05-12 10:00:00,24.7705
2017-05-12 11:00:00,25.869
2017-05-12 12:00:00,29.8245
2017-05-12 13:00:00,33.1205
2017-05-12 14:00:00,37.295
2017-05-12 15:00:00,39.2725
2017-05-12 16:00:00,37.7345
2017-05-12 17:00:00,35.537
2017-05-12 18:00:00,33.999
2017-05-12 19:00:00,32.461
2017-05-12 20:00:00,30.9225
2017-05-12 21:00:00,29.6045
2017-05-12 22:00:00,28.945
2017-05-12 23:00:00,28.0665
2017-05-13 00:00:00,27.627
2017-05-13 01:00:00,26.968
2017-05-13 02:00:00,26.3085
2017-05-13 03:00:00,26.3085
2017-05-13 04:00:00,25.869
2017-05-13 05:00:00,25.43
2017-05-13 06:00:00,24.99
2017-05-13 07:00:00,26.0885
2017-05-13 08:00:00,28.0665
2017-05-13 09:00:00,31.1425
2017-05-13 10:00:00,34.4385
2017-05-13 11:00:00,39.0525
2017-05-13 12:00:00,40.8105
2017-05-13 13:00:00,43.2275
2017-05-13 14:00:00,45.8645
2017-05-13 15:00:00,46.963
2017-05-13 16:00:00,45.205
2017-05-13 17:00:00,43.228
2017-05-13 18:00:00,41.6895
2017-05-13 19:00:00,40.1515
2017-05-13 20:00:00,37.7345
2017-05-13 21:00:00,35.9765
2017-05-13 22:00:00,34.658
2017-05-13 23:00:00,33.779
2017-05-14 00:00:00,33.34
2017-05-14 01:00:00,32.9005
2017-05-14 02:00:00,32.461
2017-05-14 03:00:00,31.802
2017-05-14 04:00:00,30.923
2017-05-14 05:00:00,30.2635
2017-05-14 06:00:00,29.385
2017-05-14 07:00:00,29.824
2017-05-14 08:00:00,31.582
2017-05-14 09:00:00,34.438
2017-05-14 10:00:00,36.8555
2017-05-14 11:00:00,39.9315
2017-05-14 12:00:00,41.909
2017-05-14 13:00:00,43.8865
2017-05-14 14:00:00,45.6445
2017-05-14 15:00:00,44.326
2017-05-14 16:00:00,42.3485
2017-05-14 17:00:00,39.7115
2017-05-14 18:00:00,37.0755
2017-05-14 19:00:00,35.9765
2017-05-14 20:00:00,34.658
2017-05-14 21:00:00,33.779
2017-05-14 22:00:00,33.34
2017-05-14 23:00:00,33.34
2017-05-15 00:00:00,33.34
2017-05-15 01:00:00,33.34
2017-05-15 02:00:00,33.34
2017-05-15 03:00:00,33.34
2017-05-15 04:00:00,33.34
2017-05-15 05:00:00,33.34
2017-05-15 06:00:00,28.506
2017-05-15 07:00:00,28.506
2017-05-15 08:00:00,29.385
2017-05-15 09:00:00,30.483
2017-05-15 10:00:00,31.802
2017-05-15 11:00:00,32.7295
2017-05-15 12:00:00,32.7295
2017-05-15 13:00:00,32.07
2017-05-15 14:00:00,31.631
2017-05-15 15:00:00,30.752
2017-05-15 16:00:00,30.752
2017-05-15 17:00:00,30.312
2017-05-15 18:00:00,29.873
2017-05-15 19:00:00,29.6535
2017-05-15 20:00:00,29.434
2017-05-15 21:00:00,28.994
2017-05-15 22:00:00,28.7745
2017-05-15 23:00:00,28.555
2017-05-16 00:00:00,28.335
2017-05-16 01:00:00,28.115
2017-05-16 02:00:00,27.8955
2017-05-16 03:00:00,27.236
2017-05-16 04:00:00,26.357
2017-05-16 05:00:00,25.479
2017-05-16 06:00:00,25.039
2017-05-16 07:00:00,25.479
2017-05-16 08:00:00,27.236
2017-05-16 09:00:00,30.3125
2017-05-16 10:00:00,32.949
2017-05-16 11:00:00,37.344
2017-05-16 12:00:00,39.321
2017-05-16 13:00:00,40.6395
2017-05-16 14:00:00,42.837
2017-05-16 15:00:00,43.496
2017-05-16 16:00:00,42.3975
2017-05-16 17:00:00,39.321
2017-05-16 18:00:00,37.124
2017-05-16 19:00:00,34.9265
2017-05-16 20:00:00,32.7295
2017-05-16 21:00:00,30.9715
2017-05-16 22:00:00,29.873
2017-05-16 23:00:00,28.994
2017-05-17 00:00:00,28.115
2017-05-17 01:00:00,27.236
2017-05-17 02:00:00,26.577
2017-05-17 03:00:00,25.6985
2017-05-17 04:00:00,25.039
2017-05-17 05:00:00,24.6
2017-05-17 06:00:00,24.38
2017-05-17 07:00:00,25.039
2017-05-17 08:00:00,27.2365
2017-05-17 09:00:00,30.532
2017-05-17 10:00:00,33.6085
2017-05-17 11:00:00,37.783
2017-05-17 12:00:00,39.1015
2017-05-17 13:00:00,40.6395
2017-05-17 14:00:00,42.6175
2017-05-17 15:00:00,43.496
2017-05-17 16:00:00,41.5185
2017-05-17 17:00:00,39.3215
2017-05-17 18:00:00,37.783
2017-05-17 19:00:00,36.0255
2017-05-17 20:00:00,33.828
2017-05-17 21:00:00,32.7295
2017-05-17 22:00:00,31.8505
2017-05-17 23:00:00,31.1915
2017-05-18 00:00:00,30.532
2017-05-18 01:00:00,30.0925
2017-05-18 02:00:00,30.0925
2017-05-18 03:00:00,29.6535
2017-05-18 04:00:00,29.214
2017-05-18 05:00:00,28.5545
2017-05-18 06:00:00,28.335
2017-05-18 07:00:00,28.9945
2017-05-18 08:00:00,30.093
2017-05-18 09:00:00,32.949
2017-05-18 10:00:00,35.586
2017-05-18 11:00:00,39.9805
2017-05-18 12:00:00,42.1775
2017-05-18 13:00:00,43.9355
2017-05-18 14:00:00,46.3525
2017-05-18 15:00:00,46.792
2017-05-18 16:00:00,44.8145
2017-05-18 17:00:00,42.837
2017-05-18 18:00:00,41.5185
2017-05-18 19:00:00,39.7605
2017-05-18 20:00:00,38.223
2017-05-18 21:00:00,36.904
2017-05-18 22:00:00,36.025
2017-05-18 23:00:00,35.146
2017-05-19 00:00:00,34.4875
2017-05-19 01:00:00,33.6085
2017-05-19 02:00:00,33.169
2017-05-19 03:00:00,32.949
2017-05-19 04:00:00,32.51
2017-05-19 05:00:00,31.8505
2017-05-19 06:00:00,31.191
2017-05-19 07:00:00,31.191
2017-05-19 08:00:00,30.9715
2017-05-19 09:00:00,31.631
2017-05-19 10:00:00,32.949
2017-05-19 11:00:00,36.245
2017-05-19 12:00:00,37.124
2017-05-19 13:00:00,37.124
2017-05-19 14:00:00,38.882
2017-05-19 15:00:00,38.4425
2017-05-19 16:00:00,38.223
2017-05-19 17:00:00,38.003
2017-05-19 18:00:00,37.344
2017-05-19 19:00:00,36.6845
2017-05-19 20:00:00,35.586
2017-05-19 21:00:00,34.707
2017-05-19 22:00:00,33.828
2017-05-19 23:00:00,33.389
2017-05-20 00:00:00,32.7295
2017-05-20 01:00:00,32.07
2017-05-20 02:00:00,31.191
2017-05-20 03:00:00,30.312
2017-05-20 04:00:00,29.873
2017-05-20 05:00:00,29.214
2017-05-20 06:00:00,28.994
2017-05-20 07:00:00,29.434
2017-05-20 08:00:00,30.752
2017-05-20 09:00:00,33.169
2017-05-20 10:00:00,36.904
2017-05-20 11:00:00,41.738
2017-05-20 12:00:00,43.9355
2017-05-20 13:00:00,44.814
2017-05-20 14:00:00,46.3525
2017-05-20 15:00:00,45.6935
2017-05-20 16:00:00,43.9355
2017-05-20 17:00:00,41.2985
2017-05-20 18:00:00,40.42
2017-05-20 19:00:00,40.42
2017-05-20 20:00:00,40.42
2017-05-20 21:00:00,35.8055
2017-05-20 22:00:00,34.707
2017-05-20 23:00:00,33.6085
2017-05-21 00:00:00,32.7295
2017-05-21 01:00:00,32.07
2017-05-21 02:00:00,31.191
2017-05-21 03:00:00,30.752
2017-05-21 04:00:00,30.0925
2017-05-21 05:00:00,29.434
2017-05-21 06:00:00,29.214
2017-05-21 07:00:00,30.312
2017-05-21 08:00:00,32.29
2017-05-21 09:00:00,34.048
2017-05-21 10:00:00,35.366
2017-05-21 11:00:00,40.2
2017-05-21 12:00:00,42.837
2017-05-21 13:00:00,44.1555
2017-05-21 14:00:00,44.8145
2017-05-21 15:00:00,41.958
2017-05-21 16:00:00,41.299
2017-05-21 17:00:00,41.738
2017-05-21 18:00:00,41.079
2017-05-21 19:00:00,39.541
2017-05-21 20:00:00,38.003
2017-05-21 21:00:00,36.6845
2017-05-21 22:00:00,35.586
2017-05-21 23:00:00,35.146
2017-05-22 00:00:00,34.707
2017-05-22 01:00:00,33.828
2017-05-22 02:00:00,33.389
2017-05-22 03:00:00,32.949
2017-05-22 04:00:00,32.0705
2017-05-22 05:00:00,31.411
2017-05-22 06:00:00,31.411
2017-05-22 07:00:00,31.411
2017-05-22 08:00:00,32.51
2017-05-22 09:00:00,34.927
2017-05-22 10:00:00,37.3435
2017-05-22 11:00:00,41.079
2017-05-22 12:00:00,42.837
2017-05-22 13:00:00,44.1555
2017-05-22 14:00:00,45.913
2017-05-22 15:00:00,47.0115
2017-05-22 16:00:00,46.1325
2017-05-22 17:00:00,43.9355
2017-05-22 18:00:00,41.958
2017-05-22 19:00:00,40.42
2017-05-22 20:00:00,39.3215
2017-05-22 21:00:00,38.662
2017-05-22 22:00:00,38.003
2017-05-22 23:00:00,37.5635
2017-05-23 00:00:00,37.344
2017-05-23 01:00:00,36.904
2017-05-23 02:00:00,36.465
2017-05-23 03:00:00,35.8055
2017-05-23 04:00:00,35.146
2017-05-23 05:00:00,35.146
2017-05-23 06:00:00,32.949
2017-05-23 07:00:00,30.9715
2017-05-23 08:00:00,30.312
2017-05-23 09:00:00,29.873
2017-05-23 10:00:00,29.434
2017-05-23 11:00:00,28.994
2017-05-23 12:00:00,28.335
2017-05-23 13:00:00,28.115
2017-05-23 14:00:00,28.335
2017-05-23 15:00:00,27.8955
2017-05-23 16:00:00,28.994
2017-05-23 17:00:00,28.7745
2017-05-23 18:00:00,28.115
2017-05-23 19:00:00,27.8955
2017-05-23 20:00:00,27.8955
2017-05-23 21:00:00,27.8955
2017-05-23 22:00:00,27.8955
2017-05-23 23:00:00,27.456
2017-05-24 00:00:00,27.456
2017-05-24 01:00:00,27.0165
2017-05-24 02:00:00,26.797
2017-05-24 03:00:00,26.577
2017-05-24 04:00:00,26.357
2017-05-24 05:00:00,26.1375
2017-05-24 06:00:00,26.1375
2017-05-24 07:00:00,26.1375
2017-05-24 08:00:00,27.0165
2017-05-24 09:00:00,29.4335
2017-05-24 10:00:00,32.51
2017-05-24 11:00:00,36.245
2017-05-24 12:00:00,37.5635
2017-05-24 13:00:00,39.9805
2017-05-24 14:00:00,41.958
2017-05-24 15:00:00,42.617
2017-05-24 16:00:00,40.4195
2017-05-24 17:00:00,37.5635
2017-05-24 18:00:00,35.366
2017-05-24 19:00:00,33.6085
2017-05-24 20:00:00,32.29
2017-05-24 21:00:00,30.752
2017-05-24 22:00:00,29.434
2017-05-24 23:00:00,28.555
2017-05-25 00:00:00,28.115
2017-05-25 01:00:00,27.236
2017-05-25 02:00:00,26.357
2017-05-25 03:00:00,25.479
2017-05-25 04:00:00,25.039
2017-05-25 05:00:00,24.6
2017-05-25 06:00:00,24.16
2017-05-25 07:00:00,24.6
2017-05-25 08:00:00,26.357
2017-05-25 09:00:00,28.9945
2017-05-25 10:00:00,32.29
2017-05-25 11:00:00,35.8055
2017-05-25 12:00:00,38.662
2017-05-25 13:00:00,41.5185
2017-05-25 14:00:00,44.814
2017-05-25 15:00:00,43.9355
2017-05-25 16:00:00,43.4965
2017-05-25 17:00:00,41.7385
2017-05-25 18:00:00,40.2
2017-05-25 19:00:00,38.2225
2017-05-25 20:00:00,36.245
2017-05-25 21:00:00,34.4875
2017-05-25 22:00:00,33.169
2017-05-25 23:00:00,32.29
2017-05-26 00:00:00,31.411
2017-05-26 01:00:00,30.532
2017-05-26 02:00:00,29.434
2017-05-26 03:00:00,28.335
2017-05-26 04:00:00,27.676
2017-05-26 05:00:00,26.797
2017-05-26 06:00:00,26.357
2017-05-26 07:00:00,30.532
2017-05-26 08:00:00,30.532
2017-05-26 09:00:00,30.532
2017-05-26 10:00:00,30.532
2017-05-26 11:00:00,30.532
2017-05-26 12:00:00,30.532
2017-05-26 13:00:00,30.532
2017-05-26 14:00:00,30.532
2017-05-26 15:00:00,30.532
2017-05-26 16:00:00,47.8905
2017-05-26 17:00:00,30.532
2017-05-26 18:00:00,30.532
2017-05-26 19:00:00,30.532
2017-05-26 20:00:00,30.532
2017-05-26 21:00:00,30.532
2017-05-26 22:00:00,30.532
2017-05-26 23:00:00,30.532
2017-05-27 00:00:00,30.532
2017-05-27 01:00:00,30.532
2017-05-27 02:00:00,30.532
2017-05-27 03:00:00,30.532
2017-05-27 04:00:00,30.532
2017-05-27 05:00:00,30.532
2017-05-27 06:00:00,30.532
2017-05-27 07:00:00,30.532
2017-05-27 08:00:00,30.532
2017-05-27 09:00:00,30.532
2017-05-27 10:00:00,38.882
2017-05-27 11:00:00,30.532
2017-05-27 12:00:00,30.532
2017-05-27 13:00:00,30.532
2017-05-27 14:00:00,30.532
2017-05-27 15:00:00,30.532
2017-05-27 16:00:00,30.532
2017-05-27 17:00:00,30.532
2017-05-27 18:00:00,45.034
2017-05-27 19:00:00,42.6175
2017-05-27 20:00:00,40.6395
2017-05-27 21:00:00,38.662
2017-05-27 22:00:00,37.124
2017-05-27 23:00:00,35.8055
2017-05-28 00:00:00,34.9265
2017-05-28 01:00:00,34.707
2017-05-28 02:00:00,34.048
2017-05-28 03:00:00,33.169
2017-05-28 04:00:00,32.29
2017-05-28 05:00:00,31.631
2017-05-28 06:00:00,31.191
2017-05-28 07:00:00,32.07
2017-05-28 08:00:00,34.487
2017-05-28 09:00:00,37.7835
2017-05-28 10:00:00,40.6395
2017-05-28 11:00:00,44.8145
2017-05-28 12:00:00,47.0115
2017-05-28 13:00:00,48.77
2017-05-28 14:00:00,50.3075
2017-05-28 15:00:00,50.5275
2017-05-28 16:00:00,47.8905
2017-05-28 17:00:00,45.913
2017-05-28 18:00:00,44.595
2017-05-28 19:00:00,43.0565
2017-05-28 20:00:00,41.2985
2017-05-28 21:00:00,39.541
2017-05-28 22:00:00,38.4425
2017-05-28 23:00:00,37.7835
2017-05-29 00:00:00,36.9045
2017-05-29 01:00:00,35.8055
2017-05-29 02:00:00,34.9265
2017-05-29 03:00:00,34.4875
2017-05-29 04:00:00,33.6085
2017-05-29 05:00:00,32.9495
2017-05-29 06:00:00,32.7295
2017-05-29 07:00:00,33.169
2017-05-29 08:00:00,34.707
2017-05-29 09:00:00,36.6845
2017-05-29 10:00:00,39.541
2017-05-29 11:00:00,43.7155
2017-05-29 12:00:00,45.4735
2017-05-29 13:00:00,47.2315
2017-05-29 14:00:00,49.6485
2017-05-29 15:00:00,49.8685
2017-05-29 16:00:00,47.4515
2017-05-29 17:00:00,45.693
2017-05-29 18:00:00,44.375
2017-05-29 19:00:00,42.617
2017-05-29 20:00:00,41.299
2017-05-29 21:00:00,39.98
2017-05-29 22:00:00,39.102
2017-05-29 23:00:00,38.003
2017-05-30 00:00:00,36.9045
2017-05-30 01:00:00,36.0255
2017-05-30 02:00:00,35.5855
2017-05-30 03:00:00,34.707
2017-05-30 04:00:00,34.2675
2017-05-30 05:00:00,33.8285
2017-05-30 06:00:00,33.3885
2017-05-30 07:00:00,33.3885
2017-05-30 08:00:00,34.487
2017-05-30 09:00:00,37.124
2017-05-30 10:00:00,38.2225
2017-05-30 11:00:00,38.882
2017-05-30 12:00:00,38.882
2017-05-30 13:00:00,39.7605
2017-05-30 14:00:00,40.42
2017-05-30 15:00:00,41.738
2017-05-30 16:00:00,42.617
2017-05-30 17:00:00,42.178
2017-05-30 18:00:00,41.079
2017-05-30 19:00:00,40.2
2017-05-30 20:00:00,39.102
2017-05-30 21:00:00,38.223
2017-05-30 22:00:00,37.344
2017-05-30 23:00:00,36.904
2017-05-31 00:00:00,36.6845
2017-05-31 01:00:00,36.6845
2017-05-31 02:00:00,36.6845
2017-05-31 03:00:00,36.6845
2017-05-31 04:00:00,36.6845
2017-05-31 05:00:00,36.6845
2017-05-31 06:00:00,36.6845
2017-05-31 07:00:00,36.6845
2017-05-31 08:00:00,36.6845
2017-05-31 09:00:00,36.6845
2017-05-31 10:00:00,36.6845
2017-05-31 11:00:00,36.6845
2017-05-31 12:00:00,36.6845
2017-05-31 13:00:00,36.6845
2017-05-31 14:00:00,36.6845
2017-05-31 15:00:00,36.6845
2017-05-31 16:00:00,36.6845
2017-05-31 17:00:00,36.6845
2017-05-31 18:00:00,36.6845
2017-05-31 19:00:00,36.6845
2017-05-31 20:00:00,36.6845
2017-05-31 21:00:00,36.6845
2017-05-31 22:00:00,36.6845
2017-05-31 23:00:00,36.6845
2017-06-01 00:00:00,38.4425
2017-06-01 01:00:00,38.003
2017-06-01 02:00:00,37.124
2017-06-01 03:00:00,36.6845
2017-06-01 04:00:00,36.245
2017-06-01 05:00:00,35.8055
2017-06-01 06:00:00,35.8055
2017-06-01 07:00:00,36.025
2017-06-01 08:00:00,37.344
2017-06-01 09:00:00,38.223
2017-06-01 10:00:00,40.2
2017-06-01 11:00:00,44.1555
2017-06-01 12:00:00,46.3525
2017-06-01 13:00:00,45.254
2017-06-01 14:00:00,45.034
2017-06-01 15:00:00,47.012
2017-06-01 16:00:00,47.012
2017-06-01 17:00:00,46.5725
2017-06-01 18:00:00,45.6935
2017-06-01 19:00:00,44.1555
2017-06-01 20:00:00,43.2765
2017-06-01 21:00:00,42.178
2017-06-01 22:00:00,36.4645
2017-06-01 23:00:00,36.6845
2017-06-02 00:00:00,36.6845
2017-06-02 01:00:00,36.245
2017-06-02 02:00:00,35.8055
2017-06-02 03:00:00,35.366
2017-06-02 04:00:00,34.9265
2017-06-02 05:00:00,34.4875
2017-06-02 06:00:00,34.048
2017-06-02 07:00:00,34.048
2017-06-02 08:00:00,34.268
2017-06-02 09:00:00,35.586
2017-06-02 10:00:00,38.003
2017-06-02 11:00:00,41.299
2017-06-02 12:00:00,42.617
2017-06-02 13:00:00,44.814
2017-06-02 14:00:00,46.1325
2017-06-02 15:00:00,46.792
2017-06-02 16:00:00,45.913
2017-06-02 17:00:00,44.375
2017-06-02 18:00:00,43.057
2017-06-02 19:00:00,41.5185
2017-06-02 20:00:00,40.42
2017-06-02 21:00:00,39.3215
2017-06-02 22:00:00,38.4425
2017-06-02 23:00:00,37.3435
2017-06-03 00:00:00,36.4645
2017-06-03 01:00:00,36.0255
2017-06-03 02:00:00,35.366
2017-06-03 03:00:00,35.146
2017-06-03 04:00:00,34.4875
2017-06-03 05:00:00,33.8285
2017-06-03 06:00:00,33.6085
2017-06-03 07:00:00,34.268
2017-06-03 08:00:00,35.366
2017-06-03 09:00:00,37.3435
2017-06-03 10:00:00,39.7605
2017-06-03 11:00:00,43.2765
2017-06-03 12:00:00,45.2535
2017-06-03 13:00:00,46.3525
2017-06-03 14:00:00,47.451
2017-06-03 15:00:00,47.0115
2017-06-03 16:00:00,45.2535
2017-06-03 17:00:00,43.2765
2017-06-03 18:00:00,42.3975
2017-06-03 19:00:00,41.079
2017-06-03 20:00:00,39.98
2017-06-03 21:00:00,39.3215
2017-06-03 22:00:00,38.223
2017-06-03 23:00:00,37.344
2017-06-04 00:00:00,36.245
2017-06-04 01:00:00,35.146
2017-06-04 02:00:00,34.268
2017-06-04 03:00:00,33.389
2017-06-04 04:00:00,32.51
2017-06-04 05:00:00,32.07
2017-06-04 06:00:00,31.191
2017-06-04 07:00:00,30.9715
2017-06-04 08:00:00,31.6305
2017-06-04 09:00:00,33.828
2017-06-04 10:00:00,36.245
2017-06-04 11:00:00,39.541
2017-06-04 12:00:00,39.9805
2017-06-04 13:00:00,42.3975
2017-06-04 14:00:00,42.837
2017-06-04 15:00:00,44.375
2017-06-04 16:00:00,42.3975
2017-06-04 17:00:00,40.2
2017-06-04 18:00:00,38.662
2017-06-04 19:00:00,37.783
2017-06-04 20:00:00,37.124
2017-06-04 21:00:00,36.465
2017-06-04 22:00:00,35.366
2017-06-04 23:00:00,34.707
2017-06-05 00:00:00,33.828
2017-06-05 01:00:00,33.169
2017-06-05 02:00:00,32.51
2017-06-05 03:00:00,32.29
2017-06-05 04:00:00,31.631
2017-06-05 05:00:00,29.6535
2017-06-05 06:00:00,29.873
2017-06-05 07:00:00,29.6535
2017-06-05 08:00:00,30.312
2017-06-05 09:00:00,29.873
2017-06-05 10:00:00,28.7745
2017-06-05 11:00:00,27.2365
2017-06-05 12:00:00,25.039
2017-06-05 13:00:00,23.0615
2017-06-05 14:00:00,22.1825
2017-06-05 15:00:00,22.1825
2017-06-05 16:00:00,22.1825
2017-06-05 17:00:00,22.842
2017-06-05 18:00:00,23.721
2017-06-05 19:00:00,23.9405
2017-06-05 20:00:00,23.281
2017-06-05 21:00:00,21.963
2017-06-05 22:00:00,22.402
2017-06-05 23:00:00,22.842
2017-06-06 00:00:00,23.501
2017-06-06 01:00:00,24.38
2017-06-06 02:00:00,24.8195
2017-06-06 03:00:00,24.38
2017-06-06 04:00:00,24.6
2017-06-06 05:00:00,25.6985
2017-06-06 06:00:00,26.357
2017-06-06 07:00:00,26.357
2017-06-06 08:00:00,25.918
2017-06-06 09:00:00,26.1375
2017-06-06 10:00:00,27.456
2017-06-06 11:00:00,27.8955
2017-06-06 12:00:00,28.335
2017-06-06 13:00:00,29.6535
2017-06-06 14:00:00,31.411
2017-06-06 15:00:00,32.9495
2017-06-06 16:00:00,32.9495
2017-06-06 17:00:00,32.29
2017-06-06 18:00:00,31.6305
2017-06-06 19:00:00,30.7515
2017-06-06 20:00:00,29.873
2017-06-06 21:00:00,29.214
2017-06-06 22:00:00,28.994
2017-06-06 23:00:00,28.555
2017-06-07 00:00:00,28.115
2017-06-07 01:00:00,27.8955
2017-06-07 02:00:00,27.676
2017-06-07 03:00:00,27.236
2017-06-07 04:00:00,27.236
2017-06-07 05:00:00,26.797
2017-06-07 06:00:00,26.577
2017-06-07 07:00:00,26.797
2017-06-07 08:00:00,28.335
2017-06-07 09:00:00,30.3125
2017-06-07 10:00:00,33.8285
2017-06-07 11:00:00,37.5635
2017-06-07 12:00:00,39.541
2017-06-07 13:00:00,40.8595
2017-06-07 14:00:00,43.057
2017-06-07 15:00:00,42.178
2017-06-07 16:00:00,41.079
2017-06-07 17:00:00,40.2
2017-06-07 18:00:00,39.3215
2017-06-07 19:00:00,38.003
2017-06-07 20:00:00,36.245
2017-06-07 21:00:00,34.9265
2017-06-07 22:00:00,33.828
2017-06-07 23:00:00,32.949
2017-06-08 00:00:00,32.07
2017-06-08 01:00:00,31.411
2017-06-08 02:00:00,30.752
2017-06-08 03:00:00,30.312
2017-06-08 04:00:00,29.873
2017-06-08 05:00:00,29.434
2017-06-08 06:00:00,29.434
2017-06-08 07:00:00,30.312
2017-06-08 08:00:00,32.7295
2017-06-08 09:00:00,35.586
2017-06-08 10:00:00,38.223
2017-06-08 11:00:00,41.5185
2017-06-08 12:00:00,42.837
2017-06-08 13:00:00,43.716
2017-06-08 14:00:00,44.1555
2017-06-08 15:00:00,44.375
2017-06-08 16:00:00,43.9355
2017-06-08 17:00:00,42.837
2017-06-08 18:00:00,41.2985
2017-06-08 19:00:00,40.2
2017-06-08 20:00:00,38.6625
2017-06-08 21:00:00,37.3435
2017-06-08 22:00:00,36.4645
2017-06-08 23:00:00,36.0255
2017-06-09 00:00:00,35.8055
2017-06-09 01:00:00,35.366
2017-06-09 02:00:00,35.366
2017-06-09 03:00:00,35.366
2017-06-09 04:00:00,34.9265
2017-06-09 05:00:00,34.4875
2017-06-09 06:00:00,34.4875
2017-06-09 07:00:00,33.828
2017-06-09 08:00:00,34.268
2017-06-09 09:00:00,36.0255
2017-06-09 10:00:00,38.2225
2017-06-09 11:00:00,41.2985
2017-06-09 12:00:00,43.716
2017-06-09 13:00:00,44.814
2017-06-09 14:00:00,43.0565
2017-06-09 15:00:00,42.6175
2017-06-09 16:00:00,41.7385
2017-06-09 17:00:00,40.8595
2017-06-09 18:00:00,39.7605
2017-06-09 19:00:00,38.882
2017-06-09 20:00:00,38.4425
2017-06-09 21:00:00,38.003
2017-06-09 22:00:00,37.5635
2017-06-09 23:00:00,37.124
2017-06-10 00:00:00,35.366
2017-06-10 01:00:00,33.6085
2017-06-10 02:00:00,32.7295
2017-06-10 03:00:00,32.51
2017-06-10 04:00:00,30.752
2017-06-10 05:00:00,29.873
2017-06-10 06:00:00,29.214
2017-06-10 07:00:00,28.7745
2017-06-10 08:00:00,28.115
2017-06-10 09:00:00,27.676
2017-06-10 10:00:00,27.676
2017-06-10 11:00:00,27.8955
2017-06-10 12:00:00,27.676
2017-06-10 13:00:00,27.676
2017-06-10 14:00:00,27.0165
2017-06-10 15:00:00,27.676
2017-06-10 16:00:00,28.115
2017-06-10 17:00:00,28.555
2017-06-10 18:00:00,27.8955
2017-06-10 19:00:00,28.555
2017-06-10 20:00:00,29.214
2017-06-10 21:00:00,29.434
2017-06-10 22:00:00,29.873
2017-06-10 23:00:00,30.312
2017-06-11 00:00:00,30.752
2017-06-11 01:00:00,30.752
2017-06-11 02:00:00,30.9715
2017-06-11 03:00:00,30.9715
2017-06-11 04:00:00,30.9715
2017-06-11 05:00:00,30.9715
2017-06-11 06:00:00,31.191
2017-06-11 07:00:00,29.873
2017-06-11 08:00:00,29.6535
2017-06-11 09:00:00,31.411
2017-06-11 10:00:00,33.828
2017-06-11 11:00:00,37.124
2017-06-11 12:00:00,39.9805
2017-06-11 13:00:00,41.5185
2017-06-11 14:00:00,41.5185
2017-06-11 15:00:00,42.178
2017-06-11 16:00:00,41.299
2017-06-11 17:00:00,39.761
2017-06-11 18:00:00,39.1015
2017-06-11 19:00:00,38.003
2017-06-11 20:00:00,36.4645
2017-06-11 21:00:00,35.1465
2017-06-11 22:00:00,34.048
2017-06-11 23:00:00,33.3885
2017-06-12 00:00:00,33.169
2017-06-12 01:00:00,32.949
2017-06-12 02:00:00,32.7295
2017-06-12 03:00:00,32.51
2017-06-12 04:00:00,32.07
2017-06-12 05:00:00,31.631
2017-06-12 06:00:00,31.631
2017-06-12 07:00:00,31.631
2017-06-12 08:00:00,32.29
2017-06-12 09:00:00,32.7295
2017-06-12 10:00:00,33.6085
2017-06-12 11:00:00,34.4875
2017-06-12 12:00:00,35.366
2017-06-12 13:00:00,35.8055
2017-06-12 14:00:00,37.124
2017-06-12 15:00:00,36.904
2017-06-12 16:00:00,36.025
2017-06-12 17:00:00,35.146
2017-06-12 18:00:00,34.707
2017-06-12 19:00:00,34.048
2017-06-12 20:00:00,33.389
2017-06-12 21:00:00,33.169
2017-06-12 22:00:00,32.949
2017-06-12 23:00:00,32.7295
2017-06-13 00:00:00,32.29
2017-06-13 01:00:00,32.07
2017-06-13 02:00:00,31.631
2017-06-13 03:00:00,31.631
2017-06-13 04:00:00,31.411
2017-06-13 05:00:00,31.191
2017-06-13 06:00:00,30.9715
2017-06-13 07:00:00,30.752
2017-06-13 08:00:00,30.532
2017-06-13 09:00:00,30.532
2017-06-13 10:00:00,31.411
2017-06-13 11:00:00,31.8505
2017-06-13 12:00:00,32.07
2017-06-13 13:00:00,32.29
2017-06-13 14:00:00,32.07
2017-06-13 15:00:00,31.8505
2017-06-13 16:00:00,31.8505
2017-06-13 17:00:00,31.411
2017-06-13 18:00:00,31.411
2017-06-13 19:00:00,31.191
2017-06-13 20:00:00,31.191
2017-06-13 21:00:00,30.9715
2017-06-13 22:00:00,30.532
2017-06-13 23:00:00,30.312
2017-06-14 00:00:00,29.6535
2017-06-14 01:00:00,29.434
2017-06-14 02:00:00,29.214
2017-06-14 03:00:00,29.214
2017-06-14 04:00:00,28.7745
2017-06-14 05:00:00,28.335
2017-06-14 06:00:00,28.115
2017-06-14 07:00:00,28.7745
2017-06-14 08:00:00,30.532
2017-06-14 09:00:00,32.7295
2017-06-14 10:00:00,34.048
2017-06-14 11:00:00,34.268
2017-06-14 12:00:00,34.268
2017-06-14 13:00:00,35.146
2017-06-14 14:00:00,35.8055
2017-06-14 15:00:00,35.586
2017-06-14 16:00:00,35.8055
2017-06-14 17:00:00,35.366
2017-06-14 18:00:00,35.146
2017-06-14 19:00:00,34.268
2017-06-14 20:00:00,33.169
2017-06-14 21:00:00,32.07
2017-06-14 22:00:00,31.191
2017-06-14 23:00:00,30.752
2017-06-15 00:00:00,30.312
2017-06-15 01:00:00,29.873
2017-06-15 02:00:00,29.6535
2017-06-15 03:00:00,29.214
2017-06-15 04:00:00,28.7745
2017-06-15 05:00:00,28.335
2017-06-15 06:00:00,28.115
2017-06-15 07:00:00,28.115
2017-06-15 08:00:00,30.0925
2017-06-15 09:00:00,33.389
2017-06-15 10:00:00,36.6845
2017-06-15 11:00:00,39.9805
2017-06-15 12:00:00,39.9805
2017-06-15 13:00:00,40.8595
2017-06-15 14:00:00,41.958
2017-06-15 15:00:00,40.4195
2017-06-15 16:00:00,38.882
2017-06-15 17:00:00,37.7835
2017-06-15 18:00:00,37.124
2017-06-15 19:00:00,36.465
2017-06-15 20:00:00,35.8055
2017-06-15 21:00:00,34.707
2017-06-15 22:00:00,33.828
2017-06-15 23:00:00,32.949
2017-06-16 00:00:00,32.51
2017-06-16 01:00:00,32.07
2017-06-16 02:00:00,31.191
2017-06-16 03:00:00,30.312
2017-06-16 04:00:00,29.873
2017-06-16 05:00:00,29.214
2017-06-16 06:00:00,28.7745
2017-06-16 07:00:00,29.434
2017-06-16 08:00:00,31.8505
2017-06-16 09:00:00,33.828
2017-06-16 10:00:00,35.586
2017-06-16 11:00:00,37.5635
2017-06-16 12:00:00,39.9805
2017-06-16 13:00:00,42.1775
2017-06-16 14:00:00,43.936
2017-06-16 15:00:00,44.595
2017-06-16 16:00:00,42.3975
2017-06-16 17:00:00,40.4195
2017-06-16 18:00:00,39.541
2017-06-16 19:00:00,38.4425
2017-06-16 20:00:00,37.124
2017-06-16 21:00:00,36.025
2017-06-16 22:00:00,34.707
2017-06-16 23:00:00,33.828
2017-06-17 00:00:00,32.949
2017-06-17 01:00:00,32.51
2017-06-17 02:00:00,31.631
2017-06-17 03:00:00,31.191
2017-06-17 04:00:00,30.532
2017-06-17 05:00:00,30.0925
2017-06-17 06:00:00,29.434
2017-06-17 07:00:00,29.873
2017-06-17 08:00:00,31.411
2017-06-17 09:00:00,33.3885
2017-06-17 10:00:00,35.586
2017-06-17 11:00:00,38.8815
2017-06-17 12:00:00,40.859
2017-06-17 13:00:00,42.3975
2017-06-17 14:00:00,43.9355
2017-06-17 15:00:00,44.155
2017-06-17 16:00:00,43.0565
2017-06-17 17:00:00,41.2985
2017-06-17 18:00:00,39.3215
2017-06-17 19:00:00,37.783
2017-06-17 20:00:00,36.904
2017-06-17 21:00:00,36.025
2017-06-17 22:00:00,34.9265
2017-06-17 23:00:00,34.4875
2017-06-18 00:00:00,33.8285
2017-06-18 01:00:00,33.6085
2017-06-18 02:00:00,33.169
2017-06-18 03:00:00,32.949
2017-06-18 04:00:00,32.7295
2017-06-18 05:00:00,32.51
2017-06-18 06:00:00,32.29
2017-06-18 07:00:00,32.29
2017-06-18 08:00:00,33.169
2017-06-18 09:00:00,34.2675
2017-06-18 10:00:00,35.366
2017-06-18 11:00:00,37.3435
2017-06-18 12:00:00,38.662
2017-06-18 13:00:00,39.3215
2017-06-18 14:00:00,39.1015
2017-06-18 15:00:00,39.321
2017-06-18 16:00:00,39.9805
2017-06-18 17:00:00,39.321
2017-06-18 18:00:00,38.2225
2017-06-18 19:00:00,37.124
2017-06-18 20:00:00,36.0255
2017-06-18 21:00:00,34.9265
2017-06-18 22:00:00,34.4875
2017-06-18 23:00:00,33.6085
2017-06-19 00:00:00,33.169
2017-06-19 01:00:00,33.169
2017-06-19 02:00:00,33.169
2017-06-19 03:00:00,32.9495
2017-06-19 04:00:00,32.7295
2017-06-19 05:00:00,32.7295
2017-06-19 06:00:00,32.5095
2017-06-19 07:00:00,32.0705
2017-06-19 08:00:00,32.0705
2017-06-19 09:00:00,32.5095
2017-06-19 10:00:00,33.169
2017-06-19 11:00:00,33.3885
2017-06-19 12:00:00,34.2675
2017-06-19 13:00:00,36.0255
2017-06-19 14:00:00,37.7835
2017-06-19 15:00:00,36.9045
2017-06-19 16:00:00,35.5855
2017-06-19 17:00:00,34.707
2017-06-19 18:00:00,34.2675
2017-06-19 19:00:00,33.8285
2017-06-19 20:00:00,33.6085
2017-06-19 21:00:00,33.169
2017-06-19 22:00:00,33.169
2017-06-19 23:00:00,33.169
2017-06-20 00:00:00,32.949
2017-06-20 01:00:00,32.7295
2017-06-20 02:00:00,32.51
2017-06-20 03:00:00,32.07
2017-06-20 04:00:00,31.631
2017-06-20 05:00:00,31.411
2017-06-20 06:00:00,31.191
2017-06-20 07:00:00,31.631
2017-06-20 08:00:00,32.7295
2017-06-20 09:00:00,34.9265
2017-06-20 10:00:00,38.4425
2017-06-20 11:00:00,42.178
2017-06-20 12:00:00,44.375
2017-06-20 13:00:00,43.057
2017-06-20 14:00:00,43.716
2017-06-20 15:00:00,43.9355
2017-06-20 16:00:00,42.837
2017-06-20 17:00:00,42.3975
2017-06-20 18:00:00,41.958
2017-06-20 19:00:00,40.6395
2017-06-20 20:00:00,39.3215
2017-06-20 21:00:00,38.003
2017-06-20 22:00:00,37.124
2017-06-20 23:00:00,36.465
2017-06-21 00:00:00,36.025
2017-06-21 01:00:00,35.8055
2017-06-21 02:00:00,35.586
2017-06-21 03:00:00,35.146
2017-06-21 04:00:00,34.707
2017-06-21 05:00:00,34.268
2017-06-21 06:00:00,34.268
2017-06-21 07:00:00,34.268
2017-06-21 08:00:00,34.707
2017-06-21 09:00:00,34.707
2017-06-21 10:00:00,35.586
2017-06-21 11:00:00,36.465
2017-06-21 12:00:00,38.003
2017-06-21 13:00:00,40.4195
2017-06-21 14:00:00,42.3975
2017-06-21 15:00:00,41.2985
2017-06-21 16:00:00,41.2985
2017-06-21 17:00:00,39.9805
2017-06-21 18:00:00,38.6625
2017-06-21 19:00:00,37.124
2017-06-21 20:00:00,36.245
2017-06-21 21:00:00,35.8055
2017-06-21 22:00:00,35.8055
2017-06-21 23:00:00,35.8055
2017-06-22 00:00:00,35.586
2017-06-22 01:00:00,35.586
2017-06-22 02:00:00,35.586
2017-06-22 03:00:00,35.146
2017-06-22 04:00:00,34.707
2017-06-22 05:00:00,34.707
2017-06-22 06:00:00,34.707
2017-06-22 07:00:00,34.707
2017-06-22 08:00:00,34.9265
2017-06-22 09:00:00,34.707
2017-06-22 10:00:00,34.707
2017-06-22 11:00:00,36.245
2017-06-22 12:00:00,38.003
2017-06-22 13:00:00,38.662
2017-06-22 14:00:00,38.223
2017-06-22 15:00:00,36.904
2017-06-22 16:00:00,36.904
2017-06-22 17:00:00,37.783
2017-06-22 18:00:00,37.5635
2017-06-22 19:00:00,36.6845
2017-06-22 20:00:00,36.025
2017-06-22 21:00:00,35.146
2017-06-22 22:00:00,34.707
2017-06-22 23:00:00,34.4875
2017-06-23 00:00:00,34.048
2017-06-23 01:00:00,34.048
2017-06-23 02:00:00,33.6085
2017-06-23 03:00:00,33.6085
2017-06-23 04:00:00,33.389
2017-06-23 05:00:00,33.389
2017-06-23 06:00:00,32.9495
2017-06-23 07:00:00,33.169
2017-06-23 08:00:00,33.169
2017-06-23 09:00:00,33.169
2017-06-23 10:00:00,32.9495
2017-06-23 11:00:00,32.29
2017-06-23 12:00:00,32.07
2017-06-23 13:00:00,34.048
2017-06-23 14:00:00,34.9265
2017-06-23 15:00:00,36.9045
2017-06-23 16:00:00,38.662
2017-06-23 17:00:00,38.2225
2017-06-23 18:00:00,37.3435
2017-06-23 19:00:00,36.4645
2017-06-23 20:00:00,35.8055
2017-06-23 21:00:00,35.146
2017-06-23 22:00:00,34.707
2017-06-23 23:00:00,34.4875
2017-06-24 00:00:00,34.268
2017-06-24 01:00:00,33.828
2017-06-24 02:00:00,33.389
2017-06-24 03:00:00,32.7295
2017-06-24 04:00:00,32.29
2017-06-24 05:00:00,32.07
2017-06-24 06:00:00,31.631
2017-06-24 07:00:00,32.51
2017-06-24 08:00:00,34.707
2017-06-24 09:00:00,37.124
2017-06-24 10:00:00,40.2
2017-06-24 11:00:00,42.178
2017-06-24 12:00:00,42.837
2017-06-24 13:00:00,42.617
2017-06-24 14:00:00,43.057
2017-06-24 15:00:00,43.936
2017-06-24 16:00:00,43.2765
2017-06-24 17:00:00,42.3975
2017-06-24 18:00:00,41.2985
2017-06-24 19:00:00,40.2
2017-06-24 20:00:00,39.3215
2017-06-24 21:00:00,38.882
2017-06-24 22:00:00,38.003
2017-06-24 23:00:00,37.5635
2017-06-25 00:00:00,37.5635
2017-06-25 01:00:00,37.124
2017-06-25 02:00:00,36.904
2017-06-25 03:00:00,36.6845
2017-06-25 04:00:00,36.465
2017-06-25 05:00:00,36.025
2017-06-25 06:00:00,36.025
2017-06-25 07:00:00,36.025
2017-06-25 08:00:00,36.4645
2017-06-25 09:00:00,37.124
2017-06-25 10:00:00,38.003
2017-06-25 11:00:00,38.882
2017-06-25 12:00:00,40.2
2017-06-25 13:00:00,41.5185
2017-06-25 14:00:00,44.1555
2017-06-25 15:00:00,45.693
2017-06-25 16:00:00,45.2535
2017-06-25 17:00:00,43.2765
2017-06-25 18:00:00,41.958
2017-06-25 19:00:00,41.079
2017-06-25 20:00:00,39.7605
2017-06-25 21:00:00,38.662
2017-06-25 22:00:00,37.5635
2017-06-25 23:00:00,37.124
2017-06-26 00:00:00,36.6845
2017-06-26 01:00:00,36.245
2017-06-26 02:00:00,35.8055
2017-06-26 03:00:00,35.366
2017-06-26 04:00:00,34.9265
2017-06-26 05:00:00,34.4875
2017-06-26 06:00:00,34.048
2017-06-26 07:00:00,34.4875
2017-06-26 08:00:00,35.586
2017-06-26 09:00:00,37.124
2017-06-26 10:00:00,39.102
2017-06-26 11:00:00,41.738
2017-06-26 12:00:00,42.3975
2017-06-26 13:00:00,42.178
2017-06-26 14:00:00,43.936
2017-06-26 15:00:00,44.814
2017-06-26 16:00:00,43.0565
2017-06-26 17:00:00,41.2985
2017-06-26 18:00:00,39.7605
2017-06-26 19:00:00,38.4425
2017-06-26 20:00:00,37.5635
2017-06-26 21:00:00,36.465
2017-06-26 22:00:00,36.025
2017-06-26 23:00:00,35.8055
2017-06-27 00:00:00,35.366
2017-06-27 01:00:00,34.9265
2017-06-27 02:00:00,34.4875
2017-06-27 03:00:00,34.048
2017-06-27 04:00:00,33.828
2017-06-27 05:00:00,33.389
2017-06-27 06:00:00,33.389
2017-06-27 07:00:00,33.389
2017-06-27 08:00:00,34.4875
2017-06-27 09:00:00,35.586
2017-06-27 10:00:00,37.5635
2017-06-27 11:00:00,40.8595
2017-06-27 12:00:00,42.3975
2017-06-27 13:00:00,44.5945
2017-06-27 14:00:00,45.6935
2017-06-27 15:00:00,46.792
2017-06-27 16:00:00,45.4735
2017-06-27 17:00:00,42.837
2017-06-27 18:00:00,41.958
2017-06-27 19:00:00,40.859
2017-06-27 20:00:00,39.98
2017-06-27 21:00:00,38.662
2017-06-27 22:00:00,37.783
2017-06-27 23:00:00,37.124
2017-06-28 00:00:00,36.904
2017-06-28 01:00:00,36.465
2017-06-28 02:00:00,36.025
2017-06-28 03:00:00,35.586
2017-06-28 04:00:00,35.366
2017-06-28 05:00:00,35.146
2017-06-28 06:00:00,34.9265
2017-06-28 07:00:00,34.707
2017-06-28 08:00:00,35.586
2017-06-28 09:00:00,36.465
2017-06-28 10:00:00,38.003
2017-06-28 11:00:00,39.102
2017-06-28 12:00:00,40.859
2017-06-28 13:00:00,41.5185
2017-06-28 14:00:00,41.5185
2017-06-28 15:00:00,42.1775
2017-06-28 16:00:00,42.1775
2017-06-28 17:00:00,41.2985
2017-06-28 18:00:00,40.2
2017-06-28 19:00:00,39.541
2017-06-28 20:00:00,38.4425
2017-06-28 21:00:00,37.5635
2017-06-28 22:00:00,37.124
2017-06-28 23:00:00,36.904
2017-06-29 00:00:00,36.465
2017-06-29 01:00:00,35.8055
2017-06-29 02:00:00,35.366
2017-06-29 03:00:00,34.9265
2017-06-29 04:00:00,34.707
2017-06-29 05:00:00,34.4875
2017-06-29 06:00:00,34.048
2017-06-29 07:00:00,34.048
2017-06-29 08:00:00,35.1465
2017-06-29 09:00:00,37.124
2017-06-29 10:00:00,39.321
2017-06-29 11:00:00,41.5185
2017-06-29 12:00:00,43.4965
2017-06-29 13:00:00,44.595
2017-06-29 14:00:00,46.3525
2017-06-29 15:00:00,46.3525
2017-06-29 16:00:00,45.034
2017-06-29 17:00:00,43.9355
2017-06-29 18:00:00,42.3975
2017-06-29 19:00:00,41.2985
2017-06-29 20:00:00,40.2
2017-06-29 21:00:00,39.3215
2017-06-29 22:00:00,38.6625
2017-06-29 23:00:00,38.4425
2017-06-30 00:00:00,38.003
2017-06-30 01:00:00,37.344
2017-06-30 02:00:00,37.124
2017-06-30 03:00:00,36.904
2017-06-30 04:00:00,36.6845
2017-06-30 05:00:00,36.245
2017-06-30 06:00:00,35.146
2017-06-30 07:00:00,34.9265
2017-06-30 08:00:00,35.366
2017-06-30 09:00:00,36.245
2017-06-30 10:00:00,37.124
2017-06-30 11:00:00,37.124
2017-06-30 12:00:00,37.124
2017-06-30 13:00:00,34.707
2017-06-30 14:00:00,32.51
2017-06-30 15:00:00,30.532
2017-06-30 16:00:00,31.8505
2017-06-30 17:00:00,32.9495
2017-06-30 18:00:00,33.6085
2017-06-30 19:00:00,33.6085
2017-06-30 20:00:00,33.389
2017-06-30 21:00:00,32.949
2017-06-30 22:00:00,31.6305
2017-06-30 23:00:00,31.1915
2017-07-01 00:00:00,30.532
2017-07-01 01:00:00,31.6305
2017-07-01 02:00:00,31.411
2017-07-01 03:00:00,30.532
2017-07-01 04:00:00,30.3125
2017-07-01 05:00:00,30.3125
2017-07-01 06:00:00,29.873
2017-07-01 07:00:00,30.3125
2017-07-01 08:00:00,31.1915
2017-07-01 09:00:00,32.0705
2017-07-01 10:00:00,30.9715
2017-07-01 11:00:00,30.532
2017-07-01 12:00:00,29.873
2017-07-01 13:00:00,28.9945
2017-07-01 14:00:00,29.214
2017-07-01 15:00:00,30.7515
2017-07-01 16:00:00,30.9715
2017-07-01 17:00:00,32.0705
2017-07-01 18:00:00,32.29
2017-07-01 19:00:00,31.411
2017-07-01 20:00:00,31.8505
2017-07-01 21:00:00,32.0705
2017-07-01 22:00:00,32.29
2017-07-01 23:00:00,31.8505
2017-07-02 00:00:00,31.1915
2017-07-02 01:00:00,31.411
2017-07-02 02:00:00,32.0705
2017-07-02 03:00:00,32.0705
2017-07-02 04:00:00,29.4335
2017-07-02 05:00:00,28.5545
2017-07-02 06:00:00,28.555
2017-07-02 07:00:00,28.7745
2017-07-02 08:00:00,28.335
2017-07-02 09:00:00,28.335
2017-07-02 10:00:00,27.8955
2017-07-02 11:00:00,27.676
2017-07-02 12:00:00,29.434
2017-07-02 13:00:00,30.3125
2017-07-02 14:00:00,29.214
2017-07-02 15:00:00,28.335
2017-07-02 16:00:00,29.6535
2017-07-02 17:00:00,30.7515
2017-07-02 18:00:00,31.1915
2017-07-02 19:00:00,31.6305
2017-07-02 20:00:00,29.873
2017-07-02 21:00:00,29.214
2017-07-02 22:00:00,29.4335
2017-07-02 23:00:00,30.3125
2017-07-03 00:00:00,30.9715
2017-07-03 01:00:00,31.411
2017-07-03 02:00:00,31.411
2017-07-03 03:00:00,31.411
2017-07-03 04:00:00,31.1915
2017-07-03 05:00:00,31.411
2017-07-03 06:00:00,31.631
2017-07-03 07:00:00,32.51
2017-07-03 08:00:00,34.048
2017-07-03 09:00:00,36.245
2017-07-03 10:00:00,38.4425
2017-07-03 11:00:00,39.7605
2017-07-03 12:00:00,39.3215
2017-07-03 13:00:00,39.7605
2017-07-03 14:00:00,40.6395
2017-07-03 15:00:00,41.5185
2017-07-03 16:00:00,41.5185
2017-07-03 17:00:00,40.8595
2017-07-03 18:00:00,40.2
2017-07-03 19:00:00,39.3215
2017-07-03 20:00:00,38.4425
2017-07-03 21:00:00,37.5635
2017-07-03 22:00:00,37.344
2017-07-03 23:00:00,36.6845
2017-07-04 00:00:00,36.245
2017-07-04 01:00:00,36.025
2017-07-04 02:00:00,35.8055
2017-07-04 03:00:00,35.586
2017-07-04 04:00:00,35.366
2017-07-04 05:00:00,35.366
2017-07-04 06:00:00,35.366
2017-07-04 07:00:00,35.586
2017-07-04 08:00:00,37.5635
2017-07-04 09:00:00,39.3215
2017-07-04 10:00:00,40.2
2017-07-04 11:00:00,42.3975
2017-07-04 12:00:00,43.936
2017-07-04 13:00:00,46.1325
2017-07-04 14:00:00,47.4515
2017-07-04 15:00:00,48.9895
2017-07-04 16:00:00,47.671
2017-07-04 17:00:00,45.254
2017-07-04 18:00:00,44.1555
2017-07-04 19:00:00,43.2765
2017-07-04 20:00:00,41.958
2017-07-04 21:00:00,41.079
2017-07-04 22:00:00,40.2
2017-07-04 23:00:00,39.7605
2017-07-05 00:00:00,39.3215
2017-07-05 01:00:00,38.662
2017-07-05 02:00:00,38.223
2017-07-05 03:00:00,37.5635
2017-07-05 04:00:00,37.344
2017-07-05 05:00:00,37.124
2017-07-05 06:00:00,37.124
2017-07-05 07:00:00,37.124
2017-07-05 08:00:00,38.003
2017-07-05 09:00:00,40.4195
2017-07-05 10:00:00,42.1775
2017-07-05 11:00:00,43.7155
2017-07-05 12:00:00,44.375
2017-07-05 13:00:00,40.6395
2017-07-05 14:00:00,42.1775
2017-07-05 15:00:00,43.496
2017-07-05 16:00:00,43.936
2017-07-05 17:00:00,42.3975
2017-07-05 18:00:00,42.3975
2017-07-05 19:00:00,42.3975
2017-07-05 20:00:00,41.5185
2017-07-05 21:00:00,40.6395
2017-07-05 22:00:00,39.7605
2017-07-05 23:00:00,39.7605
2017-07-06 00:00:00,39.7605
2017-07-06 01:00:00,39.7605
2017-07-06 02:00:00,39.3215
2017-07-06 03:00:00,38.882
2017-07-06 04:00:00,38.4425
2017-07-06 05:00:00,38.003
2017-07-06 06:00:00,37.5635
2017-07-06 07:00:00,37.5635
2017-07-06 08:00:00,38.2225
2017-07-06 09:00:00,39.3215
2017-07-06 10:00:00,40.4195
2017-07-06 11:00:00,41.7385
2017-07-06 12:00:00,44.5945
2017-07-06 13:00:00,45.913
2017-07-06 14:00:00,47.2315
2017-07-06 15:00:00,47.891
2017-07-06 16:00:00,45.913
2017-07-06 17:00:00,45.034
2017-07-06 18:00:00,44.8145
2017-07-06 19:00:00,44.375
2017-07-06 20:00:00,43.716
2017-07-06 21:00:00,42.837
2017-07-06 22:00:00,42.3975
2017-07-06 23:00:00,41.958
2017-07-07 00:00:00,41.5185
2017-07-07 01:00:00,41.079
2017-07-07 02:00:00,40.8595
2017-07-07 03:00:00,40.6395
2017-07-07 04:00:00,40.2
2017-07-07 05:00:00,39.7605
2017-07-07 06:00:00,39.3215
2017-07-07 07:00:00,39.7605
2017-07-07 08:00:00,40.2
2017-07-07 09:00:00,40.6395
2017-07-07 10:00:00,41.958
2017-07-07 11:00:00,42.1775
2017-07-07 12:00:00,43.716
2017-07-07 13:00:00,43.936
2017-07-07 14:00:00,44.375
2017-07-07 15:00:00,44.1555
2017-07-07 16:00:00,43.496
2017-07-07 17:00:00,42.617
2017-07-07 18:00:00,42.178
2017-07-07 19:00:00,41.299
2017-07-07 20:00:00,40.6395
2017-07-07 21:00:00,40.42
2017-07-07 22:00:00,40.2
2017-07-07 23:00:00,39.98
2017-07-08 00:00:00,39.7605
2017-07-08 01:00:00,39.541
2017-07-08 02:00:00,39.102
2017-07-08 03:00:00,38.882
2017-07-08 04:00:00,38.662
2017-07-08 05:00:00,37.783
2017-07-08 06:00:00,37.783
2017-07-08 07:00:00,37.783
2017-07-08 08:00:00,38.4425
2017-07-08 09:00:00,39.3215
2017-07-08 10:00:00,40.42
2017-07-08 11:00:00,41.5185
2017-07-08 12:00:00,42.617
2017-07-08 13:00:00,43.716
2017-07-08 14:00:00,43.2765
2017-07-08 15:00:00,42.837
2017-07-08 16:00:00,42.837
2017-07-08 17:00:00,42.3975
2017-07-08 18:00:00,41.958
2017-07-08 19:00:00,41.5185
2017-07-08 20:00:00,40.859
2017-07-08 21:00:00,40.6395
2017-07-08 22:00:00,40.2
2017-07-08 23:00:00,39.7605
2017-07-09 00:00:00,39.7605
2017-07-09 01:00:00,39.7605
2017-07-09 02:00:00,39.541
2017-07-09 03:00:00,39.3215
2017-07-09 04:00:00,38.882
2017-07-09 05:00:00,38.4425
2017-07-09 06:00:00,37.344
2017-07-09 07:00:00,37.783
2017-07-09 08:00:00,37.783
2017-07-09 09:00:00,38.003
2017-07-09 10:00:00,38.882
2017-07-09 11:00:00,39.3215
2017-07-09 12:00:00,40.4195
2017-07-09 13:00:00,40.8595
2017-07-09 14:00:00,40.4195
2017-07-09 15:00:00,40.4195
2017-07-09 16:00:00,40.6395
2017-07-09 17:00:00,39.102
2017-07-09 18:00:00,39.102
2017-07-09 19:00:00,37.5635
2017-07-09 20:00:00,35.366
2017-07-09 21:00:00,34.707
2017-07-09 22:00:00,33.8285
2017-07-09 23:00:00,33.169
2017-07-10 00:00:00,32.7295
2017-07-10 01:00:00,32.7295
2017-07-10 02:00:00,32.7295
2017-07-10 03:00:00,33.6085
2017-07-10 04:00:00,30.7515
2017-07-10 05:00:00,29.6535
2017-07-10 06:00:00,29.214
2017-07-10 07:00:00,29.434
2017-07-10 08:00:00,29.6535
2017-07-10 09:00:00,30.0925
2017-07-10 10:00:00,31.6305
2017-07-10 11:00:00,34.927
2017-07-10 12:00:00,36.245
2017-07-10 13:00:00,37.3435
2017-07-10 14:00:00,39.321
2017-07-10 15:00:00,39.9805
2017-07-10 16:00:00,40.2
2017-07-10 17:00:00,39.9805
2017-07-10 18:00:00,39.3215
2017-07-10 19:00:00,38.003
2017-07-10 20:00:00,37.124
2017-07-10 21:00:00,36.6845
2017-07-10 22:00:00,36.025
2017-07-10 23:00:00,35.8055
2017-07-11 00:00:00,35.586
2017-07-11 01:00:00,35.366
2017-07-11 02:00:00,34.9265
2017-07-11 03:00:00,34.707
2017-07-11 04:00:00,34.4875
2017-07-11 05:00:00,34.268
2017-07-11 06:00:00,34.268
2017-07-11 07:00:00,34.268
2017-07-11 08:00:00,35.8055
2017-07-11 09:00:00,37.7835
2017-07-11 10:00:00,40.42
2017-07-11 11:00:00,43.7155
2017-07-11 12:00:00,45.693
2017-07-11 13:00:00,46.792
2017-07-11 14:00:00,48.7695
2017-07-11 15:00:00,49.8685
2017-07-11 16:00:00,48.7695
2017-07-11 17:00:00,47.012
2017-07-11 18:00:00,46.1325
2017-07-11 19:00:00,45.034
2017-07-11 20:00:00,43.4965
2017-07-11 21:00:00,42.3975
2017-07-11 22:00:00,41.738
2017-07-11 23:00:00,40.859
2017-07-12 00:00:00,40.2
2017-07-12 01:00:00,39.7605
2017-07-12 02:00:00,39.3215
2017-07-12 03:00:00,39.3215
2017-07-12 04:00:00,38.882
2017-07-12 05:00:00,38.6625
2017-07-12 06:00:00,38.4425
2017-07-12 07:00:00,38.4425
2017-07-12 08:00:00,39.3215
2017-07-12 09:00:00,40.4195
2017-07-12 10:00:00,41.079
2017-07-12 11:00:00,42.837
2017-07-12 12:00:00,46.572
2017-07-12 13:00:00,48.3305
2017-07-12 14:00:00,48.3305
2017-07-12 15:00:00,49.8685
2017-07-12 16:00:00,49.4285
2017-07-12 17:00:00,47.8905
2017-07-12 18:00:00,47.2315
2017-07-12 19:00:00,46.3525
2017-07-12 20:00:00,45.034
2017-07-12 21:00:00,43.716
2017-07-12 22:00:00,42.837
2017-07-12 23:00:00,42.617
2017-07-13 00:00:00,42.3975
2017-07-13 01:00:00,42.178
2017-07-13 02:00:00,41.738
2017-07-13 03:00:00,41.299
2017-07-13 04:00:00,40.6395
2017-07-13 05:00:00,40.2
2017-07-13 06:00:00,40.2
2017-07-13 07:00:00,40.2
2017-07-13 08:00:00,41.079
2017-07-13 09:00:00,41.5185
2017-07-13 10:00:00,42.3975
2017-07-13 11:00:00,43.9355
2017-07-13 12:00:00,45.034
2017-07-13 13:00:00,45.4735
2017-07-13 14:00:00,47.0115
2017-07-13 15:00:00,48.1105
2017-07-13 16:00:00,48.55
2017-07-13 17:00:00,48.3305
2017-07-13 18:00:00,47.671
2017-07-13 19:00:00,46.1325
2017-07-13 20:00:00,44.8145
2017-07-13 21:00:00,44.1555
2017-07-13 22:00:00,43.4965
2017-07-13 23:00:00,43.0565
2017-07-14 00:00:00,42.3975
2017-07-14 01:00:00,41.738
2017-07-14 02:00:00,41.079
2017-07-14 03:00:00,40.2
2017-07-14 04:00:00,39.7605
2017-07-14 05:00:00,39.541
2017-07-14 06:00:00,39.3215
2017-07-14 07:00:00,39.3215
2017-07-14 08:00:00,39.7605
2017-07-14 09:00:00,41.2985
2017-07-14 10:00:00,42.3975
2017-07-14 11:00:00,42.617
2017-07-14 12:00:00,43.2765
2017-07-14 13:00:00,45.4735
2017-07-14 14:00:00,48.7695
2017-07-14 15:00:00,50.747
2017-07-14 16:00:00,49.4285
2017-07-14 17:00:00,48.3305
2017-07-14 18:00:00,47.0115
2017-07-14 19:00:00,45.913
2017-07-14 20:00:00,44.5945
2017-07-14 21:00:00,44.1555
2017-07-14 22:00:00,43.496
2017-07-14 23:00:00,43.057
2017-07-15 00:00:00,42.837
2017-07-15 01:00:00,42.1775
2017-07-15 02:00:00,41.5185
2017-07-15 03:00:00,40.8595
2017-07-15 04:00:00,40.4195
2017-07-15 05:00:00,40.2
2017-07-15 06:00:00,39.7605
2017-07-15 07:00:00,40.2
2017-07-15 08:00:00,41.2985
2017-07-15 09:00:00,43.7155
2017-07-15 10:00:00,46.133
2017-07-15 11:00:00,47.891
2017-07-15 12:00:00,49.868
2017-07-15 13:00:00,49.209
2017-07-15 14:00:00,51.626
2017-07-15 15:00:00,52.7245
2017-07-15 16:00:00,51.4065
2017-07-15 17:00:00,49.868
2017-07-15 18:00:00,49.209
2017-07-15 19:00:00,48.3305
2017-07-15 20:00:00,47.0115
2017-07-15 21:00:00,45.913
2017-07-15 22:00:00,45.034
2017-07-15 23:00:00,44.5945
2017-07-16 00:00:00,44.1555
2017-07-16 01:00:00,43.716
2017-07-16 02:00:00,42.837
2017-07-16 03:00:00,41.958
2017-07-16 04:00:00,41.079
2017-07-16 05:00:00,40.42
2017-07-16 06:00:00,39.98
2017-07-16 07:00:00,39.98
2017-07-16 08:00:00,41.7385
2017-07-16 09:00:00,44.375
2017-07-16 10:00:00,46.572
2017-07-16 11:00:00,49.6485
2017-07-16 12:00:00,51.1865
2017-07-16 13:00:00,51.8455
2017-07-16 14:00:00,53.384
2017-07-16 15:00:00,54.7025
2017-07-16 16:00:00,53.3835
2017-07-16 17:00:00,50.967
2017-07-16 18:00:00,49.868
2017-07-16 19:00:00,48.7695
2017-07-16 20:00:00,47.2315
2017-07-16 21:00:00,45.913
2017-07-16 22:00:00,45.034
2017-07-16 23:00:00,44.375
2017-07-17 00:00:00,43.936
2017-07-17 01:00:00,43.057
2017-07-17 02:00:00,42.3975
2017-07-17 03:00:00,41.738
2017-07-17 04:00:00,41.299
2017-07-17 05:00:00,40.6395
2017-07-17 06:00:00,40.2
2017-07-17 07:00:00,40.859
2017-07-17 08:00:00,42.3975
2017-07-17 09:00:00,45.0345
2017-07-17 10:00:00,47.451
2017-07-17 11:00:00,50.088
2017-07-17 12:00:00,51.4065
2017-07-17 13:00:00,52.505
2017-07-17 14:00:00,55.1415
2017-07-17 15:00:00,56.24
2017-07-17 16:00:00,54.7025
2017-07-17 17:00:00,52.9445
2017-07-17 18:00:00,51.8455
2017-07-17 19:00:00,50.0875
2017-07-17 20:00:00,48.55
2017-07-17 21:00:00,46.792
2017-07-17 22:00:00,46.1325
2017-07-17 23:00:00,45.6935
2017-07-18 00:00:00,45.034
2017-07-18 01:00:00,44.1555
2017-07-18 02:00:00,43.496
2017-07-18 03:00:00,42.837
2017-07-18 04:00:00,42.3975
2017-07-18 05:00:00,41.5185
2017-07-18 06:00:00,41.079
2017-07-18 07:00:00,41.5185
2017-07-18 08:00:00,42.3975
2017-07-18 09:00:00,42.6175
2017-07-18 10:00:00,44.595
2017-07-18 11:00:00,47.2315
2017-07-18 12:00:00,48.77
2017-07-18 13:00:00,49.4285
2017-07-18 14:00:00,51.406
2017-07-18 15:00:00,52.9445
2017-07-18 16:00:00,51.406
2017-07-18 17:00:00,50.0875
2017-07-18 18:00:00,49.4285
2017-07-18 19:00:00,48.3305
2017-07-18 20:00:00,46.792
2017-07-18 21:00:00,45.913
2017-07-18 22:00:00,45.034
2017-07-18 23:00:00,44.5945
2017-07-19 00:00:00,44.1555
2017-07-19 01:00:00,43.2765
2017-07-19 02:00:00,42.3975
2017-07-19 03:00:00,41.5185
2017-07-19 04:00:00,40.859
2017-07-19 05:00:00,40.2
2017-07-19 06:00:00,39.7605
2017-07-19 07:00:00,40.2
2017-07-19 08:00:00,41.958
2017-07-19 09:00:00,43.2765
2017-07-19 10:00:00,44.8145
2017-07-19 11:00:00,47.451
2017-07-19 12:00:00,48.7695
2017-07-19 13:00:00,49.868
2017-07-19 14:00:00,52.0655
2017-07-19 15:00:00,52.9445
2017-07-19 16:00:00,52.285
2017-07-19 17:00:00,50.9665
2017-07-19 18:00:00,49.429
2017-07-19 19:00:00,47.8905
2017-07-19 20:00:00,46.5725
2017-07-19 21:00:00,45.4735
2017-07-19 22:00:00,44.5945
2017-07-19 23:00:00,44.1555
2017-07-20 00:00:00,43.716
2017-07-20 01:00:00,43.057
2017-07-20 02:00:00,42.3975
2017-07-20 03:00:00,41.5185
2017-07-20 04:00:00,41.079
2017-07-20 05:00:00,40.6395
2017-07-20 06:00:00,40.2
2017-07-20 07:00:00,40.2
2017-07-20 08:00:00,41.5185
2017-07-20 09:00:00,43.7155
2017-07-20 10:00:00,45.254
2017-07-20 11:00:00,47.671
2017-07-20 12:00:00,49.4285
2017-07-20 13:00:00,50.9665
2017-07-20 14:00:00,52.9445
2017-07-20 15:00:00,53.6035
2017-07-20 16:00:00,52.725
2017-07-20 17:00:00,50.9665
2017-07-20 18:00:00,50.0875
2017-07-20 19:00:00,48.55
2017-07-20 20:00:00,47.0115
2017-07-20 21:00:00,45.913
2017-07-20 22:00:00,45.034
2017-07-20 23:00:00,44.5945
2017-07-21 00:00:00,43.936
2017-07-21 01:00:00,43.2765
2017-07-21 02:00:00,42.617
2017-07-21 03:00:00,41.958
2017-07-21 04:00:00,41.5185
2017-07-21 05:00:00,41.079
2017-07-21 06:00:00,40.6395
2017-07-21 07:00:00,40.6395
2017-07-21 08:00:00,42.3975
2017-07-21 09:00:00,44.375
2017-07-21 10:00:00,46.572
2017-07-21 11:00:00,49.6485
2017-07-21 12:00:00,51.4065
2017-07-21 13:00:00,52.505
2017-07-21 14:00:00,54.2625
2017-07-21 15:00:00,55.1415
2017-07-21 16:00:00,53.823
2017-07-21 17:00:00,51.8455
2017-07-21 18:00:00,50.5275
2017-07-21 19:00:00,48.9895
2017-07-21 20:00:00,47.671
2017-07-21 21:00:00,46.792
2017-07-21 22:00:00,45.913
2017-07-21 23:00:00,45.4735
2017-07-22 00:00:00,45.034
2017-07-22 01:00:00,44.1555
2017-07-22 02:00:00,43.057
2017-07-22 03:00:00,42.178
2017-07-22 04:00:00,41.5185
2017-07-22 05:00:00,40.859
2017-07-22 06:00:00,40.42
2017-07-22 07:00:00,40.859
2017-07-22 08:00:00,42.6175
2017-07-22 09:00:00,45.0345
2017-07-22 10:00:00,47.4515
2017-07-22 11:00:00,50.747
2017-07-22 12:00:00,52.505
2017-07-22 13:00:00,53.8235
2017-07-22 14:00:00,56.24
2017-07-22 15:00:00,57.7785
2017-07-22 16:00:00,56.0205
2017-07-22 17:00:00,53.823
2017-07-22 18:00:00,52.505
2017-07-22 19:00:00,50.9665
2017-07-22 20:00:00,48.9895
2017-07-22 21:00:00,47.671
2017-07-22 22:00:00,46.3525
2017-07-22 23:00:00,45.693
2017-07-23 00:00:00,44.814
2017-07-23 01:00:00,43.936
2017-07-23 02:00:00,43.2765
2017-07-23 03:00:00,42.617
2017-07-23 04:00:00,42.178
2017-07-23 05:00:00,41.299
2017-07-23 06:00:00,40.859
2017-07-23 07:00:00,41.299
2017-07-23 08:00:00,43.4965
2017-07-23 09:00:00,46.3525
2017-07-23 10:00:00,48.989
2017-07-23 11:00:00,52.285
2017-07-23 12:00:00,53.384
2017-07-23 13:00:00,54.043
2017-07-23 14:00:00,55.8005
2017-07-23 15:00:00,56.6795
2017-07-23 16:00:00,55.3615
2017-07-23 17:00:00,53.6035
2017-07-23 18:00:00,52.505
2017-07-23 19:00:00,51.1865
2017-07-23 20:00:00,49.209
2017-07-23 21:00:00,47.671
2017-07-23 22:00:00,46.3525
2017-07-23 23:00:00,45.693
2017-07-24 00:00:00,45.034
2017-07-24 01:00:00,44.1555
2017-07-24 02:00:00,43.2765
2017-07-24 03:00:00,42.3975
2017-07-24 04:00:00,41.738
2017-07-24 05:00:00,41.079
2017-07-24 06:00:00,40.6395
2017-07-24 07:00:00,40.6395
2017-07-24 08:00:00,42.6175
2017-07-24 09:00:00,45.254
2017-07-24 10:00:00,47.2315
2017-07-24 11:00:00,50.747
2017-07-24 12:00:00,53.1645
2017-07-24 13:00:00,54.702
2017-07-24 14:00:00,56.2405
2017-07-24 15:00:00,57.559
2017-07-24 16:00:00,55.8005
2017-07-24 17:00:00,54.702
2017-07-24 18:00:00,53.8235
2017-07-24 19:00:00,52.0655
2017-07-24 20:00:00,50.5275
2017-07-24 21:00:00,49.209
2017-07-24 22:00:00,48.1105
2017-07-24 23:00:00,47.2315
2017-07-25 00:00:00,46.3525
2017-07-25 01:00:00,45.254
2017-07-25 02:00:00,44.375
2017-07-25 03:00:00,43.2765
2017-07-25 04:00:00,42.617
2017-07-25 05:00:00,41.738
2017-07-25 06:00:00,41.079
2017-07-25 07:00:00,41.299
2017-07-25 08:00:00,43.2765
2017-07-25 09:00:00,46.572
2017-07-25 10:00:00,49.868
2017-07-25 11:00:00,53.6035
2017-07-25 12:00:00,55.581
2017-07-25 13:00:00,56.46
2017-07-25 14:00:00,55.361
2017-07-25 15:00:00,53.1645
2017-07-25 16:00:00,54.043
2017-07-25 17:00:00,53.6035
2017-07-25 18:00:00,52.7245
2017-07-25 19:00:00,51.4065
2017-07-25 20:00:00,49.868
2017-07-25 21:00:00,48.55
2017-07-25 22:00:00,47.891
2017-07-25 23:00:00,47.012
2017-07-26 00:00:00,46.572
2017-07-26 01:00:00,45.693
2017-07-26 02:00:00,45.254
2017-07-26 03:00:00,44.814
2017-07-26 04:00:00,44.375
2017-07-26 05:00:00,43.496
2017-07-26 06:00:00,43.057
2017-07-26 07:00:00,43.057
2017-07-26 08:00:00,43.716
2017-07-26 09:00:00,45.2535
2017-07-26 10:00:00,47.4515
2017-07-26 11:00:00,50.088
2017-07-26 12:00:00,51.626
2017-07-26 13:00:00,52.9445
2017-07-26 14:00:00,54.922
2017-07-26 15:00:00,56.0205
2017-07-26 16:00:00,55.581
2017-07-26 17:00:00,53.823
2017-07-26 18:00:00,52.9445
2017-07-26 19:00:00,51.1865
2017-07-26 20:00:00,50.0875
2017-07-26 21:00:00,48.9895
2017-07-26 22:00:00,48.1105
2017-07-26 23:00:00,47.891
2017-07-27 00:00:00,47.451
2017-07-27 01:00:00,47.012
2017-07-27 02:00:00,46.572
2017-07-27 03:00:00,45.913
2017-07-27 04:00:00,45.2535
2017-07-27 05:00:00,44.5945
2017-07-27 06:00:00,44.1555
2017-07-27 07:00:00,44.1555
2017-07-27 08:00:00,44.8145
2017-07-27 09:00:00,46.3525
2017-07-27 10:00:00,48.33
2017-07-27 11:00:00,51.1865
2017-07-27 12:00:00,53.164
2017-07-27 13:00:00,54.9215
2017-07-27 14:00:00,56.8995
2017-07-27 15:00:00,57.5585
2017-07-27 16:00:00,55.3615
2017-07-27 17:00:00,54.043
2017-07-27 18:00:00,53.384
2017-07-27 19:00:00,52.0655
2017-07-27 20:00:00,51.1865
2017-07-27 21:00:00,50.3075
2017-07-27 22:00:00,49.648
2017-07-27 23:00:00,49.209
2017-07-28 00:00:00,48.55
2017-07-28 01:00:00,47.671
2017-07-28 02:00:00,47.2315
2017-07-28 03:00:00,46.133
2017-07-28 04:00:00,45.254
2017-07-28 05:00:00,44.1555
2017-07-28 06:00:00,43.2765
2017-07-28 07:00:00,43.057
2017-07-28 08:00:00,44.375
2017-07-28 09:00:00,46.792
2017-07-28 10:00:00,49.209
2017-07-28 11:00:00,52.725
2017-07-28 12:00:00,54.4825
2017-07-28 13:00:00,55.3615
2017-07-28 14:00:00,57.998
2017-07-28 15:00:00,58.877
2017-07-28 16:00:00,56.6795
2017-07-28 17:00:00,54.702
2017-07-28 18:00:00,53.164
2017-07-28 19:00:00,51.846
2017-07-28 20:00:00,50.527
2017-07-28 21:00:00,49.648
2017-07-28 22:00:00,48.9895
2017-07-28 23:00:00,47.891
2017-07-29 00:00:00,47.671
2017-07-29 01:00:00,46.792
2017-07-29 02:00:00,46.3525
2017-07-29 03:00:00,45.693
2017-07-29 04:00:00,45.034
2017-07-29 05:00:00,44.1555
2017-07-29 06:00:00,43.2765
2017-07-29 07:00:00,43.2765
2017-07-29 08:00:00,43.716
2017-07-29 09:00:00,45.2535
2017-07-29 10:00:00,47.2315
2017-07-29 11:00:00,49.648
2017-07-29 12:00:00,50.747
2017-07-29 13:00:00,52.2855
2017-07-29 14:00:00,53.604
2017-07-29 15:00:00,53.1645
2017-07-29 16:00:00,52.505
2017-07-29 17:00:00,51.626
2017-07-29 18:00:00,50.747
2017-07-29 19:00:00,47.891
2017-07-29 20:00:00,45.913
2017-07-29 21:00:00,44.375
2017-07-29 22:00:00,43.496
2017-07-29 23:00:00,43.057
2017-07-30 00:00:00,42.617
2017-07-30 01:00:00,42.178
2017-07-30 02:00:00,41.738
2017-07-30 03:00:00,41.5185
2017-07-30 04:00:00,41.299
2017-07-30 05:00:00,40.859
2017-07-30 06:00:00,40.42
2017-07-30 07:00:00,40.42
2017-07-30 08:00:00,41.299
2017-07-30 09:00:00,43.0565
2017-07-30 10:00:00,44.375
2017-07-30 11:00:00,45.034
2017-07-30 12:00:00,43.057
2017-07-30 13:00:00,47.0115
2017-07-30 14:00:00,48.33
2017-07-30 15:00:00,43.057
2017-07-30 16:00:00,43.4965
2017-07-30 17:00:00,43.4965
2017-07-30 18:00:00,40.42
2017-07-30 19:00:00,39.9805
2017-07-30 20:00:00,39.9805
2017-07-30 21:00:00,39.9805
2017-07-30 22:00:00,39.98
2017-07-30 23:00:00,39.98
2017-07-31 00:00:00,39.98
2017-07-31 01:00:00,39.98
2017-07-31 02:00:00,39.98
2017-07-31 03:00:00,39.98
2017-07-31 04:00:00,39.98
2017-07-31 05:00:00,39.98
2017-07-31 06:00:00,39.98
2017-07-31 07:00:00,39.98
2017-07-31 08:00:00,39.98
2017-07-31 09:00:00,39.98
2017-07-31 10:00:00,39.98
2017-07-31 11:00:00,39.98
2017-07-31 12:00:00,39.98
2017-07-31 13:00:00,39.98
2017-07-31 14:00:00,39.98
2017-07-31 15:00:00,39.98
2017-07-31 16:00:00,39.98
2017-07-31 17:00:00,39.98
2017-07-31 18:00:00,39.98
2017-07-31 19:00:00,39.98
2017-07-31 20:00:00,39.98
2017-07-31 21:00:00,39.98
2017-07-31 22:00:00,39.98
2017-07-31 23:00:00,39.98
2017-08-01 00:00:00,41.738
2017-08-01 01:00:00,41.738
2017-08-01 02:00:00,41.299
2017-08-01 03:00:00,40.859
2017-08-01 04:00:00,40.42
2017-08-01 05:00:00,39.98
2017-08-01 06:00:00,39.541
2017-08-01 07:00:00,39.541
2017-08-01 08:00:00,39.7605
2017-08-01 09:00:00,39.7605
2017-08-01 10:00:00,39.7605
2017-08-01 11:00:00,40.6395
2017-08-01 12:00:00,41.5185
2017-08-01 13:00:00,42.6175
2017-08-01 14:00:00,42.6175
2017-08-01 15:00:00,39.541
2017-08-01 16:00:00,38.003
2017-08-01 17:00:00,38.2225
2017-08-01 18:00:00,38.6625
2017-08-01 19:00:00,38.2225
2017-08-01 20:00:00,37.7835
2017-08-01 21:00:00,37.5635
2017-08-01 22:00:00,37.3435
2017-08-01 23:00:00,37.124
2017-08-02 00:00:00,37.124
2017-08-02 01:00:00,37.124
2017-08-02 02:00:00,33.8285
2017-08-02 03:00:00,34.2675
2017-08-02 04:00:00,34.927
2017-08-02 05:00:00,35.1465
2017-08-02 06:00:00,34.268
2017-08-02 07:00:00,34.2675
2017-08-02 08:00:00,32.7295
2017-08-02 09:00:00,33.3885
2017-08-02 10:00:00,32.51
2017-08-02 11:00:00,33.169
2017-08-02 12:00:00,35.5855
2017-08-02 13:00:00,37.3435
2017-08-02 14:00:00,37.3435
2017-08-02 15:00:00,35.1465
2017-08-02 16:00:00,35.366
2017-08-02 17:00:00,36.4645
2017-08-02 18:00:00,37.3435
2017-08-02 19:00:00,37.5635
2017-08-02 20:00:00,37.783
2017-08-02 21:00:00,38.003
2017-08-02 22:00:00,38.003
2017-08-02 23:00:00,38.003
2017-08-03 00:00:00,38.003
2017-08-03 01:00:00,37.783
2017-08-03 02:00:00,37.124
2017-08-03 03:00:00,36.465
2017-08-03 04:00:00,36.025
2017-08-03 05:00:00,35.146
2017-08-03 06:00:00,35.8055
2017-08-03 07:00:00,36.245
2017-08-03 08:00:00,37.124
2017-08-03 09:00:00,37.7835
2017-08-03 10:00:00,39.3215
2017-08-03 11:00:00,40.4195
2017-08-03 12:00:00,41.958
2017-08-03 13:00:00,43.9355
2017-08-03 14:00:00,45.6935
2017-08-03 15:00:00,46.3525
2017-08-03 16:00:00,45.913
2017-08-03 17:00:00,44.1555
2017-08-03 18:00:00,43.2765
2017-08-03 19:00:00,42.178
2017-08-03 20:00:00,41.5185
2017-08-03 21:00:00,40.6395
2017-08-03 22:00:00,40.2
2017-08-03 23:00:00,39.7605
2017-08-04 00:00:00,39.3215
2017-08-04 01:00:00,39.102
2017-08-04 02:00:00,39.102
2017-08-04 03:00:00,38.882
2017-08-04 04:00:00,38.4425
2017-08-04 05:00:00,38.4425
2017-08-04 06:00:00,38.223
2017-08-04 07:00:00,38.4425
2017-08-04 08:00:00,39.7605
2017-08-04 09:00:00,41.7385
2017-08-04 10:00:00,44.1555
2017-08-04 11:00:00,47.451
2017-08-04 12:00:00,49.209
2017-08-04 13:00:00,50.3075
2017-08-04 14:00:00,51.4065
2017-08-04 15:00:00,52.0655
2017-08-04 16:00:00,51.626
2017-08-04 17:00:00,50.088
2017-08-04 18:00:00,48.9895
2017-08-04 19:00:00,47.671
2017-08-04 20:00:00,46.3525
2017-08-04 21:00:00,45.254
2017-08-04 22:00:00,44.375
2017-08-04 23:00:00,43.716
2017-08-05 00:00:00,43.057
2017-08-05 01:00:00,42.617
2017-08-05 02:00:00,41.958
2017-08-05 03:00:00,41.299
2017-08-05 04:00:00,40.6395
2017-08-05 05:00:00,40.2
2017-08-05 06:00:00,39.98
2017-08-05 07:00:00,40.2
2017-08-05 08:00:00,41.079
2017-08-05 09:00:00,43.0565
2017-08-05 10:00:00,45.6935
2017-08-05 11:00:00,48.77
2017-08-05 12:00:00,49.6485
2017-08-05 13:00:00,51.406
2017-08-05 14:00:00,53.384
2017-08-05 15:00:00,50.3075
2017-08-05 16:00:00,50.088
2017-08-05 17:00:00,50.3075
2017-08-05 18:00:00,49.4285
2017-08-05 19:00:00,48.33
2017-08-05 20:00:00,47.012
2017-08-05 21:00:00,45.913
2017-08-05 22:00:00,44.814
2017-08-05 23:00:00,44.1555
2017-08-06 00:00:00,43.716
2017-08-06 01:00:00,43.2765
2017-08-06 02:00:00,42.3975
2017-08-06 03:00:00,41.958
2017-08-06 04:00:00,41.5185
2017-08-06 05:00:00,41.079
2017-08-06 06:00:00,40.6395
2017-08-06 07:00:00,40.6395
2017-08-06 08:00:00,41.5185
2017-08-06 09:00:00,43.716
2017-08-06 10:00:00,45.254
2017-08-06 11:00:00,47.891
2017-08-06 12:00:00,50.3075
2017-08-06 13:00:00,51.8455
2017-08-06 14:00:00,54.702
2017-08-06 15:00:00,53.6035
2017-08-06 16:00:00,52.9445
2017-08-06 17:00:00,52.0655
2017-08-06 18:00:00,50.747
2017-08-06 19:00:00,49.4285
2017-08-06 20:00:00,47.8905
2017-08-06 21:00:00,46.792
2017-08-06 22:00:00,45.913
2017-08-06 23:00:00,45.4735
2017-08-07 00:00:00,44.814
2017-08-07 01:00:00,43.936
2017-08-07 02:00:00,43.716
2017-08-07 03:00:00,43.2765
2017-08-07 04:00:00,42.837
2017-08-07 05:00:00,42.3975
2017-08-07 06:00:00,41.958
2017-08-07 07:00:00,41.958
2017-08-07 08:00:00,42.6175
2017-08-07 09:00:00,43.9355
2017-08-07 10:00:00,46.1325
2017-08-07 11:00:00,49.648
2017-08-07 12:00:00,51.626
2017-08-07 13:00:00,53.164
2017-08-07 14:00:00,55.3615
2017-08-07 15:00:00,54.2625
2017-08-07 16:00:00,51.846
2017-08-07 17:00:00,50.3075
2017-08-07 18:00:00,48.77
2017-08-07 19:00:00,47.671
2017-08-07 20:00:00,46.1325
2017-08-07 21:00:00,45.034
2017-08-07 22:00:00,44.5945
2017-08-07 23:00:00,43.936
2017-08-08 00:00:00,37.783
2017-08-08 01:00:00,36.904
2017-08-08 02:00:00,36.9045
2017-08-08 03:00:00,36.6845
2017-08-08 04:00:00,36.6845
2017-08-08 05:00:00,36.245
2017-08-08 06:00:00,36.4645
2017-08-08 07:00:00,36.6845
2017-08-08 08:00:00,36.245
2017-08-08 09:00:00,34.2675
2017-08-08 10:00:00,31.411
2017-08-08 11:00:00,30.9715
2017-08-08 12:00:00,30.312
2017-08-08 13:00:00,32.07
2017-08-08 14:00:00,31.6305
2017-08-08 15:00:00,31.631
2017-08-08 16:00:00,31.411
2017-08-08 17:00:00,29.6535
2017-08-08 18:00:00,29.873
2017-08-08 19:00:00,30.312
2017-08-08 20:00:00,31.411
2017-08-08 21:00:00,32.07
2017-08-08 22:00:00,32.7295
2017-08-08 23:00:00,33.169
2017-08-09 00:00:00,33.6085
2017-08-09 01:00:00,33.828
2017-08-09 02:00:00,34.048
2017-08-09 03:00:00,33.828
2017-08-09 04:00:00,32.51
2017-08-09 05:00:00,31.6305
2017-08-09 06:00:00,30.3125
2017-08-09 07:00:00,30.312
2017-08-09 08:00:00,30.532
2017-08-09 09:00:00,30.9715
2017-08-09 10:00:00,32.7295
2017-08-09 11:00:00,35.8055
2017-08-09 12:00:00,36.9045
2017-08-09 13:00:00,38.4425
2017-08-09 14:00:00,40.2
2017-08-09 15:00:00,40.42
2017-08-09 16:00:00,40.2
2017-08-09 17:00:00,39.7605
2017-08-09 18:00:00,39.7605
2017-08-09 19:00:00,38.882
2017-08-09 20:00:00,38.003
2017-08-09 21:00:00,37.124
2017-08-09 22:00:00,36.6845
2017-08-09 23:00:00,36.245
2017-08-10 00:00:00,36.025
2017-08-10 01:00:00,35.586
2017-08-10 02:00:00,35.366
2017-08-10 03:00:00,35.146
2017-08-10 04:00:00,35.146
2017-08-10 05:00:00,35.146
2017-08-10 06:00:00,34.9265
2017-08-10 07:00:00,34.9265
2017-08-10 08:00:00,36.025
2017-08-10 09:00:00,37.7835
2017-08-10 10:00:00,40.6395
2017-08-10 11:00:00,43.936
2017-08-10 12:00:00,45.913
2017-08-10 13:00:00,47.012
2017-08-10 14:00:00,49.6485
2017-08-10 15:00:00,50.747
2017-08-10 16:00:00,49.429
2017-08-10 17:00:00,47.4515
2017-08-10 18:00:00,46.1325
2017-08-10 19:00:00,44.5945
2017-08-10 20:00:00,43.0565
2017-08-10 21:00:00,41.958
2017-08-10 22:00:00,40.859
2017-08-10 23:00:00,40.2
2017-08-11 00:00:00,39.7605
2017-08-11 01:00:00,39.3215
2017-08-11 02:00:00,38.662
2017-08-11 03:00:00,38.003
2017-08-11 04:00:00,37.5635
2017-08-11 05:00:00,37.124
2017-08-11 06:00:00,36.904
2017-08-11 07:00:00,37.124
2017-08-11 08:00:00,38.2225
2017-08-11 09:00:00,40.6395
2017-08-11 10:00:00,42.837
2017-08-11 11:00:00,45.6935
2017-08-11 12:00:00,47.2315
2017-08-11 13:00:00,47.671
2017-08-11 14:00:00,48.1105
2017-08-11 15:00:00,46.792
2017-08-11 16:00:00,46.1325
2017-08-11 17:00:00,45.2535
2017-08-11 18:00:00,44.375
2017-08-11 19:00:00,43.716
2017-08-11 20:00:00,42.617
2017-08-11 21:00:00,41.958
2017-08-11 22:00:00,41.5185
2017-08-11 23:00:00,41.299
2017-08-12 00:00:00,41.079
2017-08-12 01:00:00,40.859
2017-08-12 02:00:00,40.2
2017-08-12 03:00:00,39.7605
2017-08-12 04:00:00,39.541
2017-08-12 05:00:00,39.102
2017-08-12 06:00:00,38.662
2017-08-12 07:00:00,37.344
2017-08-12 08:00:00,34.707
2017-08-12 09:00:00,34.048
2017-08-12 10:00:00,34.707
2017-08-12 11:00:00,34.048
2017-08-12 12:00:00,32.9495
2017-08-12 13:00:00,32.5095
2017-08-12 14:00:00,32.7295
2017-08-12 15:00:00,33.3885
2017-08-12 16:00:00,33.3885
2017-08-12 17:00:00,32.7295
2017-08-12 18:00:00,31.8505
2017-08-12 19:00:00,31.8505
2017-08-12 20:00:00,32.9495
2017-08-12 21:00:00,33.8285
2017-08-12 22:00:00,34.4875
2017-08-12 23:00:00,35.146
2017-08-13 00:00:00,35.366
2017-08-13 01:00:00,35.586
2017-08-13 02:00:00,35.8055
2017-08-13 03:00:00,35.8055
2017-08-13 04:00:00,35.8055
2017-08-13 05:00:00,35.366
2017-08-13 06:00:00,35.366
2017-08-13 07:00:00,35.366
2017-08-13 08:00:00,35.366
2017-08-13 09:00:00,35.366
2017-08-13 10:00:00,35.8055
2017-08-13 11:00:00,34.4875
2017-08-13 12:00:00,33.389
2017-08-13 13:00:00,35.366
2017-08-13 14:00:00,37.124
2017-08-13 15:00:00,39.102
2017-08-13 16:00:00,39.541
2017-08-13 17:00:00,37.783
2017-08-13 18:00:00,38.223
2017-08-13 19:00:00,38.223
2017-08-13 20:00:00,37.783
2017-08-13 21:00:00,36.465
2017-08-13 22:00:00,34.9265
2017-08-13 23:00:00,33.828
2017-08-14 00:00:00,33.8285
2017-08-14 01:00:00,34.048
2017-08-14 02:00:00,34.4875
2017-08-14 03:00:00,34.4875
2017-08-14 04:00:00,34.4875
2017-08-14 05:00:00,34.4875
2017-08-14 06:00:00,34.4875
2017-08-14 07:00:00,34.707
2017-08-14 08:00:00,35.366
2017-08-14 09:00:00,36.4645
2017-08-14 10:00:00,37.5635
2017-08-14 11:00:00,39.3215
2017-08-14 12:00:00,41.2985
2017-08-14 13:00:00,41.958
2017-08-14 14:00:00,42.617
2017-08-14 15:00:00,41.738
2017-08-14 16:00:00,40.6395
2017-08-14 17:00:00,39.3215
2017-08-14 18:00:00,38.4425
2017-08-14 19:00:00,37.124
2017-08-14 20:00:00,34.9265
2017-08-14 21:00:00,35.1465
2017-08-14 22:00:00,35.8055
2017-08-14 23:00:00,35.8055
2017-08-15 00:00:00,35.366
2017-08-15 01:00:00,35.366
2017-08-15 02:00:00,35.366
2017-08-15 03:00:00,35.146
2017-08-15 04:00:00,34.9265
2017-08-15 05:00:00,34.4875
2017-08-15 06:00:00,34.4875
2017-08-15 07:00:00,34.4875
2017-08-15 08:00:00,35.146
2017-08-15 09:00:00,36.465
2017-08-15 10:00:00,38.662
2017-08-15 11:00:00,41.079
2017-08-15 12:00:00,41.958
2017-08-15 13:00:00,42.837
2017-08-15 14:00:00,43.2765
2017-08-15 15:00:00,46.133
2017-08-15 16:00:00,45.913
2017-08-15 17:00:00,44.375
2017-08-15 18:00:00,42.837
2017-08-15 19:00:00,41.5185
2017-08-15 20:00:00,40.42
2017-08-15 21:00:00,39.541
2017-08-15 22:00:00,38.882
2017-08-15 23:00:00,38.662
2017-08-16 00:00:00,38.223
2017-08-16 01:00:00,38.003
2017-08-16 02:00:00,37.783
2017-08-16 03:00:00,37.344
2017-08-16 04:00:00,35.146
2017-08-16 05:00:00,33.6085
2017-08-16 06:00:00,33.169
2017-08-16 07:00:00,31.8505
2017-08-16 08:00:00,30.9715
2017-08-16 09:00:00,30.532
2017-08-16 10:00:00,30.752
2017-08-16 11:00:00,32.9495
2017-08-16 12:00:00,35.1465
2017-08-16 13:00:00,35.8055
2017-08-16 14:00:00,35.8055
2017-08-16 15:00:00,37.124
2017-08-16 16:00:00,39.98
2017-08-16 17:00:00,40.8595
2017-08-16 18:00:00,39.98
2017-08-16 19:00:00,38.223
2017-08-16 20:00:00,36.904
2017-08-16 21:00:00,35.8055
2017-08-16 22:00:00,35.146
2017-08-16 23:00:00,34.707
2017-08-17 00:00:00,34.268
2017-08-17 01:00:00,33.828
2017-08-17 02:00:00,33.389
2017-08-17 03:00:00,33.389
2017-08-17 04:00:00,33.169
2017-08-17 05:00:00,32.949
2017-08-17 06:00:00,32.949
2017-08-17 07:00:00,33.389
2017-08-17 08:00:00,35.146
2017-08-17 09:00:00,36.904
2017-08-17 10:00:00,39.1015
2017-08-17 11:00:00,41.5185
2017-08-17 12:00:00,42.837
2017-08-17 13:00:00,44.8145
2017-08-17 14:00:00,47.4515
2017-08-17 15:00:00,47.4515
2017-08-17 16:00:00,47.4515
2017-08-17 17:00:00,45.913
2017-08-17 18:00:00,44.1555
2017-08-17 19:00:00,42.837
2017-08-17 20:00:00,41.5185
2017-08-17 21:00:00,40.42
2017-08-17 22:00:00,39.541
2017-08-17 23:00:00,39.3215
2017-08-18 00:00:00,38.882
2017-08-18 01:00:00,38.003
2017-08-18 02:00:00,37.7835
2017-08-18 03:00:00,37.124
2017-08-18 04:00:00,36.465
2017-08-18 05:00:00,36.025
2017-08-18 06:00:00,35.586
2017-08-18 07:00:00,35.586
2017-08-18 08:00:00,37.124
2017-08-18 09:00:00,39.1015
2017-08-18 10:00:00,41.5185
2017-08-18 11:00:00,45.034
2017-08-18 12:00:00,46.572
2017-08-18 13:00:00,47.671
2017-08-18 14:00:00,49.868
2017-08-18 15:00:00,50.527
2017-08-18 16:00:00,49.6485
2017-08-18 17:00:00,47.671
2017-08-18 18:00:00,45.693
2017-08-18 19:00:00,44.1555
2017-08-18 20:00:00,42.837
2017-08-18 21:00:00,41.958
2017-08-18 22:00:00,41.5185
2017-08-18 23:00:00,41.299
2017-08-19 00:00:00,40.6395
2017-08-19 01:00:00,40.2
2017-08-19 02:00:00,39.7605
2017-08-19 03:00:00,39.3215
2017-08-19 04:00:00,38.882
2017-08-19 05:00:00,38.4425
2017-08-19 06:00:00,38.223
2017-08-19 07:00:00,38.003
2017-08-19 08:00:00,39.541
2017-08-19 09:00:00,41.738
2017-08-19 10:00:00,43.9355
2017-08-19 11:00:00,46.133
2017-08-19 12:00:00,47.671
2017-08-19 13:00:00,48.55
2017-08-19 14:00:00,49.429
2017-08-19 15:00:00,49.6485
2017-08-19 16:00:00,47.671
2017-08-19 17:00:00,45.913
2017-08-19 18:00:00,43.936
2017-08-19 19:00:00,40.6395
2017-08-19 20:00:00,37.344
2017-08-19 21:00:00,34.9265
2017-08-19 22:00:00,34.048
2017-08-19 23:00:00,33.169
2017-08-20 00:00:00,32.07
2017-08-20 01:00:00,31.411
2017-08-20 02:00:00,29.434
2017-08-20 03:00:00,29.6535
2017-08-20 04:00:00,28.7745
2017-08-20 05:00:00,28.335
2017-08-20 06:00:00,28.335
2017-08-20 07:00:00,29.6535
2017-08-20 08:00:00,30.532
2017-08-20 09:00:00,32.29
2017-08-20 10:00:00,34.2675
2017-08-20 11:00:00,36.9045
2017-08-20 12:00:00,38.003
2017-08-20 13:00:00,40.4195
2017-08-20 14:00:00,41.299
2017-08-20 15:00:00,41.5185
2017-08-20 16:00:00,42.3975
2017-08-20 17:00:00,40.2
2017-08-20 18:00:00,39.541
2017-08-20 19:00:00,38.662
2017-08-20 20:00:00,37.5635
2017-08-20 21:00:00,36.904
2017-08-20 22:00:00,36.245
2017-08-20 23:00:00,35.586
2017-08-21 00:00:00,35.146
2017-08-21 01:00:00,34.9265
2017-08-21 02:00:00,34.707
2017-08-21 03:00:00,34.268
2017-08-21 04:00:00,34.048
2017-08-21 05:00:00,33.828
2017-08-21 06:00:00,33.389
2017-08-21 07:00:00,33.6085
2017-08-21 08:00:00,35.366
2017-08-21 09:00:00,38.2225
2017-08-21 10:00:00,40.859
2017-08-21 11:00:00,42.3975
2017-08-21 12:00:00,44.595
2017-08-21 13:00:00,45.034
2017-08-21 14:00:00,47.671
2017-08-21 15:00:00,48.1105
2017-08-21 16:00:00,46.572
2017-08-21 17:00:00,45.693
2017-08-21 18:00:00,44.814
2017-08-21 19:00:00,43.057
2017-08-21 20:00:00,40.6395
2017-08-21 21:00:00,39.102
2017-08-21 22:00:00,38.223
2017-08-21 23:00:00,37.783
2017-08-22 00:00:00,37.783
2017-08-22 01:00:00,37.783
2017-08-22 02:00:00,37.344
2017-08-22 03:00:00,37.344
2017-08-22 04:00:00,36.904
2017-08-22 05:00:00,36.465
2017-08-22 06:00:00,36.025
2017-08-22 07:00:00,36.025
2017-08-22 08:00:00,37.344
2017-08-22 09:00:00,38.882
2017-08-22 10:00:00,41.7385
2017-08-22 11:00:00,44.5945
2017-08-22 12:00:00,46.3525
2017-08-22 13:00:00,46.792
2017-08-22 14:00:00,48.33
2017-08-22 15:00:00,49.4285
2017-08-22 16:00:00,48.7695
2017-08-22 17:00:00,47.451
2017-08-22 18:00:00,45.693
2017-08-22 19:00:00,44.375
2017-08-22 20:00:00,43.2765
2017-08-22 21:00:00,42.3975
2017-08-22 22:00:00,41.738
2017-08-22 23:00:00,41.299
2017-08-23 00:00:00,40.2
2017-08-23 01:00:00,39.7605
2017-08-23 02:00:00,39.3215
2017-08-23 03:00:00,39.1015
2017-08-23 04:00:00,38.6625
2017-08-23 05:00:00,38.4425
2017-08-23 06:00:00,38.4425
2017-08-23 07:00:00,38.003
2017-08-23 08:00:00,39.321
2017-08-23 09:00:00,40.6395
2017-08-23 10:00:00,43.057
2017-08-23 11:00:00,45.4735
2017-08-23 12:00:00,46.5725
2017-08-23 13:00:00,47.4515
2017-08-23 14:00:00,49.6485
2017-08-23 15:00:00,49.868
2017-08-23 16:00:00,48.7695
2017-08-23 17:00:00,47.4515
2017-08-23 18:00:00,46.5725
2017-08-23 19:00:00,45.2535
2017-08-23 20:00:00,44.1555
2017-08-23 21:00:00,43.2765
2017-08-23 22:00:00,42.3975
2017-08-23 23:00:00,41.5185
2017-08-24 00:00:00,40.8595
2017-08-24 01:00:00,40.6395
2017-08-24 02:00:00,40.2
2017-08-24 03:00:00,39.9805
2017-08-24 04:00:00,39.7605
2017-08-24 05:00:00,39.3215
2017-08-24 06:00:00,38.882
2017-08-24 07:00:00,38.882
2017-08-24 08:00:00,40.4195
2017-08-24 09:00:00,42.3975
2017-08-24 10:00:00,44.8145
2017-08-24 11:00:00,47.2315
2017-08-24 12:00:00,48.33
2017-08-24 13:00:00,48.9895
2017-08-24 14:00:00,50.747
2017-08-24 15:00:00,51.406
2017-08-24 16:00:00,49.6485
2017-08-24 17:00:00,45.913
2017-08-24 18:00:00,40.4195
2017-08-24 19:00:00,38.4425
2017-08-24 20:00:00,38.2225
2017-08-24 21:00:00,38.6625
2017-08-24 22:00:00,38.6625
2017-08-24 23:00:00,39.1015
2017-08-25 00:00:00,39.3215
2017-08-25 01:00:00,39.102
2017-08-25 02:00:00,38.4425
2017-08-25 03:00:00,38.003
2017-08-25 04:00:00,37.5635
2017-08-25 05:00:00,37.124
2017-08-25 06:00:00,37.124
2017-08-25 07:00:00,37.124
2017-08-25 08:00:00,38.882
2017-08-25 09:00:00,41.079
2017-08-25 10:00:00,41.299
2017-08-25 11:00:00,44.1555
2017-08-25 12:00:00,44.1555
2017-08-25 13:00:00,40.2
2017-08-25 14:00:00,36.4645
2017-08-25 15:00:00,37.5635
2017-08-25 16:00:00,39.7605
2017-08-25 17:00:00,34.707
2017-08-25 18:00:00,32.51
2017-08-25 19:00:00,31.411
2017-08-25 20:00:00,29.6535
2017-08-25 21:00:00,30.312
2017-08-25 22:00:00,30.9715
2017-08-25 23:00:00,31.411
2017-08-26 00:00:00,31.8505
2017-08-26 01:00:00,32.29
2017-08-26 02:00:00,32.51
2017-08-26 03:00:00,32.949
2017-08-26 04:00:00,33.169
2017-08-26 05:00:00,33.389
2017-08-26 06:00:00,33.389
2017-08-26 07:00:00,33.389
2017-08-26 08:00:00,33.389
2017-08-26 09:00:00,33.6085
2017-08-26 10:00:00,33.828
2017-08-26 11:00:00,34.4875
2017-08-26 12:00:00,35.586
2017-08-26 13:00:00,36.6845
2017-08-26 14:00:00,37.124
2017-08-26 15:00:00,37.344
2017-08-26 16:00:00,38.4425
2017-08-26 17:00:00,39.3215
2017-08-26 18:00:00,38.882
2017-08-26 19:00:00,38.003
2017-08-26 20:00:00,37.124
2017-08-26 21:00:00,36.465
2017-08-26 22:00:00,36.025
2017-08-26 23:00:00,35.366
2017-08-27 00:00:00,34.4875
2017-08-27 01:00:00,34.4875
2017-08-27 02:00:00,34.4875
2017-08-27 03:00:00,34.048
2017-08-27 04:00:00,34.048
2017-08-27 05:00:00,34.268
2017-08-27 06:00:00,34.268
2017-08-27 07:00:00,34.268
2017-08-27 08:00:00,35.8055
2017-08-27 09:00:00,37.5635
2017-08-27 10:00:00,39.761
2017-08-27 11:00:00,41.958
2017-08-27 12:00:00,43.716
2017-08-27 13:00:00,45.254
2017-08-27 14:00:00,47.012
2017-08-27 15:00:00,48.5495
2017-08-27 16:00:00,48.1105
2017-08-27 17:00:00,47.2315
2017-08-27 18:00:00,45.913
2017-08-27 19:00:00,44.375
2017-08-27 20:00:00,42.617
2017-08-27 21:00:00,41.738
2017-08-27 22:00:00,41.079
2017-08-27 23:00:00,40.6395
2017-08-28 00:00:00,40.2
2017-08-28 01:00:00,39.9805
2017-08-28 02:00:00,39.541
2017-08-28 03:00:00,39.1015
2017-08-28 04:00:00,38.882
2017-08-28 05:00:00,38.4425
2017-08-28 06:00:00,38.223
2017-08-28 07:00:00,38.003
2017-08-28 08:00:00,39.541
2017-08-28 09:00:00,41.958
2017-08-28 10:00:00,45.034
2017-08-28 11:00:00,47.891
2017-08-28 12:00:00,49.429
2017-08-28 13:00:00,50.5275
2017-08-28 14:00:00,52.2855
2017-08-28 15:00:00,52.505
2017-08-28 16:00:00,50.747
2017-08-28 17:00:00,49.648
2017-08-28 18:00:00,48.55
2017-08-28 19:00:00,47.012
2017-08-28 20:00:00,45.4735
2017-08-28 21:00:00,44.375
2017-08-28 22:00:00,43.496
2017-08-28 23:00:00,43.057
2017-08-29 00:00:00,42.3975
2017-08-29 01:00:00,41.5185
2017-08-29 02:00:00,40.6395
2017-08-29 03:00:00,39.7605
2017-08-29 04:00:00,39.3215
2017-08-29 05:00:00,38.882
2017-08-29 06:00:00,38.662
2017-08-29 07:00:00,38.4425
2017-08-29 08:00:00,38.003
2017-08-29 09:00:00,37.783
2017-08-29 10:00:00,38.003
2017-08-29 11:00:00,38.882
2017-08-29 12:00:00,39.102
2017-08-29 13:00:00,38.662
2017-08-29 14:00:00,38.223
2017-08-29 15:00:00,38.003
2017-08-29 16:00:00,37.344
2017-08-29 17:00:00,36.465
2017-08-29 18:00:00,35.586
2017-08-29 19:00:00,34.9265
2017-08-29 20:00:00,34.4875
2017-08-29 21:00:00,34.048
2017-08-29 22:00:00,33.389
2017-08-29 23:00:00,33.389
2017-08-30 00:00:00,33.389
2017-08-30 01:00:00,33.389
2017-08-30 02:00:00,33.389
2017-08-30 03:00:00,33.389
2017-08-30 04:00:00,33.389
2017-08-30 05:00:00,33.389
2017-08-30 06:00:00,33.169
2017-08-30 07:00:00,33.169
2017-08-30 08:00:00,33.389
2017-08-30 09:00:00,33.828
2017-08-30 10:00:00,33.828
2017-08-30 11:00:00,33.828
2017-08-30 12:00:00,34.048
2017-08-30 13:00:00,34.9265
2017-08-30 14:00:00,34.4875
2017-08-30 15:00:00,34.268
2017-08-30 16:00:00,33.6085
2017-08-30 17:00:00,33.389
2017-08-30 18:00:00,33.389
2017-08-30 19:00:00,33.389
2017-08-30 20:00:00,32.949
2017-08-30 21:00:00,32.949
2017-08-30 22:00:00,32.51
2017-08-30 23:00:00,32.07
2017-08-31 00:00:00,31.8505
2017-08-31 01:00:00,31.8505
2017-08-31 02:00:00,31.8505
2017-08-31 03:00:00,31.8505
2017-08-31 04:00:00,31.8505
2017-08-31 05:00:00,31.8505
2017-08-31 06:00:00,31.8505
2017-08-31 07:00:00,31.8505
2017-08-31 08:00:00,31.8505
2017-08-31 09:00:00,31.8505
2017-08-31 10:00:00,31.8505
2017-08-31 11:00:00,31.8505
2017-08-31 12:00:00,31.8505
2017-08-31 13:00:00,31.8505
2017-08-31 14:00:00,31.8505
2017-08-31 15:00:00,31.8505
2017-08-31 16:00:00,31.8505
2017-08-31 17:00:00,31.8505
2017-08-31 18:00:00,31.8505
2017-08-31 19:00:00,31.8505
2017-08-31 20:00:00,31.8505
2017-08-31 21:00:00,31.8505
2017-08-31 22:00:00,31.8505
2017-08-31 23:00:00,31.8505
2017-09-01 00:00:00,26.357
2017-09-01 01:00:00,25.259
2017-09-01 02:00:00,24.8195
2017-09-01 03:00:00,24.38
2017-09-01 04:00:00,24.38
2017-09-01 05:00:00,24.38
2017-09-01 06:00:00,25.259
2017-09-01 07:00:00,25.918
2017-09-01 08:00:00,27.236
2017-09-01 09:00:00,28.555
2017-09-01 10:00:00,30.312
2017-09-01 11:00:00,32.29
2017-09-01 12:00:00,34.487
2017-09-01 13:00:00,37.5635
2017-09-01 14:00:00,40.2
2017-09-01 15:00:00,40.6395
2017-09-01 16:00:00,39.541
2017-09-01 17:00:00,39.102
2017-09-01 18:00:00,37.783
2017-09-01 19:00:00,36.904
2017-09-01 20:00:00,36.025
2017-09-01 21:00:00,35.146
2017-09-01 22:00:00,34.268
2017-09-01 23:00:00,33.828
2017-09-02 00:00:00,32.949
2017-09-02 01:00:00,32.51
2017-09-02 02:00:00,32.07
2017-09-02 03:00:00,31.631
2017-09-02 04:00:00,31.411
2017-09-02 05:00:00,31.191
2017-09-02 06:00:00,30.9715
2017-09-02 07:00:00,30.9715
2017-09-02 08:00:00,31.411
2017-09-02 09:00:00,31.8505
2017-09-02 10:00:00,32.7295
2017-09-02 11:00:00,33.169
2017-09-02 12:00:00,33.6085
2017-09-02 13:00:00,34.048
2017-09-02 14:00:00,34.048
2017-09-02 15:00:00,34.268
2017-09-02 16:00:00,34.268
2017-09-02 17:00:00,34.048
2017-09-02 18:00:00,33.828
2017-09-02 19:00:00,33.389
2017-09-02 20:00:00,32.949
2017-09-02 21:00:00,32.51
2017-09-02 22:00:00,32.51
2017-09-02 23:00:00,32.51
2017-09-03 00:00:00,32.51
2017-09-03 01:00:00,32.07
2017-09-03 02:00:00,31.8505
2017-09-03 03:00:00,31.631
2017-09-03 04:00:00,29.6535
2017-09-03 05:00:00,28.7745
2017-09-03 06:00:00,28.994
2017-09-03 07:00:00,29.214
2017-09-03 08:00:00,30.0925
2017-09-03 09:00:00,30.752
2017-09-03 10:00:00,31.411
2017-09-03 11:00:00,31.411
2017-09-03 12:00:00,30.312
2017-09-03 13:00:00,30.0925
2017-09-03 14:00:00,29.6535
2017-09-03 15:00:00,29.6535
2017-09-03 16:00:00,29.873
2017-09-03 17:00:00,29.214
2017-09-03 18:00:00,27.8955
2017-09-03 19:00:00,27.456
2017-09-03 20:00:00,27.676
2017-09-03 21:00:00,27.456
2017-09-03 22:00:00,27.456
2017-09-03 23:00:00,27.676
2017-09-04 00:00:00,27.456
2017-09-04 01:00:00,28.115
2017-09-04 02:00:00,28.7745
2017-09-04 03:00:00,29.214
2017-09-04 04:00:00,29.6535
2017-09-04 05:00:00,29.873
2017-09-04 06:00:00,30.312
2017-09-04 07:00:00,29.434
2017-09-04 08:00:00,29.6535
2017-09-04 09:00:00,30.752
2017-09-04 10:00:00,32.949
2017-09-04 11:00:00,34.048
2017-09-04 12:00:00,35.146
2017-09-04 13:00:00,35.8055
2017-09-04 14:00:00,36.025
2017-09-04 15:00:00,35.8055
2017-09-04 16:00:00,36.4645
2017-09-04 17:00:00,36.4645
2017-09-04 18:00:00,36.245
2017-09-04 19:00:00,35.586
2017-09-04 20:00:00,34.707
2017-09-04 21:00:00,34.268
2017-09-04 22:00:00,33.828
2017-09-04 23:00:00,33.6085
2017-09-05 00:00:00,33.169
2017-09-05 01:00:00,32.949
2017-09-05 02:00:00,32.7295
2017-09-05 03:00:00,32.51
2017-09-05 04:00:00,32.51
2017-09-05 05:00:00,32.07
2017-09-05 06:00:00,32.07
2017-09-05 07:00:00,32.07
2017-09-05 08:00:00,32.51
2017-09-05 09:00:00,33.169
2017-09-05 10:00:00,34.4875
2017-09-05 11:00:00,35.8055
2017-09-05 12:00:00,38.003
2017-09-05 13:00:00,39.541
2017-09-05 14:00:00,39.7605
2017-09-05 15:00:00,40.4195
2017-09-05 16:00:00,40.4195
2017-09-05 17:00:00,39.541
2017-09-05 18:00:00,38.223
2017-09-05 19:00:00,37.5635
2017-09-05 20:00:00,36.904
2017-09-05 21:00:00,36.465
2017-09-05 22:00:00,36.025
2017-09-05 23:00:00,36.025
2017-09-06 00:00:00,35.8055
2017-09-06 01:00:00,35.586
2017-09-06 02:00:00,34.9265
2017-09-06 03:00:00,34.268
2017-09-06 04:00:00,34.268
2017-09-06 05:00:00,33.828
2017-09-06 06:00:00,33.828
2017-09-06 07:00:00,33.828
2017-09-06 08:00:00,33.828
2017-09-06 09:00:00,34.4875
2017-09-06 10:00:00,35.366
2017-09-06 11:00:00,36.245
2017-09-06 12:00:00,36.245
2017-09-06 13:00:00,36.245
2017-09-06 14:00:00,33.3885
2017-09-06 15:00:00,31.8505
2017-09-06 16:00:00,31.411
2017-09-06 17:00:00,32.07
2017-09-06 18:00:00,32.51
2017-09-06 19:00:00,32.949
2017-09-06 20:00:00,32.949
2017-09-06 21:00:00,32.5095
2017-09-06 22:00:00,31.411
2017-09-06 23:00:00,31.8505
2017-09-07 00:00:00,32.0705
2017-09-07 01:00:00,32.29
2017-09-07 02:00:00,32.29
2017-09-07 03:00:00,32.29
2017-09-07 04:00:00,32.07
2017-09-07 05:00:00,32.07
2017-09-07 06:00:00,32.07
2017-09-07 07:00:00,32.07
2017-09-07 08:00:00,32.07
2017-09-07 09:00:00,32.949
2017-09-07 10:00:00,34.707
2017-09-07 11:00:00,35.8055
2017-09-07 12:00:00,36.6845
2017-09-07 13:00:00,38.003
2017-09-07 14:00:00,38.003
2017-09-07 15:00:00,38.4425
2017-09-07 16:00:00,39.7605
2017-09-07 17:00:00,39.3215
2017-09-07 18:00:00,37.5635
2017-09-07 19:00:00,36.465
2017-09-07 20:00:00,35.366
2017-09-07 21:00:00,34.268
2017-09-07 22:00:00,33.6085
2017-09-07 23:00:00,33.169
2017-09-08 00:00:00,32.51
2017-09-08 01:00:00,32.07
2017-09-08 02:00:00,31.631
2017-09-08 03:00:00,30.9715
2017-09-08 04:00:00,30.312
2017-09-08 05:00:00,30.0925
2017-09-08 06:00:00,29.873
2017-09-08 07:00:00,29.873
2017-09-08 08:00:00,30.9715
2017-09-08 09:00:00,33.169
2017-09-08 10:00:00,36.6845
2017-09-08 11:00:00,38.6625
2017-09-08 12:00:00,40.859
2017-09-08 13:00:00,43.0565
2017-09-08 14:00:00,42.837
2017-09-08 15:00:00,43.0565
2017-09-08 16:00:00,42.6175
2017-09-08 17:00:00,41.5185
2017-09-08 18:00:00,40.2
2017-09-08 19:00:00,38.882
2017-09-08 20:00:00,38.223
2017-09-08 21:00:00,37.124
2017-09-08 22:00:00,36.4645
2017-09-08 23:00:00,36.245
2017-09-09 00:00:00,36.025
2017-09-09 01:00:00,35.586
2017-09-09 02:00:00,35.366
2017-09-09 03:00:00,35.146
2017-09-09 04:00:00,34.707
2017-09-09 05:00:00,34.048
2017-09-09 06:00:00,34.048
2017-09-09 07:00:00,34.268
2017-09-09 08:00:00,35.146
2017-09-09 09:00:00,36.465
2017-09-09 10:00:00,36.904
2017-09-09 11:00:00,37.5635
2017-09-09 12:00:00,38.223
2017-09-09 13:00:00,39.7605
2017-09-09 14:00:00,41.958
2017-09-09 15:00:00,42.1775
2017-09-09 16:00:00,41.5185
2017-09-09 17:00:00,40.2
2017-09-09 18:00:00,38.882
2017-09-09 19:00:00,37.344
2017-09-09 20:00:00,36.904
2017-09-09 21:00:00,36.465
2017-09-09 22:00:00,36.465
2017-09-09 23:00:00,36.025
2017-09-10 00:00:00,35.586
2017-09-10 01:00:00,35.586
2017-09-10 02:00:00,35.366
2017-09-10 03:00:00,35.146
2017-09-10 04:00:00,34.707
2017-09-10 05:00:00,34.707
2017-09-10 06:00:00,34.707
2017-09-10 07:00:00,34.707
2017-09-10 08:00:00,35.146
2017-09-10 09:00:00,36.025
2017-09-10 10:00:00,36.904
2017-09-10 11:00:00,37.5635
2017-09-10 12:00:00,36.904
2017-09-10 13:00:00,41.299
2017-09-10 14:00:00,42.6175
2017-09-10 15:00:00,43.716
2017-09-10 16:00:00,41.7385
2017-09-10 17:00:00,35.8055
2017-09-10 18:00:00,35.146
2017-09-10 19:00:00,35.366
2017-09-10 20:00:00,34.4875
2017-09-10 21:00:00,33.6085
2017-09-10 22:00:00,34.268
2017-09-10 23:00:00,34.268
2017-09-11 00:00:00,33.8285
2017-09-11 01:00:00,31.6305
2017-09-11 02:00:00,31.8505
2017-09-11 03:00:00,31.8505
2017-09-11 04:00:00,31.631
2017-09-11 05:00:00,30.9715
2017-09-11 06:00:00,30.9715
2017-09-11 07:00:00,30.9715
2017-09-11 08:00:00,31.411
2017-09-11 09:00:00,31.631
2017-09-11 10:00:00,30.752
2017-09-11 11:00:00,31.191
2017-09-11 12:00:00,31.8505
2017-09-11 13:00:00,32.07
2017-09-11 14:00:00,32.51
2017-09-11 15:00:00,32.949
2017-09-11 16:00:00,33.169
2017-09-11 17:00:00,33.169
2017-09-11 18:00:00,33.169
2017-09-11 19:00:00,32.949
2017-09-11 20:00:00,31.8505
2017-09-11 21:00:00,32.07
2017-09-11 22:00:00,31.631
2017-09-11 23:00:00,31.191
2017-09-12 00:00:00,30.752
2017-09-12 01:00:00,30.0925
2017-09-12 02:00:00,29.873
2017-09-12 03:00:00,29.434
2017-09-12 04:00:00,28.994
2017-09-12 05:00:00,28.555
2017-09-12 06:00:00,28.115
2017-09-12 07:00:00,28.115
2017-09-12 08:00:00,29.434
2017-09-12 09:00:00,32.07
2017-09-12 10:00:00,36.025
2017-09-12 11:00:00,39.1015
2017-09-12 12:00:00,41.5185
2017-09-12 13:00:00,42.6175
2017-09-12 14:00:00,44.375
2017-09-12 15:00:00,44.375
2017-09-12 16:00:00,42.6175
2017-09-12 17:00:00,41.079
2017-09-12 18:00:00,39.541
2017-09-12 19:00:00,37.783
2017-09-12 20:00:00,36.025
2017-09-12 21:00:00,34.707
2017-09-12 22:00:00,33.828
2017-09-12 23:00:00,32.949
2017-09-13 00:00:00,32.51
2017-09-13 01:00:00,31.8505
2017-09-13 02:00:00,31.631
2017-09-13 03:00:00,31.191
2017-09-13 04:00:00,30.532
2017-09-13 05:00:00,29.873
2017-09-13 06:00:00,29.434
2017-09-13 07:00:00,29.434
2017-09-13 08:00:00,30.532
2017-09-13 09:00:00,32.29
2017-09-13 10:00:00,35.146
2017-09-13 11:00:00,38.003
2017-09-13 12:00:00,39.9805
2017-09-13 13:00:00,41.5185
2017-09-13 14:00:00,41.958
2017-09-13 15:00:00,41.958
2017-09-13 16:00:00,41.2985
2017-09-13 17:00:00,40.4195
2017-09-13 18:00:00,39.3215
2017-09-13 19:00:00,37.5635
2017-09-13 20:00:00,36.245
2017-09-13 21:00:00,35.146
2017-09-13 22:00:00,33.828
2017-09-13 23:00:00,33.169
2017-09-14 00:00:00,32.7295
2017-09-14 01:00:00,32.29
2017-09-14 02:00:00,31.631
2017-09-14 03:00:00,30.752
2017-09-14 04:00:00,29.873
2017-09-14 05:00:00,29.214
2017-09-14 06:00:00,28.7745
2017-09-14 07:00:00,28.555
2017-09-14 08:00:00,30.532
2017-09-14 09:00:00,32.29
2017-09-14 10:00:00,35.586
2017-09-14 11:00:00,38.4425
2017-09-14 12:00:00,40.8595
2017-09-14 13:00:00,42.178
2017-09-14 14:00:00,43.2765
2017-09-14 15:00:00,44.1555
2017-09-14 16:00:00,42.837
2017-09-14 17:00:00,41.2985
2017-09-14 18:00:00,39.541
2017-09-14 19:00:00,37.5635
2017-09-14 20:00:00,36.025
2017-09-14 21:00:00,34.707
2017-09-14 22:00:00,33.389
2017-09-14 23:00:00,32.949
2017-09-15 00:00:00,32.07
2017-09-15 01:00:00,31.411
2017-09-15 02:00:00,30.752
2017-09-15 03:00:00,29.434
2017-09-15 04:00:00,28.994
2017-09-15 05:00:00,28.335
2017-09-15 06:00:00,28.115
2017-09-15 07:00:00,28.335
2017-09-15 08:00:00,29.214
2017-09-15 09:00:00,30.752
2017-09-15 10:00:00,33.169
2017-09-15 11:00:00,35.8055
2017-09-15 12:00:00,38.003
2017-09-15 13:00:00,39.9805
2017-09-15 14:00:00,41.5185
2017-09-15 15:00:00,41.5185
2017-09-15 16:00:00,41.7385
2017-09-15 17:00:00,41.079
2017-09-15 18:00:00,39.541
2017-09-15 19:00:00,37.344
2017-09-15 20:00:00,36.025
2017-09-15 21:00:00,34.707
2017-09-15 22:00:00,33.828
2017-09-15 23:00:00,32.949
2017-09-16 00:00:00,32.07
2017-09-16 01:00:00,31.191
2017-09-16 02:00:00,30.312
2017-09-16 03:00:00,29.434
2017-09-16 04:00:00,28.555
2017-09-16 05:00:00,28.115
2017-09-16 06:00:00,27.456
2017-09-16 07:00:00,27.236
2017-09-16 08:00:00,29.434
2017-09-16 09:00:00,31.631
2017-09-16 10:00:00,36.0255
2017-09-16 11:00:00,38.662
2017-09-16 12:00:00,41.5185
2017-09-16 13:00:00,42.617
2017-09-16 14:00:00,43.4965
2017-09-16 15:00:00,43.2765
2017-09-16 16:00:00,41.5185
2017-09-16 17:00:00,40.2
2017-09-16 18:00:00,38.662
2017-09-16 19:00:00,36.245
2017-09-16 20:00:00,34.268
2017-09-16 21:00:00,32.949
2017-09-16 22:00:00,32.07
2017-09-16 23:00:00,31.191
2017-09-17 00:00:00,30.752
2017-09-17 01:00:00,30.0925
2017-09-17 02:00:00,29.434
2017-09-17 03:00:00,28.994
2017-09-17 04:00:00,28.994
2017-09-17 05:00:00,28.994
2017-09-17 06:00:00,28.7745
2017-09-17 07:00:00,28.7745
2017-09-17 08:00:00,30.312
2017-09-17 09:00:00,32.29
2017-09-17 10:00:00,36.245
2017-09-17 11:00:00,39.7605
2017-09-17 12:00:00,42.3975
2017-09-17 13:00:00,43.9355
2017-09-17 14:00:00,45.6935
2017-09-17 15:00:00,46.792
2017-09-17 16:00:00,45.4735
2017-09-17 17:00:00,43.716
2017-09-17 18:00:00,41.299
2017-09-17 19:00:00,38.223
2017-09-17 20:00:00,36.465
2017-09-17 21:00:00,34.707
2017-09-17 22:00:00,33.828
2017-09-17 23:00:00,32.949
2017-09-18 00:00:00,32.07
2017-09-18 01:00:00,31.191
2017-09-18 02:00:00,30.752
2017-09-18 03:00:00,29.873
2017-09-18 04:00:00,29.434
2017-09-18 05:00:00,28.994
2017-09-18 06:00:00,28.555
2017-09-18 07:00:00,28.555
2017-09-18 08:00:00,30.0925
2017-09-18 09:00:00,32.51
2017-09-18 10:00:00,36.4645
2017-09-18 11:00:00,39.541
2017-09-18 12:00:00,41.7385
2017-09-18 13:00:00,43.0565
2017-09-18 14:00:00,44.8145
2017-09-18 15:00:00,45.6935
2017-09-18 16:00:00,44.5945
2017-09-18 17:00:00,43.057
2017-09-18 18:00:00,41.079
2017-09-18 19:00:00,38.662
2017-09-18 20:00:00,36.904
2017-09-18 21:00:00,35.586
2017-09-18 22:00:00,34.9265
2017-09-18 23:00:00,34.268
2017-09-19 00:00:00,34.268
2017-09-19 01:00:00,33.828
2017-09-19 02:00:00,33.389
2017-09-19 03:00:00,33.389
2017-09-19 04:00:00,32.949
2017-09-19 05:00:00,32.949
2017-09-19 06:00:00,32.29
2017-09-19 07:00:00,31.191
2017-09-19 08:00:00,32.07
2017-09-19 09:00:00,32.949
2017-09-19 10:00:00,34.268
2017-09-19 11:00:00,34.4875
2017-09-19 12:00:00,35.366
2017-09-19 13:00:00,35.8055
2017-09-19 14:00:00,36.245
2017-09-19 15:00:00,36.245
2017-09-19 16:00:00,35.1465
2017-09-19 17:00:00,34.707
2017-09-19 18:00:00,32.949
2017-09-19 19:00:00,31.411
2017-09-19 20:00:00,30.9715
2017-09-19 21:00:00,31.1915
2017-09-19 22:00:00,31.411
2017-09-19 23:00:00,31.8505
2017-09-20 00:00:00,31.8505
2017-09-20 01:00:00,31.191
2017-09-20 02:00:00,30.9715
2017-09-20 03:00:00,28.9945
2017-09-20 04:00:00,27.8955
2017-09-20 05:00:00,28.115
2017-09-20 06:00:00,28.335
2017-09-20 07:00:00,28.5545
2017-09-20 08:00:00,29.214
2017-09-20 09:00:00,29.6535
2017-09-20 10:00:00,29.873
2017-09-20 11:00:00,28.335
2017-09-20 12:00:00,28.115
2017-09-20 13:00:00,27.676
2017-09-20 14:00:00,28.335
2017-09-20 15:00:00,28.7745
2017-09-20 16:00:00,29.6535
2017-09-20 17:00:00,30.0925
2017-09-20 18:00:00,30.0925
2017-09-20 19:00:00,30.0925
2017-09-20 20:00:00,30.0925
2017-09-20 21:00:00,29.873
2017-09-20 22:00:00,29.873
2017-09-20 23:00:00,29.434
2017-09-21 00:00:00,28.994
2017-09-21 01:00:00,28.994
2017-09-21 02:00:00,28.555
2017-09-21 03:00:00,28.555
2017-09-21 04:00:00,28.555
2017-09-21 05:00:00,28.555
2017-09-21 06:00:00,28.555
2017-09-21 07:00:00,28.555
2017-09-21 08:00:00,28.994
2017-09-21 09:00:00,30.0925
2017-09-21 10:00:00,31.631
2017-09-21 11:00:00,32.0705
2017-09-21 12:00:00,31.8505
2017-09-21 13:00:00,33.389
2017-09-21 14:00:00,33.169
2017-09-21 15:00:00,33.169
2017-09-21 16:00:00,33.169
2017-09-21 17:00:00,31.8505
2017-09-21 18:00:00,29.873
2017-09-21 19:00:00,29.214
2017-09-21 20:00:00,29.214
2017-09-21 21:00:00,29.214
2017-09-21 22:00:00,28.9945
2017-09-21 23:00:00,28.9945
2017-09-22 00:00:00,29.434
2017-09-22 01:00:00,29.873
2017-09-22 02:00:00,29.873
2017-09-22 03:00:00,29.873
2017-09-22 04:00:00,29.434
2017-09-22 05:00:00,29.434
2017-09-22 06:00:00,29.434
2017-09-22 07:00:00,29.434
2017-09-22 08:00:00,29.873
2017-09-22 09:00:00,30.532
2017-09-22 10:00:00,31.191
2017-09-22 11:00:00,32.07
2017-09-22 12:00:00,32.949
2017-09-22 13:00:00,33.828
2017-09-22 14:00:00,34.048
2017-09-22 15:00:00,34.4875
2017-09-22 16:00:00,34.4875
2017-09-22 17:00:00,34.4875
2017-09-22 18:00:00,33.828
2017-09-22 19:00:00,33.169
2017-09-22 20:00:00,32.51
2017-09-22 21:00:00,32.07
2017-09-22 22:00:00,31.8505
2017-09-22 23:00:00,31.631
2017-09-23 00:00:00,31.191
2017-09-23 01:00:00,30.752
2017-09-23 02:00:00,30.0925
2017-09-23 03:00:00,29.434
2017-09-23 04:00:00,28.994
2017-09-23 05:00:00,28.994
2017-09-23 06:00:00,28.115
2017-09-23 07:00:00,27.676
2017-09-23 08:00:00,26.7965
2017-09-23 09:00:00,26.797
2017-09-23 10:00:00,27.456
2017-09-23 11:00:00,26.7965
2017-09-23 12:00:00,27.2365
2017-09-23 13:00:00,27.6755
2017-09-23 14:00:00,29.214
2017-09-23 15:00:00,29.214
2017-09-23 16:00:00,29.214
2017-09-23 17:00:00,29.6535
2017-09-23 18:00:00,29.6535
2017-09-23 19:00:00,29.434
2017-09-23 20:00:00,29.434
2017-09-23 21:00:00,29.434
2017-09-23 22:00:00,27.676
2017-09-23 23:00:00,27.0165
2017-09-24 00:00:00,26.797
2017-09-24 01:00:00,25.918
2017-09-24 02:00:00,24.8195
2017-09-24 03:00:00,24.5995
2017-09-24 04:00:00,23.9405
2017-09-24 05:00:00,24.16
2017-09-24 06:00:00,25.039
2017-09-24 07:00:00,25.6985
2017-09-24 08:00:00,26.1375
2017-09-24 09:00:00,26.1375
2017-09-24 10:00:00,26.357
2017-09-24 11:00:00,27.0165
2017-09-24 12:00:00,27.236
2017-09-24 13:00:00,27.8955
2017-09-24 14:00:00,27.8955
2017-09-24 15:00:00,27.676
2017-09-24 16:00:00,27.8955
2017-09-24 17:00:00,28.555
2017-09-24 18:00:00,28.555
2017-09-24 19:00:00,28.7745
2017-09-24 20:00:00,29.214
2017-09-24 21:00:00,29.6535
2017-09-24 22:00:00,30.0925
2017-09-24 23:00:00,30.312
2017-09-25 00:00:00,30.312
2017-09-25 01:00:00,30.312
2017-09-25 02:00:00,30.312
2017-09-25 03:00:00,30.752
2017-09-25 04:00:00,30.752
2017-09-25 05:00:00,30.752
2017-09-25 06:00:00,29.6535
2017-09-25 07:00:00,30.312
2017-09-25 08:00:00,30.752
2017-09-25 09:00:00,31.191
2017-09-25 10:00:00,30.3125
2017-09-25 11:00:00,31.1915
2017-09-25 12:00:00,32.0705
2017-09-25 13:00:00,33.6085
2017-09-25 14:00:00,34.268
2017-09-25 15:00:00,34.268
2017-09-25 16:00:00,32.949
2017-09-25 17:00:00,33.3885
2017-09-25 18:00:00,33.3885
2017-09-25 19:00:00,33.6085
2017-09-25 20:00:00,33.828
2017-09-25 21:00:00,33.828
2017-09-25 22:00:00,32.7295
2017-09-25 23:00:00,32.7295
2017-09-26 00:00:00,33.169
2017-09-26 01:00:00,33.389
2017-09-26 02:00:00,33.389
2017-09-26 03:00:00,33.389
2017-09-26 04:00:00,33.389
2017-09-26 05:00:00,33.389
2017-09-26 06:00:00,32.949
2017-09-26 07:00:00,32.949
2017-09-26 08:00:00,33.389
2017-09-26 09:00:00,33.828
2017-09-26 10:00:00,35.146
2017-09-26 11:00:00,37.124
2017-09-26 12:00:00,39.541
2017-09-26 13:00:00,41.079
2017-09-26 14:00:00,41.079
2017-09-26 15:00:00,36.904
2017-09-26 16:00:00,36.904
2017-09-26 17:00:00,37.344
2017-09-26 18:00:00,37.344
2017-09-26 19:00:00,37.344
2017-09-26 20:00:00,37.124
2017-09-26 21:00:00,36.6845
2017-09-26 22:00:00,36.465
2017-09-26 23:00:00,35.8055
2017-09-27 00:00:00,35.8055
2017-09-27 01:00:00,35.366
2017-09-27 02:00:00,35.1465
2017-09-27 03:00:00,34.707
2017-09-27 04:00:00,34.4875
2017-09-27 05:00:00,34.268
2017-09-27 06:00:00,34.048
2017-09-27 07:00:00,32.949
2017-09-27 08:00:00,32.949
2017-09-27 09:00:00,33.389
2017-09-27 10:00:00,33.828
2017-09-27 11:00:00,34.4875
2017-09-27 12:00:00,34.707
2017-09-27 13:00:00,33.389
2017-09-27 14:00:00,32.949
2017-09-27 15:00:00,31.191
2017-09-27 16:00:00,30.532
2017-09-27 17:00:00,29.873
2017-09-27 18:00:00,29.434
2017-09-27 19:00:00,29.214
2017-09-27 20:00:00,28.555
2017-09-27 21:00:00,28.9945
2017-09-27 22:00:00,27.456
2017-09-27 23:00:00,27.236
2017-09-28 00:00:00,27.236
2017-09-28 01:00:00,27.0165
2017-09-28 02:00:00,25.918
2017-09-28 03:00:00,25.259
2017-09-28 04:00:00,25.259
2017-09-28 05:00:00,25.259
2017-09-28 06:00:00,25.479
2017-09-28 07:00:00,25.039
2017-09-28 08:00:00,24.8195
2017-09-28 09:00:00,26.1375
2017-09-28 10:00:00,27.456
2017-09-28 11:00:00,28.7745
2017-09-28 12:00:00,32.29
2017-09-28 13:00:00,36.0255
2017-09-28 14:00:00,38.882
2017-09-28 15:00:00,40.6395
2017-09-28 16:00:00,39.321
2017-09-28 17:00:00,37.7835
2017-09-28 18:00:00,34.9265
2017-09-28 19:00:00,32.07
2017-09-28 20:00:00,30.312
2017-09-28 21:00:00,28.555
2017-09-28 22:00:00,27.8955
2017-09-28 23:00:00,27.236
2017-09-29 00:00:00,26.577
2017-09-29 01:00:00,25.918
2017-09-29 02:00:00,25.039
2017-09-29 03:00:00,24.8195
2017-09-29 04:00:00,24.38
2017-09-29 05:00:00,23.9405
2017-09-29 06:00:00,23.501
2017-09-29 07:00:00,23.281
2017-09-29 08:00:00,24.38
2017-09-29 09:00:00,25.6985
2017-09-29 10:00:00,27.456
2017-09-29 11:00:00,28.7745
2017-09-29 12:00:00,30.0925
2017-09-29 13:00:00,31.191
2017-09-29 14:00:00,31.1915
2017-09-29 15:00:00,31.411
2017-09-29 16:00:00,31.631
2017-09-29 17:00:00,31.411
2017-09-29 18:00:00,30.532
2017-09-29 19:00:00,28.9945
2017-09-29 20:00:00,27.2365
2017-09-29 21:00:00,27.0165
2017-09-29 22:00:00,26.7965
2017-09-29 23:00:00,27.0165
2017-09-30 00:00:00,27.676
2017-09-30 01:00:00,27.676
2017-09-30 02:00:00,28.115
2017-09-30 03:00:00,27.8955
2017-09-30 04:00:00,26.797
2017-09-30 05:00:00,25.6985
2017-09-30 06:00:00,25.259
2017-09-30 07:00:00,25.259
2017-09-30 08:00:00,25.479
2017-09-30 09:00:00,25.479
2017-09-30 10:00:00,25.259
2017-09-30 11:00:00,25.479
2017-09-30 12:00:00,25.6985
2017-09-30 13:00:00,26.1375
2017-09-30 14:00:00,26.577
2017-09-30 15:00:00,26.797
2017-09-30 16:00:00,26.797
2017-09-30 17:00:00,27.8955
2017-09-30 18:00:00,28.555
2017-09-30 19:00:00,28.994
2017-09-30 20:00:00,29.214
2017-09-30 21:00:00,29.214
2017-09-30 22:00:00,29.214
2017-09-30 23:00:00,29.214
2017-10-01 00:00:00,29.214
2017-10-01 01:00:00,29.214
2017-10-01 02:00:00,29.214
2017-10-01 03:00:00,29.434
2017-10-01 04:00:00,29.6535
2017-10-01 05:00:00,29.873
2017-10-01 06:00:00,29.873
2017-10-01 07:00:00,30.312
2017-10-01 08:00:00,31.191
2017-10-01 09:00:00,32.949
2017-10-01 10:00:00,35.8055
2017-10-01 11:00:00,38.6625
2017-10-01 12:00:00,41.079
2017-10-01 13:00:00,42.837
2017-10-01 14:00:00,43.057
2017-10-01 15:00:00,41.738
2017-10-01 16:00:00,40.6395
2017-10-01 17:00:00,39.541
2017-10-01 18:00:00,38.223
2017-10-01 19:00:00,37.124
2017-10-01 20:00:00,36.245
2017-10-01 21:00:00,35.366
2017-10-01 22:00:00,34.4875
2017-10-01 23:00:00,32.949
2017-10-02 00:00:00,32.9495
2017-10-02 01:00:00,32.9495
2017-10-02 02:00:00,32.07
2017-10-02 03:00:00,32.07
2017-10-02 04:00:00,30.752
2017-10-02 05:00:00,29.6535
2017-10-02 06:00:00,28.994
2017-10-02 07:00:00,28.555
2017-10-02 08:00:00,28.115
2017-10-02 09:00:00,27.676
2017-10-02 10:00:00,27.456
2017-10-02 11:00:00,27.236
2017-10-02 12:00:00,27.456
2017-10-02 13:00:00,27.676
2017-10-02 14:00:00,27.8955
2017-10-02 15:00:00,28.335
2017-10-02 16:00:00,28.115
2017-10-02 17:00:00,28.555
2017-10-02 18:00:00,28.335
2017-10-02 19:00:00,27.0165
2017-10-02 20:00:00,27.236
2017-10-02 21:00:00,27.6755
2017-10-02 22:00:00,28.1155
2017-10-02 23:00:00,28.1155
2017-10-03 00:00:00,28.335
2017-10-03 01:00:00,28.115
2017-10-03 02:00:00,28.115
2017-10-03 03:00:00,27.8955
2017-10-03 04:00:00,27.676
2017-10-03 05:00:00,27.676
2017-10-03 06:00:00,27.236
2017-10-03 07:00:00,27.0165
2017-10-03 08:00:00,27.0165
2017-10-03 09:00:00,27.236
2017-10-03 10:00:00,27.456
2017-10-03 11:00:00,27.676
2017-10-03 12:00:00,27.676
2017-10-03 13:00:00,28.115
2017-10-03 14:00:00,28.115
2017-10-03 15:00:00,26.357
2017-10-03 16:00:00,25.039
2017-10-03 17:00:00,24.8195
2017-10-03 18:00:00,24.8195
2017-10-03 19:00:00,24.8195
2017-10-03 20:00:00,24.38
2017-10-03 21:00:00,24.16
2017-10-03 22:00:00,22.1825
2017-10-03 23:00:00,21.523
2017-10-04 00:00:00,21.743
2017-10-04 01:00:00,21.743
2017-10-04 02:00:00,21.743
2017-10-04 03:00:00,22.1825
2017-10-04 04:00:00,22.1825
2017-10-04 05:00:00,22.1825
2017-10-04 06:00:00,22.622
2017-10-04 07:00:00,22.622
2017-10-04 08:00:00,22.842
2017-10-04 09:00:00,23.281
2017-10-04 10:00:00,24.8195
2017-10-04 11:00:00,26.357
2017-10-04 12:00:00,27.6755
2017-10-04 13:00:00,29.214
2017-10-04 14:00:00,28.9945
2017-10-04 15:00:00,28.335
2017-10-04 16:00:00,27.236
2017-10-04 17:00:00,26.357
2017-10-04 18:00:00,25.918
2017-10-04 19:00:00,25.479
2017-10-04 20:00:00,25.259
2017-10-04 21:00:00,24.8195
2017-10-04 22:00:00,23.9405
2017-10-04 23:00:00,22.842
2017-10-05 00:00:00,22.402
2017-10-05 01:00:00,21.3035
2017-10-05 02:00:00,20.8645
2017-10-05 03:00:00,19.9855
2017-10-05 04:00:00,19.546
2017-10-05 05:00:00,19.1065
2017-10-05 06:00:00,18.447
2017-10-05 07:00:00,18.2275
2017-10-05 08:00:00,18.447
2017-10-05 09:00:00,19.1065
2017-10-05 10:00:00,19.9855
2017-10-05 11:00:00,20.645
2017-10-05 12:00:00,20.8645
2017-10-05 13:00:00,20.205
2017-10-05 14:00:00,19.9855
2017-10-05 15:00:00,19.9855
2017-10-05 16:00:00,19.9855
2017-10-05 17:00:00,20.425
2017-10-05 18:00:00,21.084
2017-10-05 19:00:00,21.084
2017-10-05 20:00:00,21.523
2017-10-05 21:00:00,21.963
2017-10-05 22:00:00,21.963
2017-10-05 23:00:00,22.1825
2017-10-06 00:00:00,22.402
2017-10-06 01:00:00,22.402
2017-10-06 02:00:00,22.402
2017-10-06 03:00:00,22.402
2017-10-06 04:00:00,22.622
2017-10-06 05:00:00,22.622
2017-10-06 06:00:00,22.842
2017-10-06 07:00:00,22.842
2017-10-06 08:00:00,23.0615
2017-10-06 09:00:00,23.9405
2017-10-06 10:00:00,24.8195
2017-10-06 11:00:00,25.259
2017-10-06 12:00:00,26.1375
2017-10-06 13:00:00,27.236
2017-10-06 14:00:00,28.555
2017-10-06 15:00:00,29.214
2017-10-06 16:00:00,29.214
2017-10-06 17:00:00,28.7745
2017-10-06 18:00:00,28.115
2017-10-06 19:00:00,27.676
2017-10-06 20:00:00,27.236
2017-10-06 21:00:00,26.797
2017-10-06 22:00:00,26.357
2017-10-06 23:00:00,25.918
2017-10-07 00:00:00,25.479
2017-10-07 01:00:00,24.8195
2017-10-07 02:00:00,24.38
2017-10-07 03:00:00,24.16
2017-10-07 04:00:00,23.721
2017-10-07 05:00:00,23.501
2017-10-07 06:00:00,23.281
2017-10-07 07:00:00,23.501
2017-10-07 08:00:00,24.6
2017-10-07 09:00:00,26.577
2017-10-07 10:00:00,29.873
2017-10-07 11:00:00,32.7295
2017-10-07 12:00:00,35.366
2017-10-07 13:00:00,37.7835
2017-10-07 14:00:00,39.102
2017-10-07 15:00:00,40.2
2017-10-07 16:00:00,38.882
2017-10-07 17:00:00,37.3435
2017-10-07 18:00:00,35.586
2017-10-07 19:00:00,33.828
2017-10-07 20:00:00,32.7295
2017-10-07 21:00:00,31.8505
2017-10-07 22:00:00,31.191
2017-10-07 23:00:00,30.532
2017-10-08 00:00:00,30.312
2017-10-08 01:00:00,29.873
2017-10-08 02:00:00,29.6535
2017-10-08 03:00:00,28.994
2017-10-08 04:00:00,28.555
2017-10-08 05:00:00,27.8955
2017-10-08 06:00:00,27.456
2017-10-08 07:00:00,27.236
2017-10-08 08:00:00,28.115
2017-10-08 09:00:00,30.312
2017-10-08 10:00:00,33.389
2017-10-08 11:00:00,36.6845
2017-10-08 12:00:00,39.1015
2017-10-08 13:00:00,41.5185
2017-10-08 14:00:00,42.6175
2017-10-08 15:00:00,43.4965
2017-10-08 16:00:00,41.958
2017-10-08 17:00:00,40.4195
2017-10-08 18:00:00,38.4425
2017-10-08 19:00:00,36.465
2017-10-08 20:00:00,35.146
2017-10-08 21:00:00,34.268
2017-10-08 22:00:00,33.828
2017-10-08 23:00:00,33.389
2017-10-09 00:00:00,32.949
2017-10-09 01:00:00,32.51
2017-10-09 02:00:00,31.8505
2017-10-09 03:00:00,31.411
2017-10-09 04:00:00,30.532
2017-10-09 05:00:00,29.873
2017-10-09 06:00:00,29.6535
2017-10-09 07:00:00,29.6535
2017-10-09 08:00:00,30.312
2017-10-09 09:00:00,32.51
2017-10-09 10:00:00,35.5855
2017-10-09 11:00:00,38.8815
2017-10-09 12:00:00,41.738
2017-10-09 13:00:00,43.2765
2017-10-09 14:00:00,44.814
2017-10-09 15:00:00,45.034
2017-10-09 16:00:00,43.057
2017-10-09 17:00:00,41.738
2017-10-09 18:00:00,39.98
2017-10-09 19:00:00,38.003
2017-10-09 20:00:00,36.465
2017-10-09 21:00:00,35.146
2017-10-09 22:00:00,34.707
2017-10-09 23:00:00,34.268
2017-10-10 00:00:00,34.268
2017-10-10 01:00:00,34.048
2017-10-10 02:00:00,33.389
2017-10-10 03:00:00,32.949
2017-10-10 04:00:00,32.29
2017-10-10 05:00:00,32.07
2017-10-10 06:00:00,32.07
2017-10-10 07:00:00,32.07
2017-10-10 08:00:00,32.29
2017-10-10 09:00:00,33.169
2017-10-10 10:00:00,34.4875
2017-10-10 11:00:00,36.6845
2017-10-10 12:00:00,37.7835
2017-10-10 13:00:00,38.6625
2017-10-10 14:00:00,38.6625
2017-10-10 15:00:00,38.2225
2017-10-10 16:00:00,36.9045
2017-10-10 17:00:00,34.9265
2017-10-10 18:00:00,33.3885
2017-10-10 19:00:00,32.0705
2017-10-10 20:00:00,30.7515
2017-10-10 21:00:00,29.4335
2017-10-10 22:00:00,28.1155
2017-10-10 23:00:00,27.456
2017-10-11 00:00:00,26.577
2017-10-11 01:00:00,25.4785
2017-10-11 02:00:00,25.0395
2017-10-11 03:00:00,24.1605
2017-10-11 04:00:00,23.2815
2017-10-11 05:00:00,22.4025
2017-10-11 06:00:00,21.9625
2017-10-11 07:00:00,21.5235
2017-10-11 08:00:00,21.743
2017-10-11 09:00:00,22.1825
2017-10-11 10:00:00,22.402
2017-10-11 11:00:00,22.842
2017-10-11 12:00:00,23.501
2017-10-11 13:00:00,22.842
2017-10-11 14:00:00,22.402
2017-10-11 15:00:00,22.402
2017-10-11 16:00:00,22.402
2017-10-11 17:00:00,21.523
2017-10-11 18:00:00,21.084
2017-10-11 19:00:00,20.425
2017-10-11 20:00:00,20.205
2017-10-11 21:00:00,20.205
2017-10-11 22:00:00,20.205
2017-10-11 23:00:00,20.205
2017-10-12 00:00:00,20.205
2017-10-12 01:00:00,20.205
2017-10-12 02:00:00,19.766
2017-10-12 03:00:00,19.766
2017-10-12 04:00:00,19.326
2017-10-12 05:00:00,19.326
2017-10-12 06:00:00,18.887
2017-10-12 07:00:00,18.447
2017-10-12 08:00:00,18.447
2017-10-12 09:00:00,18.447
2017-10-12 10:00:00,18.667
2017-10-12 11:00:00,19.1065
2017-10-12 12:00:00,19.546
2017-10-12 13:00:00,19.9855
2017-10-12 14:00:00,20.205
2017-10-12 15:00:00,20.205
2017-10-12 16:00:00,20.205
2017-10-12 17:00:00,20.205
2017-10-12 18:00:00,20.205
2017-10-12 19:00:00,20.645
2017-10-12 20:00:00,20.8645
2017-10-12 21:00:00,21.3035
2017-10-12 22:00:00,21.523
2017-10-12 23:00:00,21.523
2017-10-13 00:00:00,21.523
2017-10-13 01:00:00,21.743
2017-10-13 02:00:00,21.743
2017-10-13 03:00:00,21.743
2017-10-13 04:00:00,21.523
2017-10-13 05:00:00,21.523
2017-10-13 06:00:00,21.3035
2017-10-13 07:00:00,21.084
2017-10-13 08:00:00,21.743
2017-10-13 09:00:00,22.842
2017-10-13 10:00:00,24.16
2017-10-13 11:00:00,25.259
2017-10-13 12:00:00,26.577
2017-10-13 13:00:00,27.6755
2017-10-13 14:00:00,28.7745
2017-10-13 15:00:00,28.7745
2017-10-13 16:00:00,28.7745
2017-10-13 17:00:00,28.335
2017-10-13 18:00:00,27.456
2017-10-13 19:00:00,26.797
2017-10-13 20:00:00,26.357
2017-10-13 21:00:00,25.479
2017-10-13 22:00:00,24.38
2017-10-13 23:00:00,24.38
2017-10-14 00:00:00,24.16
2017-10-14 01:00:00,23.9405
2017-10-14 02:00:00,22.622
2017-10-14 03:00:00,22.1825
2017-10-14 04:00:00,21.963
2017-10-14 05:00:00,21.084
2017-10-14 06:00:00,21.084
2017-10-14 07:00:00,20.645
2017-10-14 08:00:00,21.084
2017-10-14 09:00:00,21.963
2017-10-14 10:00:00,23.0615
2017-10-14 11:00:00,24.16
2017-10-14 12:00:00,25.039
2017-10-14 13:00:00,25.479
2017-10-14 14:00:00,25.259
2017-10-14 15:00:00,25.039
2017-10-14 16:00:00,25.039
2017-10-14 17:00:00,25.039
2017-10-14 18:00:00,25.039
2017-10-14 19:00:00,24.6
2017-10-14 20:00:00,24.38
2017-10-14 21:00:00,24.16
2017-10-14 22:00:00,23.721
2017-10-14 23:00:00,23.721
2017-10-15 00:00:00,23.9405
2017-10-15 01:00:00,24.16
2017-10-15 02:00:00,24.16
2017-10-15 03:00:00,23.721
2017-10-15 04:00:00,22.842
2017-10-15 05:00:00,21.523
2017-10-15 06:00:00,21.3035
2017-10-15 07:00:00,21.084
2017-10-15 08:00:00,20.425
2017-10-15 09:00:00,20.205
2017-10-15 10:00:00,21.084
2017-10-15 11:00:00,22.1825
2017-10-15 12:00:00,23.281
2017-10-15 13:00:00,24.16
2017-10-15 14:00:00,25.259
2017-10-15 15:00:00,25.479
2017-10-15 16:00:00,25.918
2017-10-15 17:00:00,25.918
2017-10-15 18:00:00,25.479
2017-10-15 19:00:00,25.039
2017-10-15 20:00:00,25.039
2017-10-15 21:00:00,24.16
2017-10-15 22:00:00,23.501
2017-10-15 23:00:00,23.0615
2017-10-16 00:00:00,23.281
2017-10-16 01:00:00,22.842
2017-10-16 02:00:00,23.281
2017-10-16 03:00:00,23.501
2017-10-16 04:00:00,22.842
2017-10-16 05:00:00,22.402
2017-10-16 06:00:00,21.743
2017-10-16 07:00:00,21.743
2017-10-16 08:00:00,22.1825
2017-10-16 09:00:00,22.842
2017-10-16 10:00:00,23.501
2017-10-16 11:00:00,24.16
2017-10-16 12:00:00,24.8195
2017-10-16 13:00:00,25.039
2017-10-16 14:00:00,23.501
2017-10-16 15:00:00,22.622
2017-10-16 16:00:00,22.1825
2017-10-16 17:00:00,21.523
2017-10-16 18:00:00,21.084
2017-10-16 19:00:00,21.084
2017-10-16 20:00:00,21.084
2017-10-16 21:00:00,21.084
2017-10-16 22:00:00,21.084
2017-10-16 23:00:00,21.084
2017-10-17 00:00:00,21.084
2017-10-17 01:00:00,21.084
2017-10-17 02:00:00,21.523
2017-10-17 03:00:00,21.523
2017-10-17 04:00:00,21.523
2017-10-17 05:00:00,21.523
2017-10-17 06:00:00,21.523
2017-10-17 07:00:00,21.743
2017-10-17 08:00:00,22.1825
2017-10-17 09:00:00,23.0615
2017-10-17 10:00:00,24.38
2017-10-17 11:00:00,25.259
2017-10-17 12:00:00,25.918
2017-10-17 13:00:00,26.357
2017-10-17 14:00:00,26.357
2017-10-17 15:00:00,26.797
2017-10-17 16:00:00,26.797
2017-10-17 17:00:00,26.577
2017-10-17 18:00:00,26.357
2017-10-17 19:00:00,26.357
2017-10-17 20:00:00,25.918
2017-10-17 21:00:00,25.479
2017-10-17 22:00:00,25.259
2017-10-17 23:00:00,25.039
2017-10-18 00:00:00,25.039
2017-10-18 01:00:00,24.6
2017-10-18 02:00:00,24.16
2017-10-18 03:00:00,24.16
2017-10-18 04:00:00,23.9405
2017-10-18 05:00:00,23.721
2017-10-18 06:00:00,23.721
2017-10-18 07:00:00,23.501
2017-10-18 08:00:00,23.501
2017-10-18 09:00:00,23.721
2017-10-18 10:00:00,23.9405
2017-10-18 11:00:00,24.38
2017-10-18 12:00:00,25.039
2017-10-18 13:00:00,25.479
2017-10-18 14:00:00,25.918
2017-10-18 15:00:00,26.577
2017-10-18 16:00:00,26.797
2017-10-18 17:00:00,25.918
2017-10-18 18:00:00,25.479
2017-10-18 19:00:00,25.039
2017-10-18 20:00:00,24.6
2017-10-18 21:00:00,24.16
2017-10-18 22:00:00,23.9405
2017-10-18 23:00:00,23.721
2017-10-19 00:00:00,23.721
2017-10-19 01:00:00,23.281
2017-10-19 02:00:00,23.281
2017-10-19 03:00:00,22.842
2017-10-19 04:00:00,22.1825
2017-10-19 05:00:00,21.963
2017-10-19 06:00:00,21.3035
2017-10-19 07:00:00,21.084
2017-10-19 08:00:00,21.523
2017-10-19 09:00:00,22.622
2017-10-19 10:00:00,23.0615
2017-10-19 11:00:00,23.9405
2017-10-19 12:00:00,24.38
2017-10-19 13:00:00,26.1375
2017-10-19 14:00:00,27.456
2017-10-19 15:00:00,27.8955
2017-10-19 16:00:00,28.335
2017-10-19 17:00:00,27.236
2017-10-19 18:00:00,25.918
2017-10-19 19:00:00,25.039
2017-10-19 20:00:00,24.38
2017-10-19 21:00:00,23.721
2017-10-19 22:00:00,23.281
2017-10-19 23:00:00,23.281
2017-10-20 00:00:00,22.842
2017-10-20 01:00:00,22.842
2017-10-20 02:00:00,22.402
2017-10-20 03:00:00,21.743
2017-10-20 04:00:00,20.645
2017-10-20 05:00:00,20.425
2017-10-20 06:00:00,20.205
2017-10-20 07:00:00,20.205
2017-10-20 08:00:00,21.084
2017-10-20 09:00:00,22.842
2017-10-20 10:00:00,25.6985
2017-10-20 11:00:00,29.873
2017-10-20 12:00:00,33.3885
2017-10-20 13:00:00,32.949
2017-10-20 14:00:00,31.411
2017-10-20 15:00:00,30.9715
2017-10-20 16:00:00,30.532
2017-10-20 17:00:00,29.873
2017-10-20 18:00:00,27.8955
2017-10-20 19:00:00,25.918
2017-10-20 20:00:00,24.16
2017-10-20 21:00:00,23.0615
2017-10-20 22:00:00,22.1825
2017-10-20 23:00:00,21.523
2017-10-21 00:00:00,20.8645
2017-10-21 01:00:00,20.425
2017-10-21 02:00:00,19.766
2017-10-21 03:00:00,19.326
2017-10-21 04:00:00,18.887
2017-10-21 05:00:00,18.447
2017-10-21 06:00:00,18.008
2017-10-21 07:00:00,17.788
2017-10-21 08:00:00,18.667
2017-10-21 09:00:00,21.743
2017-10-21 10:00:00,25.6985
2017-10-21 11:00:00,29.2135
2017-10-21 12:00:00,31.411
2017-10-21 13:00:00,32.7295
2017-10-21 14:00:00,33.8285
2017-10-21 15:00:00,33.3885
2017-10-21 16:00:00,32.29
2017-10-21 17:00:00,30.752
2017-10-21 18:00:00,28.555
2017-10-21 19:00:00,26.357
2017-10-21 20:00:00,24.6
2017-10-21 21:00:00,23.281
2017-10-21 22:00:00,22.1825
2017-10-21 23:00:00,21.523
2017-10-22 00:00:00,21.084
2017-10-22 01:00:00,20.8645
2017-10-22 02:00:00,20.425
2017-10-22 03:00:00,19.9855
2017-10-22 04:00:00,19.546
2017-10-22 05:00:00,19.1065
2017-10-22 06:00:00,18.667
2017-10-22 07:00:00,18.447
2017-10-22 08:00:00,19.326
2017-10-22 09:00:00,21.743
2017-10-22 10:00:00,25.0395
2017-10-22 11:00:00,28.5545
2017-10-22 12:00:00,31.1915
2017-10-22 13:00:00,33.608
2017-10-22 14:00:00,34.487
2017-10-22 15:00:00,34.4875
2017-10-22 16:00:00,33.169
2017-10-22 17:00:00,31.6305
2017-10-22 18:00:00,29.6535
2017-10-22 19:00:00,27.8955
2017-10-22 20:00:00,26.357
2017-10-22 21:00:00,25.039
2017-10-22 22:00:00,24.16
2017-10-22 23:00:00,23.721
2017-10-23 00:00:00,23.281
2017-10-23 01:00:00,23.0615
2017-10-23 02:00:00,22.842
2017-10-23 03:00:00,22.402
2017-10-23 04:00:00,22.1825
2017-10-23 05:00:00,21.963
2017-10-23 06:00:00,21.963
2017-10-23 07:00:00,21.743
2017-10-23 08:00:00,21.963
2017-10-23 09:00:00,22.842
2017-10-23 10:00:00,24.8195
2017-10-23 11:00:00,28.115
2017-10-23 12:00:00,29.653
2017-10-23 13:00:00,28.9945
2017-10-23 14:00:00,28.9945
2017-10-23 15:00:00,28.9945
2017-10-23 16:00:00,29.214
2017-10-23 17:00:00,28.5545
2017-10-23 18:00:00,26.577
2017-10-23 19:00:00,24.38
2017-10-23 20:00:00,22.842
2017-10-23 21:00:00,21.523
2017-10-23 22:00:00,20.645
2017-10-23 23:00:00,20.205
2017-10-24 00:00:00,19.546
2017-10-24 01:00:00,19.1065
2017-10-24 02:00:00,18.447
2017-10-24 03:00:00,18.008
2017-10-24 04:00:00,17.568
2017-10-24 05:00:00,16.909
2017-10-24 06:00:00,16.4695
2017-10-24 07:00:00,16.4695
2017-10-24 08:00:00,17.3485
2017-10-24 09:00:00,20.645
2017-10-24 10:00:00,24.6
2017-10-24 11:00:00,28.5545
2017-10-24 12:00:00,31.1915
2017-10-24 13:00:00,33.3885
2017-10-24 14:00:00,34.707
2017-10-24 15:00:00,35.1465
2017-10-24 16:00:00,33.169
2017-10-24 17:00:00,30.9715
2017-10-24 18:00:00,28.115
2017-10-24 19:00:00,25.259
2017-10-24 20:00:00,23.281
2017-10-24 21:00:00,22.1825
2017-10-24 22:00:00,21.523
2017-10-24 23:00:00,20.8645
2017-10-25 00:00:00,19.9855
2017-10-25 01:00:00,19.1065
2017-10-25 02:00:00,18.667
2017-10-25 03:00:00,18.447
2017-10-25 04:00:00,18.667
2017-10-25 05:00:00,18.667
2017-10-25 06:00:00,18.667
2017-10-25 07:00:00,18.667
2017-10-25 08:00:00,19.7655
2017-10-25 09:00:00,21.963
2017-10-25 10:00:00,25.259
2017-10-25 11:00:00,27.676
2017-10-25 12:00:00,29.2135
2017-10-25 13:00:00,31.8505
2017-10-25 14:00:00,33.6085
2017-10-25 15:00:00,32.9495
2017-10-25 16:00:00,31.411
2017-10-25 17:00:00,29.6535
2017-10-25 18:00:00,27.8955
2017-10-25 19:00:00,26.1375
2017-10-25 20:00:00,24.6
2017-10-25 21:00:00,23.501
2017-10-25 22:00:00,22.842
2017-10-25 23:00:00,22.842
2017-10-26 00:00:00,23.0615
2017-10-26 01:00:00,23.281
2017-10-26 02:00:00,23.0615
2017-10-26 03:00:00,22.842
2017-10-26 04:00:00,22.842
2017-10-26 05:00:00,22.622
2017-10-26 06:00:00,22.622
2017-10-26 07:00:00,22.622
2017-10-26 08:00:00,23.501
2017-10-26 09:00:00,25.259
2017-10-26 10:00:00,27.676
2017-10-26 11:00:00,29.653
2017-10-26 12:00:00,32.5095
2017-10-26 13:00:00,33.6085
2017-10-26 14:00:00,33.8285
2017-10-26 15:00:00,34.048
2017-10-26 16:00:00,33.169
2017-10-26 17:00:00,31.6305
2017-10-26 18:00:00,29.434
2017-10-26 19:00:00,27.676
2017-10-26 20:00:00,26.1375
2017-10-26 21:00:00,25.039
2017-10-26 22:00:00,24.38
2017-10-26 23:00:00,23.9405
2017-10-27 00:00:00,23.501
2017-10-27 01:00:00,22.842
2017-10-27 02:00:00,22.402
2017-10-27 03:00:00,21.743
2017-10-27 04:00:00,21.084
2017-10-27 05:00:00,20.645
2017-10-27 06:00:00,20.425
2017-10-27 07:00:00,19.9855
2017-10-27 08:00:00,20.425
2017-10-27 09:00:00,23.0615
2017-10-27 10:00:00,26.7965
2017-10-27 11:00:00,29.873
2017-10-27 12:00:00,30.532
2017-10-27 13:00:00,32.949
2017-10-27 14:00:00,34.4875
2017-10-27 15:00:00,34.4875
2017-10-27 16:00:00,32.7295
2017-10-27 17:00:00,31.411
2017-10-27 18:00:00,28.994
2017-10-27 19:00:00,27.236
2017-10-27 20:00:00,25.918
2017-10-27 21:00:00,24.6
2017-10-27 22:00:00,23.9405
2017-10-27 23:00:00,23.281
2017-10-28 00:00:00,22.842
2017-10-28 01:00:00,22.1825
2017-10-28 02:00:00,21.743
2017-10-28 03:00:00,21.084
2017-10-28 04:00:00,20.645
2017-10-28 05:00:00,19.766
2017-10-28 06:00:00,19.326
2017-10-28 07:00:00,18.887
2017-10-28 08:00:00,19.546
2017-10-28 09:00:00,22.622
2017-10-28 10:00:00,26.3575
2017-10-28 11:00:00,29.2135
2017-10-28 12:00:00,32.29
2017-10-28 13:00:00,34.487
2017-10-28 14:00:00,36.025
2017-10-28 15:00:00,35.8055
2017-10-28 16:00:00,34.048
2017-10-28 17:00:00,32.0705
2017-10-28 18:00:00,29.214
2017-10-28 19:00:00,26.797
2017-10-28 20:00:00,25.039
2017-10-28 21:00:00,23.9405
2017-10-28 22:00:00,22.842
2017-10-28 23:00:00,22.1825
2017-10-29 00:00:00,21.523
2017-10-29 01:00:00,20.8645
2017-10-29 02:00:00,19.9855
2017-10-29 03:00:00,19.546
2017-10-29 04:00:00,18.887
2017-10-29 05:00:00,18.447
2017-10-29 06:00:00,18.2275
2017-10-29 07:00:00,18.008
2017-10-29 08:00:00,18.667
2017-10-29 09:00:00,20.425
2017-10-29 10:00:00,22.1825
2017-10-29 11:00:00,23.9405
2017-10-29 12:00:00,25.918
2017-10-29 13:00:00,28.115
2017-10-29 14:00:00,29.6535
2017-10-29 15:00:00,30.532
2017-10-29 16:00:00,29.653
2017-10-29 17:00:00,27.456
2017-10-29 18:00:00,25.6985
2017-10-29 19:00:00,23.9405
2017-10-29 20:00:00,22.622
2017-10-29 21:00:00,21.523
2017-10-29 22:00:00,20.425
2017-10-29 23:00:00,19.546
2017-10-30 00:00:00,19.1065
2017-10-30 01:00:00,18.2275
2017-10-30 02:00:00,17.3485
2017-10-30 03:00:00,16.4695
2017-10-30 04:00:00,15.811
2017-10-30 05:00:00,15.1515
2017-10-30 06:00:00,14.712
2017-10-30 07:00:00,14.2725
2017-10-30 08:00:00,14.9315
2017-10-30 09:00:00,18.2275
2017-10-30 10:00:00,21.5235
2017-10-30 11:00:00,25.039
2017-10-30 12:00:00,27.0165
2017-10-30 13:00:00,29.4335
2017-10-30 14:00:00,30.5325
2017-10-30 15:00:00,30.9715
2017-10-30 16:00:00,28.994
2017-10-30 17:00:00,26.7965
2017-10-30 18:00:00,23.281
2017-10-30 19:00:00,21.084
2017-10-30 20:00:00,19.326
2017-10-30 21:00:00,18.008
2017-10-30 22:00:00,17.129
2017-10-30 23:00:00,16.4695
2017-10-31 00:00:00,16.25
2017-10-31 01:00:00,16.25
2017-10-31 02:00:00,16.25
2017-10-31 03:00:00,16.25
2017-10-31 04:00:00,16.25
2017-10-31 05:00:00,16.25
2017-10-31 06:00:00,16.25
2017-10-31 07:00:00,16.25
2017-10-31 08:00:00,16.25
2017-10-31 09:00:00,16.25
2017-10-31 10:00:00,16.25
2017-10-31 11:00:00,16.25
2017-10-31 12:00:00,16.25
2017-10-31 13:00:00,16.25
2017-10-31 14:00:00,16.25
2017-10-31 15:00:00,16.25
2017-10-31 16:00:00,16.25
2017-10-31 17:00:00,16.25
2017-10-31 18:00:00,16.25
2017-10-31 19:00:00,16.25
2017-10-31 20:00:00,16.25
2017-10-31 21:00:00,16.25
2017-10-31 22:00:00,16.25
2017-10-31 23:00:00,16.25
2017-11-01 00:00:00,18.447
2017-11-01 01:00:00,18.008
2017-11-01 02:00:00,17.788
2017-11-01 03:00:00,17.3485
2017-11-01 04:00:00,16.909
2017-11-01 05:00:00,16.689
2017-11-01 06:00:00,16.25
2017-11-01 07:00:00,16.0305
2017-11-01 08:00:00,16.909
2017-11-01 09:00:00,20.425
2017-11-01 10:00:00,24.38
2017-11-01 11:00:00,28.335
2017-11-01 12:00:00,30.972
2017-11-01 13:00:00,33.169
2017-11-01 14:00:00,35.1465
2017-11-01 15:00:00,35.1465
2017-11-01 16:00:00,34.048
2017-11-01 17:00:00,31.8505
2017-11-01 18:00:00,28.994
2017-11-01 19:00:00,26.797
2017-11-01 20:00:00,24.8195
2017-11-01 21:00:00,23.281
2017-11-01 22:00:00,22.402
2017-11-01 23:00:00,21.963
2017-11-02 00:00:00,21.084
2017-11-02 01:00:00,20.425
2017-11-02 02:00:00,19.766
2017-11-02 03:00:00,19.1065
2017-11-02 04:00:00,18.447
2017-11-02 05:00:00,18.008
2017-11-02 06:00:00,17.788
2017-11-02 07:00:00,17.568
2017-11-02 08:00:00,18.2275
2017-11-02 09:00:00,21.084
2017-11-02 10:00:00,24.6
2017-11-02 11:00:00,28.555
2017-11-02 12:00:00,30.9715
2017-11-02 13:00:00,33.608
2017-11-02 14:00:00,35.1465
2017-11-02 15:00:00,35.5855
2017-11-02 16:00:00,34.487
2017-11-02 17:00:00,32.7295
2017-11-02 18:00:00,29.873
2017-11-02 19:00:00,27.676
2017-11-02 20:00:00,25.918
2017-11-02 21:00:00,24.6
2017-11-02 22:00:00,23.501
2017-11-02 23:00:00,22.842
2017-11-03 00:00:00,21.963
2017-11-03 01:00:00,21.523
2017-11-03 02:00:00,21.084
2017-11-03 03:00:00,20.205
2017-11-03 04:00:00,19.766
2017-11-03 05:00:00,19.326
2017-11-03 06:00:00,18.887
2017-11-03 07:00:00,18.887
2017-11-03 08:00:00,19.546
2017-11-03 09:00:00,22.1825
2017-11-03 10:00:00,25.918
2017-11-03 11:00:00,29.4335
2017-11-03 12:00:00,31.411
2017-11-03 13:00:00,32.29
2017-11-03 14:00:00,30.9715
2017-11-03 15:00:00,28.555
2017-11-03 16:00:00,26.797
2017-11-03 17:00:00,25.479
2017-11-03 18:00:00,24.8195
2017-11-03 19:00:00,24.6
2017-11-03 20:00:00,24.16
2017-11-03 21:00:00,23.721
2017-11-03 22:00:00,22.842
2017-11-03 23:00:00,22.1825
2017-11-04 00:00:00,21.523
2017-11-04 01:00:00,20.645
2017-11-04 02:00:00,19.326
2017-11-04 03:00:00,18.887
2017-11-04 04:00:00,18.008
2017-11-04 05:00:00,17.129
2017-11-04 06:00:00,16.25
2017-11-04 07:00:00,15.591
2017-11-04 08:00:00,16.4695
2017-11-04 09:00:00,18.8865
2017-11-04 10:00:00,21.5235
2017-11-04 11:00:00,25.039
2017-11-04 12:00:00,26.797
2017-11-04 13:00:00,29.2135
2017-11-04 14:00:00,30.752
2017-11-04 15:00:00,30.3125
2017-11-04 16:00:00,28.335
2017-11-04 17:00:00,25.918
2017-11-04 18:00:00,23.501
2017-11-04 19:00:00,21.084
2017-11-04 20:00:00,19.1065
2017-11-04 21:00:00,17.788
2017-11-04 22:00:00,16.909
2017-11-04 23:00:00,16.4695
2017-11-05 00:00:00,16.0305
2017-11-05 01:00:00,16.0305
2017-11-05 02:00:00,16.0305
2017-11-05 03:00:00,16.0305
2017-11-05 04:00:00,15.591
2017-11-05 05:00:00,15.591
2017-11-05 06:00:00,15.1515
2017-11-05 07:00:00,15.1515
2017-11-05 08:00:00,15.8105
2017-11-05 09:00:00,18.4475
2017-11-05 10:00:00,21.084
2017-11-05 11:00:00,23.501
2017-11-05 12:00:00,24.6
2017-11-05 13:00:00,26.5775
2017-11-05 14:00:00,27.676
2017-11-05 15:00:00,27.6755
2017-11-05 16:00:00,26.7965
2017-11-05 17:00:00,25.039
2017-11-05 18:00:00,23.9405
2017-11-05 19:00:00,22.842
2017-11-05 20:00:00,21.523
2017-11-05 21:00:00,21.084
2017-11-05 22:00:00,20.645
2017-11-05 23:00:00,20.205
2017-11-06 00:00:00,19.9855
2017-11-06 01:00:00,19.546
2017-11-06 02:00:00,19.546
2017-11-06 03:00:00,19.3265
2017-11-06 04:00:00,18.887
2017-11-06 05:00:00,18.008
2017-11-06 06:00:00,17.568
2017-11-06 07:00:00,17.129
2017-11-06 08:00:00,18.0075
2017-11-06 09:00:00,20.645
2017-11-06 10:00:00,23.9405
2017-11-06 11:00:00,27.236
2017-11-06 12:00:00,28.994
2017-11-06 13:00:00,30.752
2017-11-06 14:00:00,31.191
2017-11-06 15:00:00,31.191
2017-11-06 16:00:00,29.434
2017-11-06 17:00:00,28.335
2017-11-06 18:00:00,27.236
2017-11-06 19:00:00,25.479
2017-11-06 20:00:00,23.721
2017-11-06 21:00:00,22.622
2017-11-06 22:00:00,21.963
2017-11-06 23:00:00,21.963
2017-11-07 00:00:00,21.523
2017-11-07 01:00:00,21.523
2017-11-07 02:00:00,21.084
2017-11-07 03:00:00,20.645
2017-11-07 04:00:00,20.205
2017-11-07 05:00:00,19.766
2017-11-07 06:00:00,19.326
2017-11-07 07:00:00,19.1065
2017-11-07 08:00:00,19.1065
2017-11-07 09:00:00,20.8645
2017-11-07 10:00:00,22.622
2017-11-07 11:00:00,23.501
2017-11-07 12:00:00,24.6
2017-11-07 13:00:00,25.479
2017-11-07 14:00:00,26.357
2017-11-07 15:00:00,27.456
2017-11-07 16:00:00,28.1155
2017-11-07 17:00:00,27.676
2017-11-07 18:00:00,26.357
2017-11-07 19:00:00,25.479
2017-11-07 20:00:00,24.6
2017-11-07 21:00:00,24.16
2017-11-07 22:00:00,23.281
2017-11-07 23:00:00,22.842
2017-11-08 00:00:00,22.622
2017-11-08 01:00:00,22.402
2017-11-08 02:00:00,21.963
2017-11-08 03:00:00,21.743
2017-11-08 04:00:00,21.3035
2017-11-08 05:00:00,20.645
2017-11-08 06:00:00,20.205
2017-11-08 07:00:00,19.546
2017-11-08 08:00:00,19.546
2017-11-08 09:00:00,21.743
2017-11-08 10:00:00,24.5995
2017-11-08 11:00:00,27.8955
2017-11-08 12:00:00,30.0925
2017-11-08 13:00:00,32.9495
2017-11-08 14:00:00,34.487
2017-11-08 15:00:00,34.2675
2017-11-08 16:00:00,32.9495
2017-11-08 17:00:00,31.411
2017-11-08 18:00:00,29.434
2017-11-08 19:00:00,27.8955
2017-11-08 20:00:00,26.797
2017-11-08 21:00:00,25.479
2017-11-08 22:00:00,24.8195
2017-11-08 23:00:00,23.9405
2017-11-09 00:00:00,23.501
2017-11-09 01:00:00,23.0615
2017-11-09 02:00:00,22.1825
2017-11-09 03:00:00,21.3035
2017-11-09 04:00:00,20.205
2017-11-09 05:00:00,19.1065
2017-11-09 06:00:00,18.2275
2017-11-09 07:00:00,17.788
2017-11-09 08:00:00,18.8865
2017-11-09 09:00:00,22.1825
2017-11-09 10:00:00,24.8195
2017-11-09 11:00:00,27.456
2017-11-09 12:00:00,28.994
2017-11-09 13:00:00,30.752
2017-11-09 14:00:00,32.51
2017-11-09 15:00:00,32.9495
2017-11-09 16:00:00,32.0705
2017-11-09 17:00:00,30.0925
2017-11-09 18:00:00,28.115
2017-11-09 19:00:00,26.577
2017-11-09 20:00:00,25.6985
2017-11-09 21:00:00,25.039
2017-11-09 22:00:00,24.6
2017-11-09 23:00:00,24.16
2017-11-10 00:00:00,24.16
2017-11-10 01:00:00,23.9405
2017-11-10 02:00:00,23.501
2017-11-10 03:00:00,22.8415
2017-11-10 04:00:00,21.963
2017-11-10 05:00:00,21.084
2017-11-10 06:00:00,20.425
2017-11-10 07:00:00,19.9855
2017-11-10 08:00:00,20.425
2017-11-10 09:00:00,21.743
2017-11-10 10:00:00,23.0615
2017-11-10 11:00:00,25.698
2017-11-10 12:00:00,28.335
2017-11-10 13:00:00,29.214
2017-11-10 14:00:00,29.4335
2017-11-10 15:00:00,28.7745
2017-11-10 16:00:00,27.8955
2017-11-10 17:00:00,26.797
2017-11-10 18:00:00,25.6985
2017-11-10 19:00:00,25.039
2017-11-10 20:00:00,24.6
2017-11-10 21:00:00,24.38
2017-11-10 22:00:00,24.16
2017-11-10 23:00:00,23.721
2017-11-11 00:00:00,22.842
2017-11-11 01:00:00,22.1825
2017-11-11 02:00:00,21.084
2017-11-11 03:00:00,20.645
2017-11-11 04:00:00,19.766
2017-11-11 05:00:00,19.546
2017-11-11 06:00:00,19.326
2017-11-11 07:00:00,18.887
2017-11-11 08:00:00,18.887
2017-11-11 09:00:00,20.8645
2017-11-11 10:00:00,23.0615
2017-11-11 11:00:00,25.6985
2017-11-11 12:00:00,27.2365
2017-11-11 13:00:00,29.214
2017-11-11 14:00:00,28.7745
2017-11-11 15:00:00,27.0165
2017-11-11 16:00:00,26.1375
2017-11-11 17:00:00,25.259
2017-11-11 18:00:00,24.6
2017-11-11 19:00:00,23.9405
2017-11-11 20:00:00,23.281
2017-11-11 21:00:00,22.842
2017-11-11 22:00:00,22.402
2017-11-11 23:00:00,22.1825
2017-11-12 00:00:00,21.963
2017-11-12 01:00:00,21.523
2017-11-12 02:00:00,21.523
2017-11-12 03:00:00,21.3035
2017-11-12 04:00:00,21.084
2017-11-12 05:00:00,20.645
2017-11-12 06:00:00,20.425
2017-11-12 07:00:00,19.766
2017-11-12 08:00:00,19.9855
2017-11-12 09:00:00,21.3035
2017-11-12 10:00:00,23.0615
2017-11-12 11:00:00,25.259
2017-11-12 12:00:00,26.7965
2017-11-12 13:00:00,28.335
2017-11-12 14:00:00,28.555
2017-11-12 15:00:00,27.0165
2017-11-12 16:00:00,26.1375
2017-11-12 17:00:00,25.6985
2017-11-12 18:00:00,25.479
2017-11-12 19:00:00,25.039
2017-11-12 20:00:00,25.039
2017-11-12 21:00:00,24.6
2017-11-12 22:00:00,24.16
2017-11-12 23:00:00,24.16
2017-11-13 00:00:00,23.501
2017-11-13 01:00:00,23.281
2017-11-13 02:00:00,23.281
2017-11-13 03:00:00,23.0615
2017-11-13 04:00:00,22.842
2017-11-13 05:00:00,22.842
2017-11-13 06:00:00,22.402
2017-11-13 07:00:00,22.402
2017-11-13 08:00:00,22.402
2017-11-13 09:00:00,22.842
2017-11-13 10:00:00,23.721
2017-11-13 11:00:00,24.16
2017-11-13 12:00:00,24.8195
2017-11-13 13:00:00,25.6985
2017-11-13 14:00:00,25.6985
2017-11-13 15:00:00,25.479
2017-11-13 16:00:00,24.8195
2017-11-13 17:00:00,23.281
2017-11-13 18:00:00,23.281
2017-11-13 19:00:00,23.0615
2017-11-13 20:00:00,22.842
2017-11-13 21:00:00,22.842
2017-11-13 22:00:00,22.842
2017-11-13 23:00:00,22.622
2017-11-14 00:00:00,22.622
2017-11-14 01:00:00,22.402
2017-11-14 02:00:00,22.402
2017-11-14 03:00:00,21.963
2017-11-14 04:00:00,21.963
2017-11-14 05:00:00,21.743
2017-11-14 06:00:00,21.523
2017-11-14 07:00:00,21.523
2017-11-14 08:00:00,21.523
2017-11-14 09:00:00,23.0615
2017-11-14 10:00:00,24.38
2017-11-14 11:00:00,25.259
2017-11-14 12:00:00,25.6985
2017-11-14 13:00:00,26.1375
2017-11-14 14:00:00,26.577
2017-11-14 15:00:00,27.0165
2017-11-14 16:00:00,26.357
2017-11-14 17:00:00,25.479
2017-11-14 18:00:00,24.6
2017-11-14 19:00:00,23.721
2017-11-14 20:00:00,23.281
2017-11-14 21:00:00,22.842
2017-11-14 22:00:00,22.402
2017-11-14 23:00:00,22.1825
2017-11-15 00:00:00,21.963
2017-11-15 01:00:00,21.743
2017-11-15 02:00:00,21.743
2017-11-15 03:00:00,21.523
2017-11-15 04:00:00,20.8645
2017-11-15 05:00:00,19.9855
2017-11-15 06:00:00,19.326
2017-11-15 07:00:00,18.667
2017-11-15 08:00:00,18.667
2017-11-15 09:00:00,20.6445
2017-11-15 10:00:00,23.2815
2017-11-15 11:00:00,25.918
2017-11-15 12:00:00,28.335
2017-11-15 13:00:00,30.5325
2017-11-15 14:00:00,31.8505
2017-11-15 15:00:00,31.8505
2017-11-15 16:00:00,30.9715
2017-11-15 17:00:00,29.214
2017-11-15 18:00:00,26.797
2017-11-15 19:00:00,25.039
2017-11-15 20:00:00,23.501
2017-11-15 21:00:00,22.402
2017-11-15 22:00:00,21.963
2017-11-15 23:00:00,21.743
2017-11-16 00:00:00,21.3035
2017-11-16 01:00:00,21.3035
2017-11-16 02:00:00,20.8645
2017-11-16 03:00:00,20.645
2017-11-16 04:00:00,20.645
2017-11-16 05:00:00,20.645
2017-11-16 06:00:00,20.8645
2017-11-16 07:00:00,20.8645
2017-11-16 08:00:00,21.084
2017-11-16 09:00:00,21.743
2017-11-16 10:00:00,22.1825
2017-11-16 11:00:00,22.622
2017-11-16 12:00:00,23.0615
2017-11-16 13:00:00,23.0615
2017-11-16 14:00:00,23.281
2017-11-16 15:00:00,23.501
2017-11-16 16:00:00,23.501
2017-11-16 17:00:00,23.501
2017-11-16 18:00:00,23.501
2017-11-16 19:00:00,23.501
2017-11-16 20:00:00,23.281
2017-11-16 21:00:00,23.281
2017-11-16 22:00:00,23.501
2017-11-16 23:00:00,23.501
2017-11-17 00:00:00,23.281
2017-11-17 01:00:00,23.281
2017-11-17 02:00:00,23.281
2017-11-17 03:00:00,23.281
2017-11-17 04:00:00,23.281
2017-11-17 05:00:00,23.281
2017-11-17 06:00:00,23.281
2017-11-17 07:00:00,23.281
2017-11-17 08:00:00,22.842
2017-11-17 09:00:00,22.842
2017-11-17 10:00:00,22.842
2017-11-17 11:00:00,21.963
2017-11-17 12:00:00,21.743
2017-11-17 13:00:00,21.743
2017-11-17 14:00:00,21.743
2017-11-17 15:00:00,22.1825
2017-11-17 16:00:00,22.622
2017-11-17 17:00:00,21.963
2017-11-17 18:00:00,21.523
2017-11-17 19:00:00,21.523
2017-11-17 20:00:00,22.1825
2017-11-17 21:00:00,22.1825
2017-11-17 22:00:00,20.645
2017-11-17 23:00:00,18.2275
2017-11-18 00:00:00,16.689
2017-11-18 01:00:00,15.811
2017-11-18 02:00:00,15.371
2017-11-18 03:00:00,14.932
2017-11-18 04:00:00,14.492
2017-11-18 05:00:00,14.2725
2017-11-18 06:00:00,14.2725
2017-11-18 07:00:00,14.2725
2017-11-18 08:00:00,14.492
2017-11-18 09:00:00,14.712
2017-11-18 10:00:00,14.932
2017-11-18 11:00:00,15.811
2017-11-18 12:00:00,16.689
2017-11-18 13:00:00,17.3485
2017-11-18 14:00:00,17.788
2017-11-18 15:00:00,17.568
2017-11-18 16:00:00,16.689
2017-11-18 17:00:00,15.811
2017-11-18 18:00:00,15.1515
2017-11-18 19:00:00,14.4925
2017-11-18 20:00:00,13.833
2017-11-18 21:00:00,13.1735
2017-11-18 22:00:00,12.5145
2017-11-18 23:00:00,12.075
2017-11-19 00:00:00,11.1965
2017-11-19 01:00:00,10.757
2017-11-19 02:00:00,10.3175
2017-11-19 03:00:00,9.6585
2017-11-19 04:00:00,9.2185
2017-11-19 05:00:00,8.5595
2017-11-19 06:00:00,8.12
2017-11-19 07:00:00,8.12
2017-11-19 08:00:00,8.999
2017-11-19 09:00:00,10.0975
2017-11-19 10:00:00,11.8555
2017-11-19 11:00:00,14.712
2017-11-19 12:00:00,16.47
2017-11-19 13:00:00,17.1285
2017-11-19 14:00:00,18.2275
2017-11-19 15:00:00,18.0075
2017-11-19 16:00:00,17.1285
2017-11-19 17:00:00,16.909
2017-11-19 18:00:00,16.4695
2017-11-19 19:00:00,16.4695
2017-11-19 20:00:00,16.25
2017-11-19 21:00:00,16.0305
2017-11-19 22:00:00,16.0305
2017-11-19 23:00:00,16.0305
2017-11-20 00:00:00,15.371
2017-11-20 01:00:00,14.492
2017-11-20 02:00:00,13.833
2017-11-20 03:00:00,13.613
2017-11-20 04:00:00,13.613
2017-11-20 05:00:00,13.833
2017-11-20 06:00:00,13.833
2017-11-20 07:00:00,13.833
2017-11-20 08:00:00,13.833
2017-11-20 09:00:00,15.591
2017-11-20 10:00:00,18.4475
2017-11-20 11:00:00,20.864
2017-11-20 12:00:00,20.2055
2017-11-20 13:00:00,19.546
2017-11-20 14:00:00,19.1065
2017-11-20 15:00:00,19.1065
2017-11-20 16:00:00,19.546
2017-11-20 17:00:00,18.667
2017-11-20 18:00:00,17.129
2017-11-20 19:00:00,15.811
2017-11-20 20:00:00,14.712
2017-11-20 21:00:00,14.053
2017-11-20 22:00:00,13.833
2017-11-20 23:00:00,13.3935
2017-11-21 00:00:00,12.954
2017-11-21 01:00:00,12.5145
2017-11-21 02:00:00,12.075
2017-11-21 03:00:00,11.416
2017-11-21 04:00:00,10.9765
2017-11-21 05:00:00,10.5375
2017-11-21 06:00:00,10.757
2017-11-21 07:00:00,10.9765
2017-11-21 08:00:00,11.6355
2017-11-21 09:00:00,13.6135
2017-11-21 10:00:00,15.3715
2017-11-21 11:00:00,16.6895
2017-11-21 12:00:00,17.1285
2017-11-21 13:00:00,17.3485
2017-11-21 14:00:00,17.568
2017-11-21 15:00:00,17.568
2017-11-21 16:00:00,17.3485
2017-11-21 17:00:00,17.3485
2017-11-21 18:00:00,16.909
2017-11-21 19:00:00,16.909
2017-11-21 20:00:00,16.909
2017-11-21 21:00:00,16.4695
2017-11-21 22:00:00,16.25
2017-11-21 23:00:00,16.25
2017-11-22 00:00:00,16.25
2017-11-22 01:00:00,16.25
2017-11-22 02:00:00,16.25
2017-11-22 03:00:00,16.0305
2017-11-22 04:00:00,15.811
2017-11-22 05:00:00,15.371
2017-11-22 06:00:00,14.932
2017-11-22 07:00:00,14.492
2017-11-22 08:00:00,14.492
2017-11-22 09:00:00,16.4695
2017-11-22 10:00:00,19.1065
2017-11-22 11:00:00,22.183
2017-11-22 12:00:00,24.38
2017-11-22 13:00:00,25.918
2017-11-22 14:00:00,26.797
2017-11-22 15:00:00,25.039
2017-11-22 16:00:00,23.9405
2017-11-22 17:00:00,22.622
2017-11-22 18:00:00,21.523
2017-11-22 19:00:00,20.645
2017-11-22 20:00:00,19.9855
2017-11-22 21:00:00,19.326
2017-11-22 22:00:00,18.887
2017-11-22 23:00:00,18.447
2017-11-23 00:00:00,18.008
2017-11-23 01:00:00,17.568
2017-11-23 02:00:00,17.129
2017-11-23 03:00:00,16.0305
2017-11-23 04:00:00,14.712
2017-11-23 05:00:00,13.613
2017-11-23 06:00:00,12.734
2017-11-23 07:00:00,12.075
2017-11-23 08:00:00,12.075
2017-11-23 09:00:00,14.0525
2017-11-23 10:00:00,17.5685
2017-11-23 11:00:00,20.8645
2017-11-23 12:00:00,22.4025
2017-11-23 13:00:00,24.16
2017-11-23 14:00:00,25.698
2017-11-23 15:00:00,25.698
2017-11-23 16:00:00,24.16
2017-11-23 17:00:00,21.9625
2017-11-23 18:00:00,19.766
2017-11-23 19:00:00,17.788
2017-11-23 20:00:00,16.25
2017-11-23 21:00:00,14.712
2017-11-23 22:00:00,13.613
2017-11-23 23:00:00,12.954
2017-11-24 00:00:00,12.295
2017-11-24 01:00:00,11.6355
2017-11-24 02:00:00,10.757
2017-11-24 03:00:00,10.3175
2017-11-24 04:00:00,9.878
2017-11-24 05:00:00,8.999
2017-11-24 06:00:00,8.5595
2017-11-24 07:00:00,8.5595
2017-11-24 08:00:00,8.7795
2017-11-24 09:00:00,11.8555
2017-11-24 10:00:00,15.8105
2017-11-24 11:00:00,20.205
2017-11-24 12:00:00,23.281
2017-11-24 13:00:00,25.4785
2017-11-24 14:00:00,25.918
2017-11-24 15:00:00,24.8195
2017-11-24 16:00:00,23.7205
2017-11-24 17:00:00,22.1825
2017-11-24 18:00:00,20.425
2017-11-24 19:00:00,18.887
2017-11-24 20:00:00,17.788
2017-11-24 21:00:00,16.909
2017-11-24 22:00:00,16.0305
2017-11-24 23:00:00,15.811
2017-11-25 00:00:00,15.591
2017-11-25 01:00:00,15.591
2017-11-25 02:00:00,15.591
2017-11-25 03:00:00,15.1515
2017-11-25 04:00:00,14.712
2017-11-25 05:00:00,13.833
2017-11-25 06:00:00,12.954
2017-11-25 07:00:00,12.5145
2017-11-25 08:00:00,12.5145
2017-11-25 09:00:00,15.1515
2017-11-25 10:00:00,18.667
2017-11-25 11:00:00,22.402
2017-11-25 12:00:00,24.6
2017-11-25 13:00:00,25.4785
2017-11-25 14:00:00,26.3575
2017-11-25 15:00:00,25.918
2017-11-25 16:00:00,24.8195
2017-11-25 17:00:00,23.501
2017-11-25 18:00:00,21.743
2017-11-25 19:00:00,20.205
2017-11-25 20:00:00,18.887
2017-11-25 21:00:00,18.447
2017-11-25 22:00:00,18.2275
2017-11-25 23:00:00,18.008
2017-11-26 00:00:00,18.008
2017-11-26 01:00:00,18.008
2017-11-26 02:00:00,17.129
2017-11-26 03:00:00,16.0305
2017-11-26 04:00:00,14.932
2017-11-26 05:00:00,14.053
2017-11-26 06:00:00,13.613
2017-11-26 07:00:00,12.954
2017-11-26 08:00:00,12.954
2017-11-26 09:00:00,15.8105
2017-11-26 10:00:00,19.546
2017-11-26 11:00:00,23.501
2017-11-26 12:00:00,26.138
2017-11-26 13:00:00,28.7745
2017-11-26 14:00:00,30.532
2017-11-26 15:00:00,30.3125
2017-11-26 16:00:00,28.7745
2017-11-26 17:00:00,26.1375
2017-11-26 18:00:00,23.721
2017-11-26 19:00:00,21.963
2017-11-26 20:00:00,20.645
2017-11-26 21:00:00,19.766
2017-11-26 22:00:00,18.667
2017-11-26 23:00:00,18.2275
2017-11-27 00:00:00,17.3485
2017-11-27 01:00:00,16.909
2017-11-27 02:00:00,16.4695
2017-11-27 03:00:00,16.0305
2017-11-27 04:00:00,15.811
2017-11-27 05:00:00,15.371
2017-11-27 06:00:00,14.712
2017-11-27 07:00:00,14.2725
2017-11-27 08:00:00,14.4925
2017-11-27 09:00:00,16.25
2017-11-27 10:00:00,19.1065
2017-11-27 11:00:00,21.963
2017-11-27 12:00:00,23.721
2017-11-27 13:00:00,25.2585
2017-11-27 14:00:00,27.0165
2017-11-27 15:00:00,26.577
2017-11-27 16:00:00,25.4785
2017-11-27 17:00:00,23.9405
2017-11-27 18:00:00,22.842
2017-11-27 19:00:00,21.963
2017-11-27 20:00:00,21.3035
2017-11-27 21:00:00,20.8645
2017-11-27 22:00:00,20.425
2017-11-27 23:00:00,19.9855
2017-11-28 00:00:00,19.9855
2017-11-28 01:00:00,19.766
2017-11-28 02:00:00,18.887
2017-11-28 03:00:00,18.447
2017-11-28 04:00:00,18.2275
2017-11-28 05:00:00,18.008
2017-11-28 06:00:00,18.008
2017-11-28 07:00:00,18.008
2017-11-28 08:00:00,18.447
2017-11-28 09:00:00,19.326
2017-11-28 10:00:00,19.766
2017-11-28 11:00:00,20.205
2017-11-28 12:00:00,21.084
2017-11-28 13:00:00,22.1825
2017-11-28 14:00:00,22.622
2017-11-28 15:00:00,23.281
2017-11-28 16:00:00,23.501
2017-11-28 17:00:00,23.721
2017-11-28 18:00:00,22.842
2017-11-28 19:00:00,21.963
2017-11-28 20:00:00,20.645
2017-11-28 21:00:00,20.205
2017-11-28 22:00:00,19.766
2017-11-28 23:00:00,19.546
2017-11-29 00:00:00,19.1065
2017-11-29 01:00:00,19.1065
2017-11-29 02:00:00,19.1065
2017-11-29 03:00:00,18.887
2017-11-29 04:00:00,18.887
2017-11-29 05:00:00,18.447
2017-11-29 06:00:00,18.008
2017-11-29 07:00:00,17.568
2017-11-29 08:00:00,17.3485
2017-11-29 09:00:00,17.3485
2017-11-29 10:00:00,17.3485
2017-11-29 11:00:00,17.788
2017-11-29 12:00:00,18.4475
2017-11-29 13:00:00,19.3265
2017-11-29 14:00:00,19.3265
2017-11-29 15:00:00,19.1065
2017-11-29 16:00:00,18.887
2017-11-29 17:00:00,18.667
2017-11-29 18:00:00,18.447
2017-11-29 19:00:00,18.2275
2017-11-29 20:00:00,18.008
2017-11-29 21:00:00,17.788
2017-11-29 22:00:00,17.568
2017-11-29 23:00:00,16.909
2017-11-30 00:00:00,16.4695
2017-11-30 01:00:00,16.25
2017-11-30 02:00:00,15.811
2017-11-30 03:00:00,14.932
2017-11-30 04:00:00,13.613
2017-11-30 05:00:00,13.174
2017-11-30 06:00:00,13.174
2017-11-30 07:00:00,13.613
2017-11-30 08:00:00,13.613
2017-11-30 09:00:00,13.613
2017-11-30 10:00:00,13.613
2017-11-30 11:00:00,13.613
2017-11-30 12:00:00,14.053
2017-11-30 13:00:00,14.932
2017-11-30 14:00:00,15.371
2017-11-30 15:00:00,15.591
2017-11-30 16:00:00,16.0305
2017-11-30 17:00:00,16.0305
2017-11-30 18:00:00,16.0305
2017-11-30 19:00:00,16.0305
2017-11-30 20:00:00,16.0305
2017-11-30 21:00:00,15.811
2017-11-30 22:00:00,15.591
2017-11-30 23:00:00,15.371
2017-12-01 00:00:00,14.932
2017-12-01 01:00:00,14.492
2017-12-01 02:00:00,13.613
2017-12-01 03:00:00,12.7345
2017-12-01 04:00:00,12.075
2017-12-01 05:00:00,11.1965
2017-12-01 06:00:00,10.3175
2017-12-01 07:00:00,9.878
2017-12-01 08:00:00,9.878
2017-12-01 09:00:00,11.416
2017-12-01 10:00:00,13.1735
2017-12-01 11:00:00,15.1515
2017-12-01 12:00:00,17.568
2017-12-01 13:00:00,18.4475
2017-12-01 14:00:00,18.8865
2017-12-01 15:00:00,19.7655
2017-12-01 16:00:00,19.766
2017-12-01 17:00:00,18.4475
2017-12-01 18:00:00,17.1285
2017-12-01 19:00:00,15.591
2017-12-01 20:00:00,14.492
2017-12-01 21:00:00,13.3935
2017-12-01 22:00:00,12.5145
2017-12-01 23:00:00,12.075
2017-12-02 00:00:00,12.075
2017-12-02 01:00:00,12.075
2017-12-02 02:00:00,11.6355
2017-12-02 03:00:00,10.757
2017-12-02 04:00:00,10.537
2017-12-02 05:00:00,10.757
2017-12-02 06:00:00,10.757
2017-12-02 07:00:00,11.1965
2017-12-02 08:00:00,11.855
2017-12-02 09:00:00,12.5145
2017-12-02 10:00:00,13.3935
2017-12-02 11:00:00,14.492
2017-12-02 12:00:00,16.25
2017-12-02 13:00:00,17.788
2017-12-02 14:00:00,19.546
2017-12-02 15:00:00,19.766
2017-12-02 16:00:00,19.766
2017-12-02 17:00:00,18.887
2017-12-02 18:00:00,17.3485
2017-12-02 19:00:00,16.4695
2017-12-02 20:00:00,15.371
2017-12-02 21:00:00,14.2725
2017-12-02 22:00:00,13.833
2017-12-02 23:00:00,13.3935
2017-12-03 00:00:00,12.5145
2017-12-03 01:00:00,12.075
2017-12-03 02:00:00,11.6355
2017-12-03 03:00:00,11.1965
2017-12-03 04:00:00,10.757
2017-12-03 05:00:00,10.537
2017-12-03 06:00:00,10.3175
2017-12-03 07:00:00,9.878
2017-12-03 08:00:00,9.878
2017-12-03 09:00:00,12.5145
2017-12-03 10:00:00,15.591
2017-12-03 11:00:00,18.667
2017-12-03 12:00:00,21.5235
2017-12-03 13:00:00,24.3795
2017-12-03 14:00:00,25.039
2017-12-03 15:00:00,23.2815
2017-12-03 16:00:00,22.1825
2017-12-03 17:00:00,21.3035
2017-12-03 18:00:00,19.9855
2017-12-03 19:00:00,19.1065
2017-12-03 20:00:00,18.447
2017-12-03 21:00:00,18.008
2017-12-03 22:00:00,17.3485
2017-12-03 23:00:00,16.909
2017-12-04 00:00:00,16.0305
2017-12-04 01:00:00,15.371
2017-12-04 02:00:00,14.2725
2017-12-04 03:00:00,13.833
2017-12-04 04:00:00,12.954
2017-12-04 05:00:00,12.5145
2017-12-04 06:00:00,12.5145
2017-12-04 07:00:00,12.5145
2017-12-04 08:00:00,12.954
2017-12-04 09:00:00,14.2725
2017-12-04 10:00:00,16.0305
2017-12-04 11:00:00,18.0075
2017-12-04 12:00:00,18.8865
2017-12-04 13:00:00,20.425
2017-12-04 14:00:00,21.743
2017-12-04 15:00:00,21.743
2017-12-04 16:00:00,21.084
2017-12-04 17:00:00,19.546
2017-12-04 18:00:00,18.2275
2017-12-04 19:00:00,16.909
2017-12-04 20:00:00,16.0305
2017-12-04 21:00:00,15.1515
2017-12-04 22:00:00,14.712
2017-12-04 23:00:00,14.0525
2017-12-05 00:00:00,13.833
2017-12-05 01:00:00,13.3935
2017-12-05 02:00:00,12.7345
2017-12-05 03:00:00,12.075
2017-12-05 04:00:00,10.9765
2017-12-05 05:00:00,9.878
2017-12-05 06:00:00,8.999
2017-12-05 07:00:00,8.3395
2017-12-05 08:00:00,8.12
2017-12-05 09:00:00,10.5375
2017-12-05 10:00:00,13.3935
2017-12-05 11:00:00,17.129
2017-12-05 12:00:00,19.326
2017-12-05 13:00:00,20.6445
2017-12-05 14:00:00,21.304
2017-12-05 15:00:00,20.4245
2017-12-05 16:00:00,18.667
2017-12-05 17:00:00,16.909
2017-12-05 18:00:00,14.712
2017-12-05 19:00:00,13.3935
2017-12-05 20:00:00,12.075
2017-12-05 21:00:00,10.757
2017-12-05 22:00:00,9.878
2017-12-05 23:00:00,9.4385
2017-12-06 00:00:00,8.999
2017-12-06 01:00:00,8.3395
2017-12-06 02:00:00,7.6805
2017-12-06 03:00:00,7.0215
2017-12-06 04:00:00,6.1425
2017-12-06 05:00:00,5.923
2017-12-06 06:00:00,5.4835
2017-12-06 07:00:00,5.4835
2017-12-06 08:00:00,6.3625
2017-12-06 09:00:00,8.779
2017-12-06 10:00:00,11.8555
2017-12-06 11:00:00,15.3715
2017-12-06 12:00:00,15.371
2017-12-06 13:00:00,15.591
2017-12-06 14:00:00,17.129
2017-12-06 15:00:00,18.2275
2017-12-06 16:00:00,17.568
2017-12-06 17:00:00,16.909
2017-12-06 18:00:00,15.811
2017-12-06 19:00:00,14.712
2017-12-06 20:00:00,13.3935
2017-12-06 21:00:00,12.075
2017-12-06 22:00:00,11.1965
2017-12-06 23:00:00,10.3175
2017-12-07 00:00:00,9.4385
2017-12-07 01:00:00,8.5595
2017-12-07 02:00:00,8.12
2017-12-07 03:00:00,8.12
2017-12-07 04:00:00,8.12
2017-12-07 05:00:00,8.12
2017-12-07 06:00:00,8.12
2017-12-07 07:00:00,8.5595
2017-12-07 08:00:00,8.999
2017-12-07 09:00:00,10.3175
2017-12-07 10:00:00,11.6355
2017-12-07 11:00:00,12.954
2017-12-07 12:00:00,13.833
2017-12-07 13:00:00,14.2725
2017-12-07 14:00:00,15.591
2017-12-07 15:00:00,16.6895
2017-12-07 16:00:00,16.909
2017-12-07 17:00:00,16.25
2017-12-07 18:00:00,15.3715
2017-12-07 19:00:00,14.2725
2017-12-07 20:00:00,12.954
2017-12-07 21:00:00,12.075
2017-12-07 22:00:00,11.416
2017-12-07 23:00:00,10.757
2017-12-08 00:00:00,9.878
2017-12-08 01:00:00,8.999
2017-12-08 02:00:00,8.5595
2017-12-08 03:00:00,7.9
2017-12-08 04:00:00,7.9
2017-12-08 05:00:00,7.6805
2017-12-08 06:00:00,7.6805
2017-12-08 07:00:00,7.241
2017-12-08 08:00:00,6.8015
2017-12-08 09:00:00,9.4385
2017-12-08 10:00:00,12.2945
2017-12-08 11:00:00,15.591
2017-12-08 12:00:00,17.5685
2017-12-08 13:00:00,19.106
2017-12-08 14:00:00,19.7655
2017-12-08 15:00:00,18.8865
2017-12-08 16:00:00,17.3485
2017-12-08 17:00:00,15.1515
2017-12-08 18:00:00,13.1735
2017-12-08 19:00:00,11.416
2017-12-08 20:00:00,9.878
2017-12-08 21:00:00,8.5595
2017-12-08 22:00:00,7.6805
2017-12-08 23:00:00,6.8015
2017-12-09 00:00:00,6.3625
2017-12-09 01:00:00,6.1425
2017-12-09 02:00:00,5.4835
2017-12-09 03:00:00,5.044
2017-12-09 04:00:00,4.8245
2017-12-09 05:00:00,4.6045
2017-12-09 06:00:00,4.6045
2017-12-09 07:00:00,4.165
2017-12-09 08:00:00,4.6045
2017-12-09 09:00:00,6.143
2017-12-09 10:00:00,7.9
2017-12-09 11:00:00,11.416
2017-12-09 12:00:00,14.2725
2017-12-09 13:00:00,15.8105
2017-12-09 14:00:00,18.2275
2017-12-09 15:00:00,18.667
2017-12-09 16:00:00,17.5685
2017-12-09 17:00:00,16.25
2017-12-09 18:00:00,15.371
2017-12-09 19:00:00,14.492
2017-12-09 20:00:00,13.3935
2017-12-09 21:00:00,12.075
2017-12-09 22:00:00,11.416
2017-12-09 23:00:00,10.757
2017-12-10 00:00:00,10.3175
2017-12-10 01:00:00,9.878
2017-12-10 02:00:00,10.3175
2017-12-10 03:00:00,10.977
2017-12-10 04:00:00,11.416
2017-12-10 05:00:00,11.6355
2017-12-10 06:00:00,11.855
2017-12-10 07:00:00,11.855
2017-12-10 08:00:00,12.2945
2017-12-10 09:00:00,13.3935
2017-12-10 10:00:00,15.371
2017-12-10 11:00:00,18.887
2017-12-10 12:00:00,21.3035
2017-12-10 13:00:00,22.842
2017-12-10 14:00:00,24.16
2017-12-10 15:00:00,23.501
2017-12-10 16:00:00,21.963
2017-12-10 17:00:00,19.9855
2017-12-10 18:00:00,18.4475
2017-12-10 19:00:00,17.1285
2017-12-10 20:00:00,15.591
2017-12-10 21:00:00,14.053
2017-12-10 22:00:00,12.954
2017-12-10 23:00:00,11.6355
2017-12-11 00:00:00,10.757
2017-12-11 01:00:00,9.878
2017-12-11 02:00:00,8.999
2017-12-11 03:00:00,8.12
2017-12-11 04:00:00,7.241
2017-12-11 05:00:00,6.3625
2017-12-11 06:00:00,5.923
2017-12-11 07:00:00,5.2635
2017-12-11 08:00:00,5.2635
2017-12-11 09:00:00,7.6805
2017-12-11 10:00:00,11.636
2017-12-11 11:00:00,16.25
2017-12-11 12:00:00,19.326
2017-12-11 13:00:00,21.963
2017-12-11 14:00:00,24.3795
2017-12-11 15:00:00,24.16
2017-12-11 16:00:00,23.281
2017-12-11 17:00:00,20.425
2017-12-11 18:00:00,18.008
2017-12-11 19:00:00,15.811
2017-12-11 20:00:00,13.833
2017-12-11 21:00:00,12.5145
2017-12-11 22:00:00,11.416
2017-12-11 23:00:00,10.5375
2017-12-12 00:00:00,9.878
2017-12-12 01:00:00,9.878
2017-12-12 02:00:00,9.878
2017-12-12 03:00:00,9.878
2017-12-12 04:00:00,9.4385
2017-12-12 05:00:00,8.999
2017-12-12 06:00:00,8.3395
2017-12-12 07:00:00,8.12
2017-12-12 08:00:00,7.9005
2017-12-12 09:00:00,8.999
2017-12-12 10:00:00,10.757
2017-12-12 11:00:00,13.3935
2017-12-12 12:00:00,15.591
2017-12-12 13:00:00,17.5685
2017-12-12 14:00:00,19.1065
2017-12-12 15:00:00,19.3265
2017-12-12 16:00:00,17.788
2017-12-12 17:00:00,15.8105
2017-12-12 18:00:00,14.0525
2017-12-12 19:00:00,12.7345
2017-12-12 20:00:00,11.6355
2017-12-12 21:00:00,10.757
2017-12-12 22:00:00,10.3175
2017-12-12 23:00:00,10.0975
2017-12-13 00:00:00,9.878
2017-12-13 01:00:00,9.6585
2017-12-13 02:00:00,9.6585
2017-12-13 03:00:00,9.2185
2017-12-13 04:00:00,9.2185
2017-12-13 05:00:00,8.7795
2017-12-13 06:00:00,8.3395
2017-12-13 07:00:00,8.3395
2017-12-13 08:00:00,8.12
2017-12-13 09:00:00,10.0975
2017-12-13 10:00:00,11.8555
2017-12-13 11:00:00,12.075
2017-12-13 12:00:00,12.2945
2017-12-13 13:00:00,14.2725
2017-12-13 14:00:00,15.1515
2017-12-13 15:00:00,14.9315
2017-12-13 16:00:00,14.4925
2017-12-13 17:00:00,14.2725
2017-12-13 18:00:00,14.2725
2017-12-13 19:00:00,14.0525
2017-12-13 20:00:00,13.833
2017-12-13 21:00:00,13.1735
2017-12-13 22:00:00,11.8555
2017-12-13 23:00:00,10.757
2017-12-14 00:00:00,9.878
2017-12-14 01:00:00,9.6585
2017-12-14 02:00:00,9.6585
2017-12-14 03:00:00,9.2185
2017-12-14 04:00:00,8.7795
2017-12-14 05:00:00,8.7795
2017-12-14 06:00:00,8.3395
2017-12-14 07:00:00,7.9005
2017-12-14 08:00:00,7.9005
2017-12-14 09:00:00,7.9005
2017-12-14 10:00:00,8.7795
2017-12-14 11:00:00,9.2185
2017-12-14 12:00:00,9.6585
2017-12-14 13:00:00,10.5375
2017-12-14 14:00:00,10.9765
2017-12-14 15:00:00,10.9765
2017-12-14 16:00:00,10.9765
2017-12-14 17:00:00,10.9765
2017-12-14 18:00:00,11.8555
2017-12-14 19:00:00,11.8555
2017-12-14 20:00:00,12.2945
2017-12-14 21:00:00,12.5145
2017-12-14 22:00:00,12.7345
2017-12-14 23:00:00,13.1735
2017-12-15 00:00:00,13.1735
2017-12-15 01:00:00,13.1735
2017-12-15 02:00:00,13.3935
2017-12-15 03:00:00,13.3935
2017-12-15 04:00:00,13.174
2017-12-15 05:00:00,12.954
2017-12-15 06:00:00,12.075
2017-12-15 07:00:00,11.6355
2017-12-15 08:00:00,11.6355
2017-12-15 09:00:00,11.6355
2017-12-15 10:00:00,11.6355
2017-12-15 11:00:00,11.855
2017-12-15 12:00:00,12.075
2017-12-15 13:00:00,12.5145
2017-12-15 14:00:00,12.5145
2017-12-15 15:00:00,12.5145
2017-12-15 16:00:00,12.5145
2017-12-15 17:00:00,12.5145
2017-12-15 18:00:00,12.5145
2017-12-15 19:00:00,12.5145
2017-12-15 20:00:00,12.734
2017-12-15 21:00:00,12.734
2017-12-15 22:00:00,12.734
2017-12-15 23:00:00,13.174
2017-12-16 00:00:00,13.174
2017-12-16 01:00:00,13.174
2017-12-16 02:00:00,12.954
2017-12-16 03:00:00,12.295
2017-12-16 04:00:00,11.855
2017-12-16 05:00:00,11.855
2017-12-16 06:00:00,11.416
2017-12-16 07:00:00,11.416
2017-12-16 08:00:00,11.1965
2017-12-16 09:00:00,11.1965
2017-12-16 10:00:00,11.416
2017-12-16 11:00:00,12.075
2017-12-16 12:00:00,12.5145
2017-12-16 13:00:00,12.2945
2017-12-16 14:00:00,12.7345
2017-12-16 15:00:00,12.7345
2017-12-16 16:00:00,12.5145
2017-12-16 17:00:00,12.5145
2017-12-16 18:00:00,11.8555
2017-12-16 19:00:00,11.1965
2017-12-16 20:00:00,10.3175
2017-12-16 21:00:00,9.4385
2017-12-16 22:00:00,8.5595
2017-12-16 23:00:00,8.12
2017-12-17 00:00:00,7.6805
2017-12-17 01:00:00,7.0215
2017-12-17 02:00:00,6.1425
2017-12-17 03:00:00,5.2635
2017-12-17 04:00:00,4.3845
2017-12-17 05:00:00,3.7255
2017-12-17 06:00:00,3.0665
2017-12-17 07:00:00,2.627
2017-12-17 08:00:00,2.627
2017-12-17 09:00:00,5.2635
2017-12-17 10:00:00,8.5595
2017-12-17 11:00:00,12.515
2017-12-17 12:00:00,14.9315
2017-12-17 13:00:00,16.25
2017-12-17 14:00:00,18.008
2017-12-17 15:00:00,17.5685
2017-12-17 16:00:00,16.47
2017-12-17 17:00:00,14.053
2017-12-17 18:00:00,11.8555
2017-12-17 19:00:00,9.878
2017-12-17 20:00:00,8.7795
2017-12-17 21:00:00,7.9005
2017-12-17 22:00:00,7.241
2017-12-17 23:00:00,6.582
2017-12-18 00:00:00,6.1425
2017-12-18 01:00:00,5.4835
2017-12-18 02:00:00,4.8245
2017-12-18 03:00:00,4.3845
2017-12-18 04:00:00,3.5055
2017-12-18 05:00:00,3.0665
2017-12-18 06:00:00,2.627
2017-12-18 07:00:00,2.627
2017-12-18 08:00:00,2.627
2017-12-18 09:00:00,5.2635
2017-12-18 10:00:00,8.7795
2017-12-18 11:00:00,12.5145
2017-12-18 12:00:00,14.712
2017-12-18 13:00:00,16.25
2017-12-18 14:00:00,18.2275
2017-12-18 15:00:00,18.667
2017-12-18 16:00:00,18.4475
2017-12-18 17:00:00,16.6895
2017-12-18 18:00:00,14.712
2017-12-18 19:00:00,12.954
2017-12-18 20:00:00,11.6355
2017-12-18 21:00:00,10.757
2017-12-18 22:00:00,10.3175
2017-12-18 23:00:00,9.878
2017-12-19 00:00:00,9.4385
2017-12-19 01:00:00,8.7795
2017-12-19 02:00:00,7.9005
2017-12-19 03:00:00,7.4605
2017-12-19 04:00:00,6.582
2017-12-19 05:00:00,6.1425
2017-12-19 06:00:00,5.7035
2017-12-19 07:00:00,5.044
2017-12-19 08:00:00,4.8245
2017-12-19 09:00:00,7.0215
2017-12-19 10:00:00,10.757
2017-12-19 11:00:00,14.712
2017-12-19 12:00:00,17.5685
2017-12-19 13:00:00,19.326
2017-12-19 14:00:00,20.864
2017-12-19 15:00:00,20.4245
2017-12-19 16:00:00,19.546
2017-12-19 17:00:00,17.5685
2017-12-19 18:00:00,15.3715
2017-12-19 19:00:00,13.3935
2017-12-19 20:00:00,11.8555
2017-12-19 21:00:00,10.757
2017-12-19 22:00:00,9.878
2017-12-19 23:00:00,8.999
2017-12-20 00:00:00,8.3395
2017-12-20 01:00:00,7.9005
2017-12-20 02:00:00,7.241
2017-12-20 03:00:00,6.582
2017-12-20 04:00:00,6.1425
2017-12-20 05:00:00,5.4835
2017-12-20 06:00:00,5.044
2017-12-20 07:00:00,4.6045
2017-12-20 08:00:00,4.3845
2017-12-20 09:00:00,6.8015
2017-12-20 10:00:00,10.0975
2017-12-20 11:00:00,13.174
2017-12-20 12:00:00,16.47
2017-12-20 13:00:00,18.667
2017-12-20 14:00:00,21.084
2017-12-20 15:00:00,21.084
2017-12-20 16:00:00,20.425
2017-12-20 17:00:00,18.667
2017-12-20 18:00:00,17.3485
2017-12-20 19:00:00,15.8105
2017-12-20 20:00:00,14.2725
2017-12-20 21:00:00,12.954
2017-12-20 22:00:00,11.6355
2017-12-20 23:00:00,10.757
2017-12-21 00:00:00,9.878
2017-12-21 01:00:00,8.999
2017-12-21 02:00:00,8.12
2017-12-21 03:00:00,7.241
2017-12-21 04:00:00,6.582
2017-12-21 05:00:00,5.923
2017-12-21 06:00:00,5.4835
2017-12-21 07:00:00,5.044
2017-12-21 08:00:00,4.8245
2017-12-21 09:00:00,7.9005
2017-12-21 10:00:00,11.416
2017-12-21 11:00:00,15.1515
2017-12-21 12:00:00,18.008
2017-12-21 13:00:00,19.7655
2017-12-21 14:00:00,22.1825
2017-12-21 15:00:00,22.1825
2017-12-21 16:00:00,21.304
2017-12-21 17:00:00,19.546
2017-12-21 18:00:00,17.788
2017-12-21 19:00:00,16.0305
2017-12-21 20:00:00,14.2725
2017-12-21 21:00:00,13.3935
2017-12-21 22:00:00,13.174
2017-12-21 23:00:00,13.174
2017-12-22 00:00:00,13.174
2017-12-22 01:00:00,12.734
2017-12-22 02:00:00,11.6355
2017-12-22 03:00:00,10.757
2017-12-22 04:00:00,9.878
2017-12-22 05:00:00,9.4385
2017-12-22 06:00:00,9.4385
2017-12-22 07:00:00,8.999
2017-12-22 08:00:00,8.5595
2017-12-22 09:00:00,11.416
2017-12-22 10:00:00,14.4925
2017-12-22 11:00:00,18.008
2017-12-22 12:00:00,21.5235
2017-12-22 13:00:00,23.9405
2017-12-22 14:00:00,26.577
2017-12-22 15:00:00,26.5775
2017-12-22 16:00:00,26.3575
2017-12-22 17:00:00,24.38
2017-12-22 18:00:00,21.743
2017-12-22 19:00:00,19.546
2017-12-22 20:00:00,18.008
2017-12-22 21:00:00,16.4695
2017-12-22 22:00:00,15.591
2017-12-22 23:00:00,15.1515
2017-12-23 00:00:00,15.1515
2017-12-23 01:00:00,15.1515
2017-12-23 02:00:00,15.1515
2017-12-23 03:00:00,14.712
2017-12-23 04:00:00,14.492
2017-12-23 05:00:00,14.2725
2017-12-23 06:00:00,13.833
2017-12-23 07:00:00,13.613
2017-12-23 08:00:00,13.3935
2017-12-23 09:00:00,13.833
2017-12-23 10:00:00,16.0305
2017-12-23 11:00:00,18.4475
2017-12-23 12:00:00,20.2055
2017-12-23 13:00:00,22.1825
2017-12-23 14:00:00,23.7205
2017-12-23 15:00:00,24.1605
2017-12-23 16:00:00,23.501
2017-12-23 17:00:00,22.402
2017-12-23 18:00:00,21.523
2017-12-23 19:00:00,20.645
2017-12-23 20:00:00,20.205
2017-12-23 21:00:00,19.766
2017-12-23 22:00:00,19.3265
2017-12-23 23:00:00,19.1065
2017-12-24 00:00:00,18.4475
2017-12-24 01:00:00,18.0075
2017-12-24 02:00:00,17.5685
2017-12-24 03:00:00,16.909
2017-12-24 04:00:00,16.0305
2017-12-24 05:00:00,15.591
2017-12-24 06:00:00,14.712
2017-12-24 07:00:00,14.2725
2017-12-24 08:00:00,13.833
2017-12-24 09:00:00,14.2725
2017-12-24 10:00:00,15.371
2017-12-24 11:00:00,16.9095
2017-12-24 12:00:00,18.667
2017-12-24 13:00:00,19.546
2017-12-24 14:00:00,19.7655
2017-12-24 15:00:00,19.7655
2017-12-24 16:00:00,19.3265
2017-12-24 17:00:00,18.008
2017-12-24 18:00:00,16.6895
2017-12-24 19:00:00,15.3715
2017-12-24 20:00:00,14.053
2017-12-24 21:00:00,12.954
2017-12-24 22:00:00,12.075
2017-12-24 23:00:00,11.6355
2017-12-25 00:00:00,10.757
2017-12-25 01:00:00,9.878
2017-12-25 02:00:00,8.7795
2017-12-25 03:00:00,7.9005
2017-12-25 04:00:00,7.241
2017-12-25 05:00:00,6.582
2017-12-25 06:00:00,5.923
2017-12-25 07:00:00,5.4835
2017-12-25 08:00:00,5.2635
2017-12-25 09:00:00,7.4605
2017-12-25 10:00:00,11.636
2017-12-25 11:00:00,15.371
2017-12-25 12:00:00,18.2275
2017-12-25 13:00:00,19.9855
2017-12-25 14:00:00,21.963
2017-12-25 15:00:00,21.3035
2017-12-25 16:00:00,19.3265
2017-12-25 17:00:00,17.568
2017-12-25 18:00:00,15.591
2017-12-25 19:00:00,13.833
2017-12-25 20:00:00,12.5145
2017-12-25 21:00:00,11.6355
2017-12-25 22:00:00,10.757
2017-12-25 23:00:00,9.878
2017-12-26 00:00:00,9.2185
2017-12-26 01:00:00,8.5595
2017-12-26 02:00:00,8.5595
2017-12-26 03:00:00,8.5595
2017-12-26 04:00:00,7.9005
2017-12-26 05:00:00,7.4605
2017-12-26 06:00:00,7.0215
2017-12-26 07:00:00,6.582
2017-12-26 08:00:00,6.1425
2017-12-26 09:00:00,7.9005
2017-12-26 10:00:00,11.196
2017-12-26 11:00:00,15.5905
2017-12-26 12:00:00,19.3265
2017-12-26 13:00:00,21.7435
2017-12-26 14:00:00,23.501
2017-12-26 15:00:00,23.501
2017-12-26 16:00:00,22.842
2017-12-26 17:00:00,21.084
2017-12-26 18:00:00,19.1065
2017-12-26 19:00:00,16.909
2017-12-26 20:00:00,15.811
2017-12-26 21:00:00,14.932
2017-12-26 22:00:00,14.2725
2017-12-26 23:00:00,13.833
2017-12-27 00:00:00,13.3935
2017-12-27 01:00:00,12.2945
2017-12-27 02:00:00,11.416
2017-12-27 03:00:00,10.5375
2017-12-27 04:00:00,10.3175
2017-12-27 05:00:00,9.4385
2017-12-27 06:00:00,8.7795
2017-12-27 07:00:00,8.5595
2017-12-27 08:00:00,8.7795
2017-12-27 09:00:00,10.0975
2017-12-27 10:00:00,12.2945
2017-12-27 11:00:00,15.1515
2017-12-27 12:00:00,17.568
2017-12-27 13:00:00,18.4475
2017-12-27 14:00:00,18.667
2017-12-27 15:00:00,18.667
2017-12-27 16:00:00,18.2275
2017-12-27 17:00:00,17.3485
2017-12-27 18:00:00,16.909
2017-12-27 19:00:00,16.6895
2017-12-27 20:00:00,16.4695
2017-12-27 21:00:00,16.4695
2017-12-27 22:00:00,16.4695
2017-12-27 23:00:00,16.4695
2017-12-28 00:00:00,16.25
2017-12-28 01:00:00,15.811
2017-12-28 02:00:00,15.811
2017-12-28 03:00:00,15.811
2017-12-28 04:00:00,15.591
2017-12-28 05:00:00,15.591
2017-12-28 06:00:00,15.591
2017-12-28 07:00:00,15.1515
2017-12-28 08:00:00,15.1515
2017-12-28 09:00:00,14.712
2017-12-28 10:00:00,14.2725
2017-12-28 11:00:00,14.053
2017-12-28 12:00:00,13.833
2017-12-28 13:00:00,14.492
2017-12-28 14:00:00,14.712
2017-12-28 15:00:00,14.932
2017-12-28 16:00:00,15.1515
2017-12-28 17:00:00,15.591
2017-12-28 18:00:00,15.811
2017-12-28 19:00:00,16.0305
2017-12-28 20:00:00,16.25
2017-12-28 21:00:00,16.25
2017-12-28 22:00:00,16.25
2017-12-28 23:00:00,16.0305
2017-12-29 00:00:00,16.0305
2017-12-29 01:00:00,15.591
2017-12-29 02:00:00,15.1515
2017-12-29 03:00:00,15.1515
2017-12-29 04:00:00,14.9315
2017-12-29 05:00:00,14.9315
2017-12-29 06:00:00,14.9315
2017-12-29 07:00:00,14.9315
2017-12-29 08:00:00,15.1515
2017-12-29 09:00:00,15.1515
2017-12-29 10:00:00,16.0305
2017-12-29 11:00:00,16.909
2017-12-29 12:00:00,18.008
2017-12-29 13:00:00,18.447
2017-12-29 14:00:00,18.667
2017-12-29 15:00:00,19.1065
2017-12-29 16:00:00,19.1065
2017-12-29 17:00:00,19.1065
2017-12-29 18:00:00,19.1065
2017-12-29 19:00:00,18.667
2017-12-29 20:00:00,18.447
2017-12-29 21:00:00,18.447
2017-12-29 22:00:00,18.2275
2017-12-29 23:00:00,18.2275
2017-12-30 00:00:00,18.2275
2017-12-30 01:00:00,18.2275
2017-12-30 02:00:00,18.0075
2017-12-30 03:00:00,17.788
2017-12-30 04:00:00,17.1285
2017-12-30 05:00:00,16.03
2017-12-30 06:00:00,16.0305
2017-12-30 07:00:00,16.0305
2017-12-30 08:00:00,16.0305
2017-12-30 09:00:00,16.25
2017-12-30 10:00:00,16.47
2017-12-30 11:00:00,16.47
2017-12-30 12:00:00,16.03
2017-12-30 13:00:00,16.25
2017-12-30 14:00:00,16.25
2017-12-30 15:00:00,15.591
2017-12-30 16:00:00,15.1515
2017-12-30 17:00:00,14.712
2017-12-30 18:00:00,14.2725
2017-12-30 19:00:00,14.0525
2017-12-30 20:00:00,13.833
2017-12-30 21:00:00,13.174
2017-12-30 22:00:00,12.5145
2017-12-30 23:00:00,12.075
2017-12-31 00:00:00,11.6355
2017-12-31 01:00:00,11.6355
2017-12-31 02:00:00,11.6355
2017-12-31 03:00:00,11.6355
2017-12-31 04:00:00,11.6355
2017-12-31 05:00:00,11.6355
2017-12-31 06:00:00,11.6355
2017-12-31 07:00:00,11.6355
2017-12-31 08:00:00,11.6355
2017-12-31 09:00:00,11.6355
2017-12-31 10:00:00,11.6355
2017-12-31 11:00:00,11.6355
2017-12-31 12:00:00,11.6355
2017-12-31 13:00:00,11.6355
2017-12-31 14:00:00,11.6355
2017-12-31 15:00:00,11.6355
2017-12-31 16:00:00,11.6355
2017-12-31 17:00:00,11.6355
2017-12-31 18:00:00,11.6355
2017-12-31 19:00:00,11.6355
2017-12-31 20:00:00,11.6355
2017-12-31 21:00:00,11.6355
2017-12-31 22:00:00,11.6355
2017-12-31 23:00:00,11.6355
2018-01-01 00:00:00,9.878
2018-01-01 01:00:00,9.878
2018-01-01 02:00:00,9.4385
2018-01-01 03:00:00,9.4385
2018-01-01 04:00:00,8.999
2018-01-01 05:00:00,8.999
2018-01-01 06:00:00,8.779
2018-01-01 07:00:00,8.34
2018-01-01 08:00:00,8.34
2018-01-01 09:00:00,9.878
2018-01-01 10:00:00,12.2945
2018-01-01 11:00:00,15.371
2018-01-01 12:00:00,18.0075
2018-01-01 13:00:00,19.3265
2018-01-01 14:00:00,21.3035
2018-01-01 15:00:00,21.5235
2018-01-01 16:00:00,20.6445
2018-01-01 17:00:00,18.8865
2018-01-01 18:00:00,17.5685
2018-01-01 19:00:00,16.0305
2018-01-01 20:00:00,15.591
2018-01-01 21:00:00,15.3715
2018-01-01 22:00:00,15.3715
2018-01-01 23:00:00,15.591
2018-01-02 00:00:00,15.591
2018-01-02 01:00:00,15.591
2018-01-02 02:00:00,15.371
2018-01-02 03:00:00,15.1515
2018-01-02 04:00:00,14.932
2018-01-02 05:00:00,14.932
2018-01-02 06:00:00,14.492
2018-01-02 07:00:00,14.492
2018-01-02 08:00:00,14.712
2018-01-02 09:00:00,15.1515
2018-01-02 10:00:00,16.25
2018-01-02 11:00:00,17.1285
2018-01-02 12:00:00,17.788
2018-01-02 13:00:00,18.667
2018-01-02 14:00:00,19.7655
2018-01-02 15:00:00,19.7655
2018-01-02 16:00:00,19.546
2018-01-02 17:00:00,19.1065
2018-01-02 18:00:00,18.667
2018-01-02 19:00:00,18.2275
2018-01-02 20:00:00,17.788
2018-01-02 21:00:00,17.1285
2018-01-02 22:00:00,16.909
2018-01-02 23:00:00,16.4695
2018-01-03 00:00:00,16.25
2018-01-03 01:00:00,15.1515
2018-01-03 02:00:00,14.492
2018-01-03 03:00:00,13.3935
2018-01-03 04:00:00,12.5145
2018-01-03 05:00:00,11.6355
2018-01-03 06:00:00,11.1965
2018-01-03 07:00:00,10.757
2018-01-03 08:00:00,10.5375
2018-01-03 09:00:00,10.3175
2018-01-03 10:00:00,11.1965
2018-01-03 11:00:00,11.1965
2018-01-03 12:00:00,11.1965
2018-01-03 13:00:00,10.3175
2018-01-03 14:00:00,9.658
2018-01-03 15:00:00,8.999
2018-01-03 16:00:00,8.5595
2018-01-03 17:00:00,8.12
2018-01-03 18:00:00,7.6805
2018-01-03 19:00:00,7.241
2018-01-03 20:00:00,7.241
2018-01-03 21:00:00,6.8015
2018-01-03 22:00:00,6.8015
2018-01-03 23:00:00,6.3625
2018-01-04 00:00:00,5.7035
2018-01-04 01:00:00,5.4835
2018-01-04 02:00:00,5.044
2018-01-04 03:00:00,4.165
2018-01-04 04:00:00,3.9455
2018-01-04 05:00:00,3.7255
2018-01-04 06:00:00,3.7255
2018-01-04 07:00:00,3.7255
2018-01-04 08:00:00,3.9455
2018-01-04 09:00:00,3.7255
2018-01-04 10:00:00,4.165
2018-01-04 11:00:00,4.8245
2018-01-04 12:00:00,5.4835
2018-01-04 13:00:00,5.923
2018-01-04 14:00:00,6.582
2018-01-04 15:00:00,6.3625
2018-01-04 16:00:00,6.3625
2018-01-04 17:00:00,6.3625
2018-01-04 18:00:00,6.3625
2018-01-04 19:00:00,6.143
2018-01-04 20:00:00,5.923
2018-01-04 21:00:00,6.143
2018-01-04 22:00:00,6.3625
2018-01-04 23:00:00,6.3625
2018-01-05 00:00:00,6.143
2018-01-05 01:00:00,5.923
2018-01-05 02:00:00,5.923
2018-01-05 03:00:00,5.923
2018-01-05 04:00:00,5.923
2018-01-05 05:00:00,5.923
2018-01-05 06:00:00,6.143
2018-01-05 07:00:00,5.703
2018-01-05 08:00:00,5.4835
2018-01-05 09:00:00,5.4835
2018-01-05 10:00:00,6.143
2018-01-05 11:00:00,7.021
2018-01-05 12:00:00,7.461
2018-01-05 13:00:00,8.34
2018-01-05 14:00:00,9.658
2018-01-05 15:00:00,10.098
2018-01-05 16:00:00,10.3175
2018-01-05 17:00:00,10.3175
2018-01-05 18:00:00,10.098
2018-01-05 19:00:00,9.878
2018-01-05 20:00:00,9.2185
2018-01-05 21:00:00,8.7795
2018-01-05 22:00:00,8.12
2018-01-05 23:00:00,7.9005
2018-01-06 00:00:00,7.9005
2018-01-06 01:00:00,7.9005
2018-01-06 02:00:00,7.6805
2018-01-06 03:00:00,7.241
2018-01-06 04:00:00,6.582
2018-01-06 05:00:00,5.7035
2018-01-06 06:00:00,5.2635
2018-01-06 07:00:00,5.2635
2018-01-06 08:00:00,5.7035
2018-01-06 09:00:00,6.1425
2018-01-06 10:00:00,7.241
2018-01-06 11:00:00,10.0975
2018-01-06 12:00:00,12.075
2018-01-06 13:00:00,11.416
2018-01-06 14:00:00,10.757
2018-01-06 15:00:00,10.3175
2018-01-06 16:00:00,9.878
2018-01-06 17:00:00,9.2185
2018-01-06 18:00:00,8.7795
2018-01-06 19:00:00,8.5595
2018-01-06 20:00:00,8.34
2018-01-06 21:00:00,8.12
2018-01-06 22:00:00,8.12
2018-01-06 23:00:00,8.12
2018-01-07 00:00:00,8.12
2018-01-07 01:00:00,8.5595
2018-01-07 02:00:00,8.7795
2018-01-07 03:00:00,8.7795
2018-01-07 04:00:00,8.7795
2018-01-07 05:00:00,8.7795
2018-01-07 06:00:00,8.7795
2018-01-07 07:00:00,8.999
2018-01-07 08:00:00,8.7795
2018-01-07 09:00:00,8.7795
2018-01-07 10:00:00,8.5595
2018-01-07 11:00:00,8.779
2018-01-07 12:00:00,9.6585
2018-01-07 13:00:00,9.6585
2018-01-07 14:00:00,9.2185
2018-01-07 15:00:00,9.6585
2018-01-07 16:00:00,9.6585
2018-01-07 17:00:00,9.6585
2018-01-07 18:00:00,9.2185
2018-01-07 19:00:00,8.999
2018-01-07 20:00:00,8.999
2018-01-07 21:00:00,8.7795
2018-01-07 22:00:00,8.7795
2018-01-07 23:00:00,8.34
2018-01-08 00:00:00,8.34
2018-01-08 01:00:00,7.9005
2018-01-08 02:00:00,7.6805
2018-01-08 03:00:00,7.0215
2018-01-08 04:00:00,6.582
2018-01-08 05:00:00,6.1425
2018-01-08 06:00:00,5.923
2018-01-08 07:00:00,5.923
2018-01-08 08:00:00,5.7035
2018-01-08 09:00:00,5.923
2018-01-08 10:00:00,7.2415
2018-01-08 11:00:00,8.999
2018-01-08 12:00:00,9.878
2018-01-08 13:00:00,10.317
2018-01-08 14:00:00,12.075
2018-01-08 15:00:00,12.295
2018-01-08 16:00:00,11.416
2018-01-08 17:00:00,9.6585
2018-01-08 18:00:00,7.9
2018-01-08 19:00:00,7.0215
2018-01-08 20:00:00,6.802
2018-01-08 21:00:00,6.802
2018-01-08 22:00:00,6.802
2018-01-08 23:00:00,6.802
2018-01-09 00:00:00,7.0215
2018-01-09 01:00:00,7.0215
2018-01-09 02:00:00,7.0215
2018-01-09 03:00:00,6.3625
2018-01-09 04:00:00,5.703
2018-01-09 05:00:00,5.044
2018-01-09 06:00:00,4.6045
2018-01-09 07:00:00,4.165
2018-01-09 08:00:00,4.165
2018-01-09 09:00:00,6.582
2018-01-09 10:00:00,9.658
2018-01-09 11:00:00,12.295
2018-01-09 12:00:00,14.9315
2018-01-09 13:00:00,15.591
2018-01-09 14:00:00,17.129
2018-01-09 15:00:00,16.6895
2018-01-09 16:00:00,16.03
2018-01-09 17:00:00,14.2725
2018-01-09 18:00:00,12.7345
2018-01-09 19:00:00,11.8555
2018-01-09 20:00:00,11.1965
2018-01-09 21:00:00,10.9765
2018-01-09 22:00:00,10.5375
2018-01-09 23:00:00,10.3175
2018-01-10 00:00:00,10.0975
2018-01-10 01:00:00,9.6585
2018-01-10 02:00:00,9.4385
2018-01-10 03:00:00,8.999
2018-01-10 04:00:00,8.3395
2018-01-10 05:00:00,7.6805
2018-01-10 06:00:00,7.241
2018-01-10 07:00:00,6.8015
2018-01-10 08:00:00,6.3625
2018-01-10 09:00:00,7.4605
2018-01-10 10:00:00,9.878
2018-01-10 11:00:00,12.954
2018-01-10 12:00:00,16.03
2018-01-10 13:00:00,16.47
2018-01-10 14:00:00,18.008
2018-01-10 15:00:00,16.9095
2018-01-10 16:00:00,15.5905
2018-01-10 17:00:00,13.1735
2018-01-10 18:00:00,11.636
2018-01-10 19:00:00,10.3175
2018-01-10 20:00:00,9.6585
2018-01-10 21:00:00,8.999
2018-01-10 22:00:00,8.3395
2018-01-10 23:00:00,7.241
2018-01-11 00:00:00,6.582
2018-01-11 01:00:00,5.923
2018-01-11 02:00:00,5.044
2018-01-11 03:00:00,4.165
2018-01-11 04:00:00,3.5055
2018-01-11 05:00:00,2.8465
2018-01-11 06:00:00,2.4075
2018-01-11 07:00:00,2.1875
2018-01-11 08:00:00,2.1875
2018-01-11 09:00:00,4.8245
2018-01-11 10:00:00,8.34
2018-01-11 11:00:00,12.0755
2018-01-11 12:00:00,15.1515
2018-01-11 13:00:00,16.25
2018-01-11 14:00:00,18.2275
2018-01-11 15:00:00,17.129
2018-01-11 16:00:00,16.03
2018-01-11 17:00:00,13.833
2018-01-11 18:00:00,12.075
2018-01-11 19:00:00,10.9765
2018-01-11 20:00:00,9.878
2018-01-11 21:00:00,8.999
2018-01-11 22:00:00,8.3395
2018-01-11 23:00:00,7.4605
2018-01-12 00:00:00,6.582
2018-01-12 01:00:00,5.7035
2018-01-12 02:00:00,4.6045
2018-01-12 03:00:00,3.5055
2018-01-12 04:00:00,2.627
2018-01-12 05:00:00,1.968
2018-01-12 06:00:00,1.3085
2018-01-12 07:00:00,0.8695
2018-01-12 08:00:00,0.6495
2018-01-12 09:00:00,3.286
2018-01-12 10:00:00,6.362
2018-01-12 11:00:00,9.658
2018-01-12 12:00:00,13.174
2018-01-12 13:00:00,14.272
2018-01-12 14:00:00,16.6895
2018-01-12 15:00:00,16.47
2018-01-12 16:00:00,15.591
2018-01-12 17:00:00,13.613
2018-01-12 18:00:00,10.9765
2018-01-12 19:00:00,9.2185
2018-01-12 20:00:00,8.3395
2018-01-12 21:00:00,7.241
2018-01-12 22:00:00,6.582
2018-01-12 23:00:00,6.1425
2018-01-13 00:00:00,5.2635
2018-01-13 01:00:00,4.3845
2018-01-13 02:00:00,3.5055
2018-01-13 03:00:00,2.627
2018-01-13 04:00:00,2.1875
2018-01-13 05:00:00,1.7485
2018-01-13 06:00:00,1.3085
2018-01-13 07:00:00,0.8695
2018-01-13 08:00:00,0.4295
2018-01-13 09:00:00,3.286
2018-01-13 10:00:00,5.4835
2018-01-13 11:00:00,8.3395
2018-01-13 12:00:00,9.4385
2018-01-13 13:00:00,10.757
2018-01-13 14:00:00,12.075
2018-01-13 15:00:00,12.5145
2018-01-13 16:00:00,11.855
2018-01-13 17:00:00,11.6355
2018-01-13 18:00:00,11.1965
2018-01-13 19:00:00,10.5375
2018-01-13 20:00:00,9.878
2018-01-13 21:00:00,9.658
2018-01-13 22:00:00,9.219
2018-01-13 23:00:00,9.4385
2018-01-14 00:00:00,9.4385
2018-01-14 01:00:00,9.878
2018-01-14 02:00:00,9.878
2018-01-14 03:00:00,9.878
2018-01-14 04:00:00,9.658
2018-01-14 05:00:00,8.999
2018-01-14 06:00:00,8.779
2018-01-14 07:00:00,8.5595
2018-01-14 08:00:00,8.5595
2018-01-14 09:00:00,9.219
2018-01-14 10:00:00,10.537
2018-01-14 11:00:00,11.855
2018-01-14 12:00:00,13.613
2018-01-14 13:00:00,15.591
2018-01-14 14:00:00,16.909
2018-01-14 15:00:00,18.4475
2018-01-14 16:00:00,19.9855
2018-01-14 17:00:00,19.7655
2018-01-14 18:00:00,18.0075
2018-01-14 19:00:00,16.0305
2018-01-14 20:00:00,14.2725
2018-01-14 21:00:00,12.954
2018-01-14 22:00:00,12.075
2018-01-14 23:00:00,11.1965
2018-01-15 00:00:00,10.757
2018-01-15 01:00:00,9.878
2018-01-15 02:00:00,8.999
2018-01-15 03:00:00,8.12
2018-01-15 04:00:00,7.4605
2018-01-15 05:00:00,6.582
2018-01-15 06:00:00,6.1425
2018-01-15 07:00:00,5.7035
2018-01-15 08:00:00,5.4835
2018-01-15 09:00:00,7.9005
2018-01-15 10:00:00,12.5145
2018-01-15 11:00:00,17.788
2018-01-15 12:00:00,22.4025
2018-01-15 13:00:00,24.16
2018-01-15 14:00:00,26.797
2018-01-15 15:00:00,27.2365
2018-01-15 16:00:00,27.2365
2018-01-15 17:00:00,25.259
2018-01-15 18:00:00,23.2815
2018-01-15 19:00:00,21.3035
2018-01-15 20:00:00,20.425
2018-01-15 21:00:00,19.766
2018-01-15 22:00:00,19.546
2018-01-15 23:00:00,19.326
2018-01-16 00:00:00,19.326
2018-01-16 01:00:00,18.887
2018-01-16 02:00:00,18.887
2018-01-16 03:00:00,18.447
2018-01-16 04:00:00,18.008
2018-01-16 05:00:00,17.3485
2018-01-16 06:00:00,16.909
2018-01-16 07:00:00,16.4695
2018-01-16 08:00:00,16.25
2018-01-16 09:00:00,15.591
2018-01-16 10:00:00,16.25
2018-01-16 11:00:00,16.909
2018-01-16 12:00:00,17.5685
2018-01-16 13:00:00,17.788
2018-01-16 14:00:00,16.6895
2018-01-16 15:00:00,15.371
2018-01-16 16:00:00,14.712
2018-01-16 17:00:00,14.2725
2018-01-16 18:00:00,14.0525
2018-01-16 19:00:00,13.833
2018-01-16 20:00:00,13.6135
2018-01-16 21:00:00,13.833
2018-01-16 22:00:00,14.053
2018-01-16 23:00:00,14.2725
2018-01-17 00:00:00,14.2725
2018-01-17 01:00:00,14.2725
2018-01-17 02:00:00,14.0525
2018-01-17 03:00:00,13.613
2018-01-17 04:00:00,13.174
2018-01-17 05:00:00,12.734
2018-01-17 06:00:00,12.5145
2018-01-17 07:00:00,12.5145
2018-01-17 08:00:00,12.5145
2018-01-17 09:00:00,12.734
2018-01-17 10:00:00,14.053
2018-01-17 11:00:00,16.6895
2018-01-17 12:00:00,18.4475
2018-01-17 13:00:00,19.3265
2018-01-17 14:00:00,20.2055
2018-01-17 15:00:00,19.9855
2018-01-17 16:00:00,19.326
2018-01-17 17:00:00,18.447
2018-01-17 18:00:00,16.909
2018-01-17 19:00:00,15.591
2018-01-17 20:00:00,14.2725
2018-01-17 21:00:00,13.3935
2018-01-17 22:00:00,12.5145
2018-01-17 23:00:00,12.075
2018-01-18 00:00:00,11.1965
2018-01-18 01:00:00,10.757
2018-01-18 02:00:00,10.3175
2018-01-18 03:00:00,9.878
2018-01-18 04:00:00,9.4385
2018-01-18 05:00:00,9.2185
2018-01-18 06:00:00,8.999
2018-01-18 07:00:00,8.999
2018-01-18 08:00:00,9.4385
2018-01-18 09:00:00,10.9765
2018-01-18 10:00:00,12.954
2018-01-18 11:00:00,13.833
2018-01-18 12:00:00,14.712
2018-01-18 13:00:00,15.591
2018-01-18 14:00:00,16.6895
2018-01-18 15:00:00,17.1285
2018-01-18 16:00:00,16.909
2018-01-18 17:00:00,16.4695
2018-01-18 18:00:00,16.0305
2018-01-18 19:00:00,16.0305
2018-01-18 20:00:00,16.0305
2018-01-18 21:00:00,16.0305
2018-01-18 22:00:00,16.0305
2018-01-18 23:00:00,15.811
2018-01-19 00:00:00,15.811
2018-01-19 01:00:00,15.591
2018-01-19 02:00:00,15.371
2018-01-19 03:00:00,15.1515
2018-01-19 04:00:00,14.712
2018-01-19 05:00:00,14.2725
2018-01-19 06:00:00,13.174
2018-01-19 07:00:00,12.5145
2018-01-19 08:00:00,12.075
2018-01-19 09:00:00,12.075
2018-01-19 10:00:00,12.075
2018-01-19 11:00:00,12.5145
2018-01-19 12:00:00,13.1735
2018-01-19 13:00:00,13.833
2018-01-19 14:00:00,14.053
2018-01-19 15:00:00,14.492
2018-01-19 16:00:00,14.712
2018-01-19 17:00:00,14.932
2018-01-19 18:00:00,14.932
2018-01-19 19:00:00,14.932
2018-01-19 20:00:00,14.932
2018-01-19 21:00:00,14.712
2018-01-19 22:00:00,14.712
2018-01-19 23:00:00,14.2725
2018-01-20 00:00:00,14.2725
2018-01-20 01:00:00,13.833
2018-01-20 02:00:00,13.833
2018-01-20 03:00:00,12.954
2018-01-20 04:00:00,12.5145
2018-01-20 05:00:00,12.075
2018-01-20 06:00:00,12.075
2018-01-20 07:00:00,11.6355
2018-01-20 08:00:00,11.6355
2018-01-20 09:00:00,12.075
2018-01-20 10:00:00,12.954
2018-01-20 11:00:00,14.4925
2018-01-20 12:00:00,15.3715
2018-01-20 13:00:00,15.8105
2018-01-20 14:00:00,16.4695
2018-01-20 15:00:00,16.6895
2018-01-20 16:00:00,16.909
2018-01-20 17:00:00,16.909
2018-01-20 18:00:00,16.909
2018-01-20 19:00:00,16.4695
2018-01-20 20:00:00,16.25
2018-01-20 21:00:00,16.0305
2018-01-20 22:00:00,15.811
2018-01-20 23:00:00,15.371
2018-01-21 00:00:00,15.371
2018-01-21 01:00:00,14.712
2018-01-21 02:00:00,14.2725
2018-01-21 03:00:00,13.833
2018-01-21 04:00:00,13.3935
2018-01-21 05:00:00,13.3935
2018-01-21 06:00:00,13.3935
2018-01-21 07:00:00,13.3935
2018-01-21 08:00:00,13.3935
2018-01-21 09:00:00,13.833
2018-01-21 10:00:00,14.4925
2018-01-21 11:00:00,15.3715
2018-01-21 12:00:00,16.03
2018-01-21 13:00:00,16.25
2018-01-21 14:00:00,15.371
2018-01-21 15:00:00,14.492
2018-01-21 16:00:00,13.613
2018-01-21 17:00:00,12.954
2018-01-21 18:00:00,12.5145
2018-01-21 19:00:00,12.075
2018-01-21 20:00:00,11.6355
2018-01-21 21:00:00,11.6355
2018-01-21 22:00:00,11.6355
2018-01-21 23:00:00,11.416
2018-01-22 00:00:00,11.6355
2018-01-22 01:00:00,11.6355
2018-01-22 02:00:00,11.416
2018-01-22 03:00:00,10.757
2018-01-22 04:00:00,9.6585
2018-01-22 05:00:00,8.999
2018-01-22 06:00:00,8.999
2018-01-22 07:00:00,8.779
2018-01-22 08:00:00,8.779
2018-01-22 09:00:00,9.658
2018-01-22 10:00:00,12.2945
2018-01-22 11:00:00,14.2725
2018-01-22 12:00:00,15.1515
2018-01-22 13:00:00,15.1515
2018-01-22 14:00:00,15.371
2018-01-22 15:00:00,16.4695
2018-01-22 16:00:00,16.909
2018-01-22 17:00:00,16.6895
2018-01-22 18:00:00,15.1515
2018-01-22 19:00:00,13.3935
2018-01-22 20:00:00,12.075
2018-01-22 21:00:00,11.1965
2018-01-22 22:00:00,10.757
2018-01-22 23:00:00,10.757
2018-01-23 00:00:00,10.9765
2018-01-23 01:00:00,11.1965
2018-01-23 02:00:00,11.1965
2018-01-23 03:00:00,11.1965
2018-01-23 04:00:00,11.1965
2018-01-23 05:00:00,10.977
2018-01-23 06:00:00,10.757
2018-01-23 07:00:00,10.537
2018-01-23 08:00:00,10.098
2018-01-23 09:00:00,9.658
2018-01-23 10:00:00,9.658
2018-01-23 11:00:00,9.658
2018-01-23 12:00:00,10.3175
2018-01-23 13:00:00,10.757
2018-01-23 14:00:00,10.9765
2018-01-23 15:00:00,10.757
2018-01-23 16:00:00,10.3175
2018-01-23 17:00:00,9.878
2018-01-23 18:00:00,9.2185
2018-01-23 19:00:00,8.999
2018-01-23 20:00:00,8.999
2018-01-23 21:00:00,8.5595
2018-01-23 22:00:00,8.5595
2018-01-23 23:00:00,8.3395
2018-01-24 00:00:00,7.9005
2018-01-24 01:00:00,7.4605
2018-01-24 02:00:00,7.4605
2018-01-24 03:00:00,7.0215
2018-01-24 04:00:00,7.0215
2018-01-24 05:00:00,6.582
2018-01-24 06:00:00,6.1425
2018-01-24 07:00:00,5.7035
2018-01-24 08:00:00,5.4835
2018-01-24 09:00:00,5.2635
2018-01-24 10:00:00,5.4835
2018-01-24 11:00:00,5.923
2018-01-24 12:00:00,5.923
2018-01-24 13:00:00,6.1425
2018-01-24 14:00:00,6.582
2018-01-24 15:00:00,6.802
2018-01-24 16:00:00,6.362
2018-01-24 17:00:00,5.923
2018-01-24 18:00:00,5.7035
2018-01-24 19:00:00,5.7035
2018-01-24 20:00:00,5.2635
2018-01-24 21:00:00,4.8245
2018-01-24 22:00:00,5.044
2018-01-24 23:00:00,4.8245
2018-01-25 00:00:00,4.6045
2018-01-25 01:00:00,3.9455
2018-01-25 02:00:00,3.286
2018-01-25 03:00:00,2.847
2018-01-25 04:00:00,2.407
2018-01-25 05:00:00,2.1875
2018-01-25 06:00:00,2.1875
2018-01-25 07:00:00,2.1875
2018-01-25 08:00:00,1.5285
2018-01-25 09:00:00,1.5285
2018-01-25 10:00:00,1.5285
2018-01-25 11:00:00,1.7485
2018-01-25 12:00:00,1.7485
2018-01-25 13:00:00,1.7485
2018-01-25 14:00:00,1.7485
2018-01-25 15:00:00,1.7485
2018-01-25 16:00:00,2.1875
2018-01-25 17:00:00,2.1875
2018-01-25 18:00:00,2.1875
2018-01-25 19:00:00,2.1875
2018-01-25 20:00:00,2.1875
2018-01-25 21:00:00,2.627
2018-01-25 22:00:00,2.627
2018-01-25 23:00:00,3.0665
2018-01-26 00:00:00,2.8465
2018-01-26 01:00:00,2.4075
2018-01-26 02:00:00,2.4075
2018-01-26 03:00:00,2.188
2018-01-26 04:00:00,2.188
2018-01-26 05:00:00,2.188
2018-01-26 06:00:00,2.188
2018-01-26 07:00:00,2.188
2018-01-26 08:00:00,2.627
2018-01-26 09:00:00,3.286
2018-01-26 10:00:00,3.9455
2018-01-26 11:00:00,4.385
2018-01-26 12:00:00,4.824
2018-01-26 13:00:00,5.044
2018-01-26 14:00:00,6.1425
2018-01-26 15:00:00,7.0215
2018-01-26 16:00:00,7.241
2018-01-26 17:00:00,6.582
2018-01-26 18:00:00,5.923
2018-01-26 19:00:00,5.7035
2018-01-26 20:00:00,5.4835
2018-01-26 21:00:00,5.2635
2018-01-26 22:00:00,5.044
2018-01-26 23:00:00,4.8245
2018-01-27 00:00:00,4.3845
2018-01-27 01:00:00,4.3845
2018-01-27 02:00:00,3.9455
2018-01-27 03:00:00,3.9455
2018-01-27 04:00:00,3.5055
2018-01-27 05:00:00,3.5055
2018-01-27 06:00:00,3.286
2018-01-27 07:00:00,1.968
2018-01-27 08:00:00,1.5285
2018-01-27 09:00:00,0.6495
2018-01-27 10:00:00,-0.2295
2018-01-27 11:00:00,0.43
2018-01-27 12:00:00,0.869
2018-01-27 13:00:00,1.748
2018-01-27 14:00:00,2.1875
2018-01-27 15:00:00,2.847
2018-01-27 16:00:00,3.286
2018-01-27 17:00:00,3.286
2018-01-27 18:00:00,3.9455
2018-01-27 19:00:00,3.9455
2018-01-27 20:00:00,3.9455
2018-01-27 21:00:00,3.9455
2018-01-27 22:00:00,3.9455
2018-01-27 23:00:00,4.3845
2018-01-28 00:00:00,4.3845
2018-01-28 01:00:00,4.165
2018-01-28 02:00:00,3.7255
2018-01-28 03:00:00,3.5055
2018-01-28 04:00:00,3.5055
2018-01-28 05:00:00,3.286
2018-01-28 06:00:00,3.286
2018-01-28 07:00:00,3.286
2018-01-28 08:00:00,3.0665
2018-01-28 09:00:00,2.8465
2018-01-28 10:00:00,2.8465
2018-01-28 11:00:00,3.286
2018-01-28 12:00:00,3.5055
2018-01-28 13:00:00,3.7255
2018-01-28 14:00:00,3.9455
2018-01-28 15:00:00,4.3845
2018-01-28 16:00:00,4.8245
2018-01-28 17:00:00,5.2635
2018-01-28 18:00:00,5.2635
2018-01-28 19:00:00,5.2635
2018-01-28 20:00:00,5.044
2018-01-28 21:00:00,4.8245
2018-01-28 22:00:00,4.3845
2018-01-28 23:00:00,4.165
2018-01-29 00:00:00,4.165
2018-01-29 01:00:00,3.9455
2018-01-29 02:00:00,3.9455
2018-01-29 03:00:00,3.7255
2018-01-29 04:00:00,3.286
2018-01-29 05:00:00,2.847
2018-01-29 06:00:00,2.627
2018-01-29 07:00:00,2.407
2018-01-29 08:00:00,2.1875
2018-01-29 09:00:00,2.627
2018-01-29 10:00:00,3.9455
2018-01-29 11:00:00,5.044
2018-01-29 12:00:00,6.1425
2018-01-29 13:00:00,7.241
2018-01-29 14:00:00,8.3395
2018-01-29 15:00:00,8.999
2018-01-29 16:00:00,8.7795
2018-01-29 17:00:00,7.6805
2018-01-29 18:00:00,6.582
2018-01-29 19:00:00,5.264
2018-01-29 20:00:00,4.165
2018-01-29 21:00:00,3.0665
2018-01-29 22:00:00,2.1875
2018-01-29 23:00:00,1.7485
2018-01-30 00:00:00,0.8695
2018-01-30 01:00:00,0.4295
2018-01-30 02:00:00,-0.0095
2018-01-30 03:00:00,-0.2295
2018-01-30 04:00:00,-0.8885
2018-01-30 05:00:00,-1.3285
2018-01-30 06:00:00,-2.207
2018-01-30 07:00:00,-2.6465
2018-01-30 08:00:00,-2.6465
2018-01-30 09:00:00,-1.7675
2018-01-30 10:00:00,1.089
2018-01-30 11:00:00,5.4835
2018-01-30 12:00:00,9.658
2018-01-30 13:00:00,12.075
2018-01-30 14:00:00,13.613
2018-01-30 15:00:00,12.075
2018-01-30 16:00:00,10.537
2018-01-30 17:00:00,8.3395
2018-01-30 18:00:00,7.021
2018-01-30 19:00:00,5.923
2018-01-30 20:00:00,5.044
2018-01-30 21:00:00,4.3845
2018-01-30 22:00:00,3.9455
2018-01-30 23:00:00,3.0665
2018-01-31 00:00:00,3.0665
2018-01-31 01:00:00,3.0665
2018-01-31 02:00:00,3.0665
2018-01-31 03:00:00,3.0665
2018-01-31 04:00:00,3.0665
2018-01-31 05:00:00,3.0665
2018-01-31 06:00:00,3.0665
2018-01-31 07:00:00,3.0665
2018-01-31 08:00:00,3.0665
2018-01-31 09:00:00,3.0665
2018-01-31 10:00:00,3.0665
2018-01-31 11:00:00,3.0665
2018-01-31 12:00:00,3.0665
2018-01-31 13:00:00,3.0665
2018-01-31 14:00:00,3.0665
2018-01-31 15:00:00,3.0665
2018-01-31 16:00:00,3.0665
2018-01-31 17:00:00,3.0665
2018-01-31 18:00:00,3.0665
2018-01-31 19:00:00,3.0665
2018-01-31 20:00:00,3.0665
2018-01-31 21:00:00,3.0665
2018-01-31 22:00:00,3.0665
2018-01-31 23:00:00,3.0665
2018-02-01 00:00:00,3.286
2018-02-01 01:00:00,2.627
2018-02-01 02:00:00,1.7485
2018-02-01 03:00:00,1.3085
2018-02-01 04:00:00,0.4295
2018-02-01 05:00:00,-0.0095
2018-02-01 06:00:00,-0.4495
2018-02-01 07:00:00,-0.8885
2018-02-01 08:00:00,-0.8885
2018-02-01 09:00:00,1.089
2018-02-01 10:00:00,5.044
2018-02-01 11:00:00,9.878
2018-02-01 12:00:00,13.833
2018-02-01 13:00:00,15.591
2018-02-01 14:00:00,15.8105
2018-02-01 15:00:00,15.1515
2018-02-01 16:00:00,14.2725
2018-02-01 17:00:00,12.954
2018-02-01 18:00:00,11.1965
2018-02-01 19:00:00,9.2185
2018-02-01 20:00:00,7.9005
2018-02-01 21:00:00,7.0215
2018-02-01 22:00:00,6.582
2018-02-01 23:00:00,6.582
2018-02-02 00:00:00,6.582
2018-02-02 01:00:00,6.3625
2018-02-02 02:00:00,6.1425
2018-02-02 03:00:00,5.923
2018-02-02 04:00:00,5.7035
2018-02-02 05:00:00,5.2635
2018-02-02 06:00:00,5.044
2018-02-02 07:00:00,4.3845
2018-02-02 08:00:00,3.9455
2018-02-02 09:00:00,5.2635
2018-02-02 10:00:00,8.3395
2018-02-02 11:00:00,12.5145
2018-02-02 12:00:00,15.8105
2018-02-02 13:00:00,15.371
2018-02-02 14:00:00,14.492
2018-02-02 15:00:00,15.591
2018-02-02 16:00:00,14.932
2018-02-02 17:00:00,13.613
2018-02-02 18:00:00,12.075
2018-02-02 19:00:00,10.757
2018-02-02 20:00:00,9.878
2018-02-02 21:00:00,9.4385
2018-02-02 22:00:00,8.7795
2018-02-02 23:00:00,8.12
2018-02-03 00:00:00,7.6805
2018-02-03 01:00:00,7.0215
2018-02-03 02:00:00,6.582
2018-02-03 03:00:00,5.7035
2018-02-03 04:00:00,4.8245
2018-02-03 05:00:00,3.9455
2018-02-03 06:00:00,3.0665
2018-02-03 07:00:00,2.1875
2018-02-03 08:00:00,2.1875
2018-02-03 09:00:00,3.9455
2018-02-03 10:00:00,7.241
2018-02-03 11:00:00,10.537
2018-02-03 12:00:00,13.6135
2018-02-03 13:00:00,13.6135
2018-02-03 14:00:00,14.9315
2018-02-03 15:00:00,12.954
2018-02-03 16:00:00,11.416
2018-02-03 17:00:00,9.658
2018-02-03 18:00:00,8.12
2018-02-03 19:00:00,7.241
2018-02-03 20:00:00,6.582
2018-02-03 21:00:00,5.7035
2018-02-03 22:00:00,5.2635
2018-02-03 23:00:00,4.3845
2018-02-04 00:00:00,3.9455
2018-02-04 01:00:00,2.847
2018-02-04 02:00:00,1.968
2018-02-04 03:00:00,1.3085
2018-02-04 04:00:00,0.4295
2018-02-04 05:00:00,-0.0095
2018-02-04 06:00:00,-0.4495
2018-02-04 07:00:00,-0.8885
2018-02-04 08:00:00,-1.1085
2018-02-04 09:00:00,1.089
2018-02-04 10:00:00,5.044
2018-02-04 11:00:00,9.4385
2018-02-04 12:00:00,12.075
2018-02-04 13:00:00,13.833
2018-02-04 14:00:00,14.7115
2018-02-04 15:00:00,14.712
2018-02-04 16:00:00,14.0525
2018-02-04 17:00:00,12.295
2018-02-04 18:00:00,10.098
2018-02-04 19:00:00,8.7795
2018-02-04 20:00:00,8.12
2018-02-04 21:00:00,7.6805
2018-02-04 22:00:00,7.241
2018-02-04 23:00:00,6.3625
2018-02-05 00:00:00,5.7035
2018-02-05 01:00:00,4.6045
2018-02-05 02:00:00,3.7255
2018-02-05 03:00:00,3.0665
2018-02-05 04:00:00,2.1875
2018-02-05 05:00:00,1.7485
2018-02-05 06:00:00,1.3085
2018-02-05 07:00:00,0.6495
2018-02-05 08:00:00,0.4295
2018-02-05 09:00:00,2.4075
2018-02-05 10:00:00,5.4835
2018-02-05 11:00:00,8.999
2018-02-05 12:00:00,12.295
2018-02-05 13:00:00,13.6135
2018-02-05 14:00:00,16.25
2018-02-05 15:00:00,16.0305
2018-02-05 16:00:00,14.932
2018-02-05 17:00:00,12.954
2018-02-05 18:00:00,11.1965
2018-02-05 19:00:00,9.658
2018-02-05 20:00:00,8.34
2018-02-05 21:00:00,7.241
2018-02-05 22:00:00,6.3625
2018-02-05 23:00:00,5.7035
2018-02-06 00:00:00,5.044
2018-02-06 01:00:00,4.6045
2018-02-06 02:00:00,4.165
2018-02-06 03:00:00,3.5055
2018-02-06 04:00:00,3.0665
2018-02-06 05:00:00,2.627
2018-02-06 06:00:00,2.1875
2018-02-06 07:00:00,1.7485
2018-02-06 08:00:00,1.968
2018-02-06 09:00:00,3.9455
2018-02-06 10:00:00,6.802
2018-02-06 11:00:00,9.4385
2018-02-06 12:00:00,12.5145
2018-02-06 13:00:00,13.833
2018-02-06 14:00:00,16.0305
2018-02-06 15:00:00,16.25
2018-02-06 16:00:00,15.371
2018-02-06 17:00:00,13.3935
2018-02-06 18:00:00,11.1965
2018-02-06 19:00:00,9.4385
2018-02-06 20:00:00,7.9
2018-02-06 21:00:00,6.8015
2018-02-06 22:00:00,6.3625
2018-02-06 23:00:00,5.7035
2018-02-07 00:00:00,5.2635
2018-02-07 01:00:00,4.8245
2018-02-07 02:00:00,4.6045
2018-02-07 03:00:00,4.165
2018-02-07 04:00:00,3.7255
2018-02-07 05:00:00,3.286
2018-02-07 06:00:00,2.8465
2018-02-07 07:00:00,2.627
2018-02-07 08:00:00,3.066
2018-02-07 09:00:00,4.385
2018-02-07 10:00:00,6.3625
2018-02-07 11:00:00,8.999
2018-02-07 12:00:00,12.295
2018-02-07 13:00:00,13.3935
2018-02-07 14:00:00,15.3715
2018-02-07 15:00:00,15.591
2018-02-07 16:00:00,15.3715
2018-02-07 17:00:00,14.2725
2018-02-07 18:00:00,12.954
2018-02-07 19:00:00,11.6355
2018-02-07 20:00:00,10.3175
2018-02-07 21:00:00,9.4385
2018-02-07 22:00:00,8.12
2018-02-07 23:00:00,7.241
2018-02-08 00:00:00,6.8015
2018-02-08 01:00:00,6.3625
2018-02-08 02:00:00,5.4835
2018-02-08 03:00:00,5.044
2018-02-08 04:00:00,4.3845
2018-02-08 05:00:00,3.7255
2018-02-08 06:00:00,3.0665
2018-02-08 07:00:00,2.4075
2018-02-08 08:00:00,2.1875
2018-02-08 09:00:00,3.9455
2018-02-08 10:00:00,7.0215
2018-02-08 11:00:00,10.3175
2018-02-08 12:00:00,13.833
2018-02-08 13:00:00,14.9315
2018-02-08 14:00:00,17.129
2018-02-08 15:00:00,18.2275
2018-02-08 16:00:00,18.008
2018-02-08 17:00:00,16.25
2018-02-08 18:00:00,14.4925
2018-02-08 19:00:00,12.7345
2018-02-08 20:00:00,11.1965
2018-02-08 21:00:00,9.878
2018-02-08 22:00:00,9.2185
2018-02-08 23:00:00,8.7795
2018-02-09 00:00:00,8.3395
2018-02-09 01:00:00,7.6805
2018-02-09 02:00:00,7.241
2018-02-09 03:00:00,7.241
2018-02-09 04:00:00,7.241
2018-02-09 05:00:00,7.241
2018-02-09 06:00:00,7.241
2018-02-09 07:00:00,7.4605
2018-02-09 08:00:00,7.6805
2018-02-09 09:00:00,8.34
2018-02-09 10:00:00,9.4385
2018-02-09 11:00:00,10.757
2018-02-09 12:00:00,12.5145
2018-02-09 13:00:00,14.2725
2018-02-09 14:00:00,16.6895
2018-02-09 15:00:00,17.3485
2018-02-09 16:00:00,17.5685
2018-02-09 17:00:00,16.909
2018-02-09 18:00:00,16.4695
2018-02-09 19:00:00,15.591
2018-02-09 20:00:00,14.932
2018-02-09 21:00:00,14.2725
2018-02-09 22:00:00,13.833
2018-02-09 23:00:00,13.3935
2018-02-10 00:00:00,12.954
2018-02-10 01:00:00,12.734
2018-02-10 02:00:00,12.5145
2018-02-10 03:00:00,12.075
2018-02-10 04:00:00,11.6355
2018-02-10 05:00:00,11.6355
2018-02-10 06:00:00,11.416
2018-02-10 07:00:00,11.416
2018-02-10 08:00:00,10.977
2018-02-10 09:00:00,10.537
2018-02-10 10:00:00,10.757
2018-02-10 11:00:00,11.416
2018-02-10 12:00:00,12.954
2018-02-10 13:00:00,14.4925
2018-02-10 14:00:00,15.1515
2018-02-10 15:00:00,14.932
2018-02-10 16:00:00,14.932
2018-02-10 17:00:00,14.492
2018-02-10 18:00:00,13.833
2018-02-10 19:00:00,12.5145
2018-02-10 20:00:00,11.6355
2018-02-10 21:00:00,10.537
2018-02-10 22:00:00,9.4385
2018-02-10 23:00:00,8.5595
2018-02-11 00:00:00,8.12
2018-02-11 01:00:00,7.6805
2018-02-11 02:00:00,6.8015
2018-02-11 03:00:00,6.1425
2018-02-11 04:00:00,5.2635
2018-02-11 05:00:00,4.6045
2018-02-11 06:00:00,3.9455
2018-02-11 07:00:00,3.5055
2018-02-11 08:00:00,3.286
2018-02-11 09:00:00,5.044
2018-02-11 10:00:00,8.12
2018-02-11 11:00:00,11.196
2018-02-11 12:00:00,14.2725
2018-02-11 13:00:00,16.25
2018-02-11 14:00:00,17.788
2018-02-11 15:00:00,18.4475
2018-02-11 16:00:00,18.008
2018-02-11 17:00:00,16.6895
2018-02-11 18:00:00,15.1515
2018-02-11 19:00:00,13.833
2018-02-11 20:00:00,12.954
2018-02-11 21:00:00,12.075
2018-02-11 22:00:00,10.9765
2018-02-11 23:00:00,10.3175
2018-02-12 00:00:00,9.878
2018-02-12 01:00:00,9.2185
2018-02-12 02:00:00,8.12
2018-02-12 03:00:00,6.8015
2018-02-12 04:00:00,5.923
2018-02-12 05:00:00,5.044
2018-02-12 06:00:00,4.165
2018-02-12 07:00:00,3.7255
2018-02-12 08:00:00,3.7255
2018-02-12 09:00:00,5.923
2018-02-12 10:00:00,8.999
2018-02-12 11:00:00,12.075
2018-02-12 12:00:00,15.1515
2018-02-12 13:00:00,16.0305
2018-02-12 14:00:00,18.4475
2018-02-12 15:00:00,18.8865
2018-02-12 16:00:00,18.2275
2018-02-12 17:00:00,16.4695
2018-02-12 18:00:00,14.492
2018-02-12 19:00:00,13.1735
2018-02-12 20:00:00,12.075
2018-02-12 21:00:00,11.1965
2018-02-12 22:00:00,10.3175
2018-02-12 23:00:00,8.999
2018-02-13 00:00:00,8.12
2018-02-13 01:00:00,7.241
2018-02-13 02:00:00,6.3625
2018-02-13 03:00:00,5.7035
2018-02-13 04:00:00,5.044
2018-02-13 05:00:00,4.6045
2018-02-13 06:00:00,3.9455
2018-02-13 07:00:00,3.5055
2018-02-13 08:00:00,3.7255
2018-02-13 09:00:00,6.582
2018-02-13 10:00:00,10.757
2018-02-13 11:00:00,15.1515
2018-02-13 12:00:00,18.887
2018-02-13 13:00:00,20.8645
2018-02-13 14:00:00,23.721
2018-02-13 15:00:00,24.16
2018-02-13 16:00:00,23.7205
2018-02-13 17:00:00,22.1825
2018-02-13 18:00:00,20.645
2018-02-13 19:00:00,18.887
2018-02-13 20:00:00,17.129
2018-02-13 21:00:00,15.811
2018-02-13 22:00:00,14.053
2018-02-13 23:00:00,12.954
2018-02-14 00:00:00,12.075
2018-02-14 01:00:00,11.416
2018-02-14 02:00:00,11.6355
2018-02-14 03:00:00,11.1965
2018-02-14 04:00:00,10.3175
2018-02-14 05:00:00,9.658
2018-02-14 06:00:00,9.219
2018-02-14 07:00:00,8.779
2018-02-14 08:00:00,8.999
2018-02-14 09:00:00,11.6355
2018-02-14 10:00:00,15.811
2018-02-14 11:00:00,19.7655
2018-02-14 12:00:00,21.743
2018-02-14 13:00:00,24.38
2018-02-14 14:00:00,26.577
2018-02-14 15:00:00,25.039
2018-02-14 16:00:00,24.16
2018-02-14 17:00:00,23.721
2018-02-14 18:00:00,23.0615
2018-02-14 19:00:00,21.963
2018-02-14 20:00:00,21.523
2018-02-14 21:00:00,20.8645
2018-02-14 22:00:00,20.8645
2018-02-14 23:00:00,20.425
2018-02-15 00:00:00,19.766
2018-02-15 01:00:00,18.667
2018-02-15 02:00:00,17.568
2018-02-15 03:00:00,16.689
2018-02-15 04:00:00,15.811
2018-02-15 05:00:00,15.371
2018-02-15 06:00:00,14.932
2018-02-15 07:00:00,14.2725
2018-02-15 08:00:00,13.613
2018-02-15 09:00:00,13.3935
2018-02-15 10:00:00,13.3935
2018-02-15 11:00:00,13.6135
2018-02-15 12:00:00,13.833
2018-02-15 13:00:00,14.2725
2018-02-15 14:00:00,14.4925
2018-02-15 15:00:00,14.4925
2018-02-15 16:00:00,14.2725
2018-02-15 17:00:00,13.3935
2018-02-15 18:00:00,12.5145
2018-02-15 19:00:00,12.5145
2018-02-15 20:00:00,12.2945
2018-02-15 21:00:00,11.8555
2018-02-15 22:00:00,11.6355
2018-02-15 23:00:00,11.6355
2018-02-16 00:00:00,11.6355
2018-02-16 01:00:00,10.757
2018-02-16 02:00:00,10.757
2018-02-16 03:00:00,10.757
2018-02-16 04:00:00,10.757
2018-02-16 05:00:00,9.878
2018-02-16 06:00:00,9.878
2018-02-16 07:00:00,9.878
2018-02-16 08:00:00,10.098
2018-02-16 09:00:00,10.3175
2018-02-16 10:00:00,10.757
2018-02-16 11:00:00,11.6355
2018-02-16 12:00:00,12.075
2018-02-16 13:00:00,12.734
2018-02-16 14:00:00,13.174
2018-02-16 15:00:00,13.3935
2018-02-16 16:00:00,14.053
2018-02-16 17:00:00,14.2725
2018-02-16 18:00:00,14.2725
2018-02-16 19:00:00,14.053
2018-02-16 20:00:00,13.613
2018-02-16 21:00:00,13.613
2018-02-16 22:00:00,13.613
2018-02-16 23:00:00,13.613
2018-02-17 00:00:00,13.613
2018-02-17 01:00:00,13.3935
2018-02-17 02:00:00,12.734
2018-02-17 03:00:00,11.416
2018-02-17 04:00:00,10.537
2018-02-17 05:00:00,10.098
2018-02-17 06:00:00,9.878
2018-02-17 07:00:00,9.219
2018-02-17 08:00:00,9.219
2018-02-17 09:00:00,10.537
2018-02-17 10:00:00,12.5145
2018-02-17 11:00:00,14.712
2018-02-17 12:00:00,16.909
2018-02-17 13:00:00,18.667
2018-02-17 14:00:00,21.084
2018-02-17 15:00:00,21.743
2018-02-17 16:00:00,20.6445
2018-02-17 17:00:00,18.667
2018-02-17 18:00:00,16.4695
2018-02-17 19:00:00,14.712
2018-02-17 20:00:00,13.833
2018-02-17 21:00:00,13.3935
2018-02-17 22:00:00,13.3935
2018-02-17 23:00:00,12.954
2018-02-18 00:00:00,12.954
2018-02-18 01:00:00,12.734
2018-02-18 02:00:00,12.5145
2018-02-18 03:00:00,12.5145
2018-02-18 04:00:00,12.5145
2018-02-18 05:00:00,12.734
2018-02-18 06:00:00,12.734
2018-02-18 07:00:00,12.734
2018-02-18 08:00:00,12.734
2018-02-18 09:00:00,12.734
2018-02-18 10:00:00,13.174
2018-02-18 11:00:00,13.833
2018-02-18 12:00:00,14.2725
2018-02-18 13:00:00,14.2725
2018-02-18 14:00:00,14.053
2018-02-18 15:00:00,12.295
2018-02-18 16:00:00,11.416
2018-02-18 17:00:00,11.1965
2018-02-18 18:00:00,10.757
2018-02-18 19:00:00,10.5375
2018-02-18 20:00:00,10.5375
2018-02-18 21:00:00,10.5375
2018-02-18 22:00:00,10.5375
2018-02-18 23:00:00,10.3175
2018-02-19 00:00:00,10.3175
2018-02-19 01:00:00,10.3175
2018-02-19 02:00:00,10.3175
2018-02-19 03:00:00,10.3175
2018-02-19 04:00:00,10.3175
2018-02-19 05:00:00,9.878
2018-02-19 06:00:00,9.878
2018-02-19 07:00:00,10.3175
2018-02-19 08:00:00,10.3175
2018-02-19 09:00:00,9.878
2018-02-19 10:00:00,9.4385
2018-02-19 11:00:00,9.4385
2018-02-19 12:00:00,9.4385
2018-02-19 13:00:00,9.4385
2018-02-19 14:00:00,9.878
2018-02-19 15:00:00,10.3175
2018-02-19 16:00:00,10.757
2018-02-19 17:00:00,11.1965
2018-02-19 18:00:00,11.416
2018-02-19 19:00:00,11.416
2018-02-19 20:00:00,11.416
2018-02-19 21:00:00,11.416
2018-02-19 22:00:00,11.6355
2018-02-19 23:00:00,11.855
2018-02-20 00:00:00,12.075
2018-02-20 01:00:00,12.075
2018-02-20 02:00:00,12.075
2018-02-20 03:00:00,11.855
2018-02-20 04:00:00,11.855
2018-02-20 05:00:00,11.6355
2018-02-20 06:00:00,11.416
2018-02-20 07:00:00,10.757
2018-02-20 08:00:00,10.757
2018-02-20 09:00:00,10.757
2018-02-20 10:00:00,10.757
2018-02-20 11:00:00,10.0975
2018-02-20 12:00:00,10.0975
2018-02-20 13:00:00,10.0975
2018-02-20 14:00:00,9.6585
2018-02-20 15:00:00,9.6585
2018-02-20 16:00:00,9.6585
2018-02-20 17:00:00,9.4385
2018-02-20 18:00:00,8.999
2018-02-20 19:00:00,8.5595
2018-02-20 20:00:00,8.5595
2018-02-20 21:00:00,8.3395
2018-02-20 22:00:00,8.3395
2018-02-20 23:00:00,8.5595
2018-02-21 00:00:00,8.7795
2018-02-21 01:00:00,8.999
2018-02-21 02:00:00,9.219
2018-02-21 03:00:00,9.658
2018-02-21 04:00:00,9.658
2018-02-21 05:00:00,9.4385
2018-02-21 06:00:00,9.4385
2018-02-21 07:00:00,9.4385
2018-02-21 08:00:00,9.4385
2018-02-21 09:00:00,10.098
2018-02-21 10:00:00,10.757
2018-02-21 11:00:00,10.977
2018-02-21 12:00:00,11.416
2018-02-21 13:00:00,11.6355
2018-02-21 14:00:00,11.6355
2018-02-21 15:00:00,11.6355
2018-02-21 16:00:00,11.855
2018-02-21 17:00:00,12.075
2018-02-21 18:00:00,12.075
2018-02-21 19:00:00,12.075
2018-02-21 20:00:00,12.075
2018-02-21 21:00:00,12.075
2018-02-21 22:00:00,12.075
2018-02-21 23:00:00,12.075
2018-02-22 00:00:00,11.6355
2018-02-22 01:00:00,11.6355
2018-02-22 02:00:00,11.1965
2018-02-22 03:00:00,11.1965
2018-02-22 04:00:00,10.757
2018-02-22 05:00:00,10.757
2018-02-22 06:00:00,10.757
2018-02-22 07:00:00,10.757
2018-02-22 08:00:00,10.757
2018-02-22 09:00:00,11.6355
2018-02-22 10:00:00,13.174
2018-02-22 11:00:00,15.3715
2018-02-22 12:00:00,16.4695
2018-02-22 13:00:00,18.0075
2018-02-22 14:00:00,19.546
2018-02-22 15:00:00,20.8645
2018-02-22 16:00:00,20.425
2018-02-22 17:00:00,18.8865
2018-02-22 18:00:00,17.568
2018-02-22 19:00:00,16.0305
2018-02-22 20:00:00,14.712
2018-02-22 21:00:00,13.613
2018-02-22 22:00:00,12.734
2018-02-22 23:00:00,12.075
2018-02-23 00:00:00,11.6355
2018-02-23 01:00:00,11.1965
2018-02-23 02:00:00,10.757
2018-02-23 03:00:00,9.878
2018-02-23 04:00:00,9.4385
2018-02-23 05:00:00,8.999
2018-02-23 06:00:00,8.5595
2018-02-23 07:00:00,8.5595
2018-02-23 08:00:00,8.779
2018-02-23 09:00:00,10.757
2018-02-23 10:00:00,14.2725
2018-02-23 11:00:00,17.788
2018-02-23 12:00:00,20.6445
2018-02-23 13:00:00,22.183
2018-02-23 14:00:00,24.16
2018-02-23 15:00:00,25.698
2018-02-23 16:00:00,25.259
2018-02-23 17:00:00,23.9405
2018-02-23 18:00:00,22.622
2018-02-23 19:00:00,20.645
2018-02-23 20:00:00,18.447
2018-02-23 21:00:00,17.568
2018-02-23 22:00:00,16.689
2018-02-23 23:00:00,16.4695
2018-02-24 00:00:00,16.4695
2018-02-24 01:00:00,16.25
2018-02-24 02:00:00,16.689
2018-02-24 03:00:00,16.689
2018-02-24 04:00:00,16.4695
2018-02-24 05:00:00,16.25
2018-02-24 06:00:00,15.811
2018-02-24 07:00:00,15.591
2018-02-24 08:00:00,15.371
2018-02-24 09:00:00,15.591
2018-02-24 10:00:00,16.25
2018-02-24 11:00:00,17.3485
2018-02-24 12:00:00,18.2275
2018-02-24 13:00:00,19.766
2018-02-24 14:00:00,21.743
2018-02-24 15:00:00,21.9625
2018-02-24 16:00:00,21.3035
2018-02-24 17:00:00,20.425
2018-02-24 18:00:00,19.9855
2018-02-24 19:00:00,19.9855
2018-02-24 20:00:00,19.546
2018-02-24 21:00:00,19.326
2018-02-24 22:00:00,18.887
2018-02-24 23:00:00,18.447
2018-02-25 00:00:00,17.788
2018-02-25 01:00:00,17.129
2018-02-25 02:00:00,16.689
2018-02-25 03:00:00,16.4695
2018-02-25 04:00:00,15.811
2018-02-25 05:00:00,15.371
2018-02-25 06:00:00,14.932
2018-02-25 07:00:00,14.932
2018-02-25 08:00:00,14.492
2018-02-25 09:00:00,14.932
2018-02-25 10:00:00,16.4695
2018-02-25 11:00:00,17.788
2018-02-25 12:00:00,19.7655
2018-02-25 13:00:00,21.304
2018-02-25 14:00:00,21.743
2018-02-25 15:00:00,21.9625
2018-02-25 16:00:00,22.402
2018-02-25 17:00:00,21.743
2018-02-25 18:00:00,20.425
2018-02-25 19:00:00,19.546
2018-02-25 20:00:00,18.447
2018-02-25 21:00:00,17.129
2018-02-25 22:00:00,15.811
2018-02-25 23:00:00,14.712
2018-02-26 00:00:00,13.833
2018-02-26 01:00:00,12.954
2018-02-26 02:00:00,12.5145
2018-02-26 03:00:00,12.075
2018-02-26 04:00:00,11.1965
2018-02-26 05:00:00,10.757
2018-02-26 06:00:00,10.3175
2018-02-26 07:00:00,10.098
2018-02-26 08:00:00,10.757
2018-02-26 09:00:00,12.954
2018-02-26 10:00:00,16.47
2018-02-26 11:00:00,19.326
2018-02-26 12:00:00,22.4025
2018-02-26 13:00:00,24.38
2018-02-26 14:00:00,26.1375
2018-02-26 15:00:00,27.8955
2018-02-26 16:00:00,27.456
2018-02-26 17:00:00,25.918
2018-02-26 18:00:00,23.9405
2018-02-26 19:00:00,22.1825
2018-02-26 20:00:00,20.425
2018-02-26 21:00:00,19.326
2018-02-26 22:00:00,18.2275
2018-02-26 23:00:00,17.3485
2018-02-27 00:00:00,16.909
2018-02-27 01:00:00,16.909
2018-02-27 02:00:00,16.4695
2018-02-27 03:00:00,16.0305
2018-02-27 04:00:00,15.591
2018-02-27 05:00:00,14.932
2018-02-27 06:00:00,14.492
2018-02-27 07:00:00,14.053
2018-02-27 08:00:00,14.2725
2018-02-27 09:00:00,16.4695
2018-02-27 10:00:00,19.9855
2018-02-27 11:00:00,23.9405
2018-02-27 12:00:00,27.676
2018-02-27 13:00:00,28.994
2018-02-27 14:00:00,29.653
2018-02-27 15:00:00,27.676
2018-02-27 16:00:00,25.918
2018-02-27 17:00:00,25.039
2018-02-27 18:00:00,23.721
2018-02-27 19:00:00,20.8645
2018-02-27 20:00:00,19.326
2018-02-27 21:00:00,18.008
2018-02-27 22:00:00,16.689
2018-02-27 23:00:00,16.4695
2018-02-28 00:00:00,16.4695
2018-02-28 01:00:00,16.25
2018-02-28 02:00:00,16.25
2018-02-28 03:00:00,15.8105
2018-02-28 04:00:00,15.8105
2018-02-28 05:00:00,15.8105
2018-02-28 06:00:00,15.591
2018-02-28 07:00:00,15.1515
2018-02-28 08:00:00,14.9315
2018-02-28 09:00:00,14.9315
2018-02-28 10:00:00,14.9315
2018-02-28 11:00:00,15.591
2018-02-28 12:00:00,16.689
2018-02-28 13:00:00,16.909
2018-02-28 14:00:00,17.788
2018-02-28 15:00:00,18.2275
2018-02-28 16:00:00,19.3265
2018-02-28 17:00:00,19.546
2018-02-28 18:00:00,19.326
2018-02-28 19:00:00,18.447
2018-02-28 20:00:00,17.568
2018-02-28 21:00:00,16.689
2018-02-28 22:00:00,15.811
2018-02-28 23:00:00,15.591
2018-03-01 00:00:00,15.811
2018-03-01 01:00:00,16.25
2018-03-01 02:00:00,16.25
2018-03-01 03:00:00,16.25
2018-03-01 04:00:00,16.25
2018-03-01 05:00:00,15.371
2018-03-01 06:00:00,14.492
2018-03-01 07:00:00,14.053
2018-03-01 08:00:00,14.053
2018-03-01 09:00:00,16.25
2018-03-01 10:00:00,18.667
2018-03-01 11:00:00,19.546
2018-03-01 12:00:00,18.8865
2018-03-01 13:00:00,18.8865
2018-03-01 14:00:00,18.4475
2018-03-01 15:00:00,17.788
2018-03-01 16:00:00,17.1285
2018-03-01 17:00:00,16.6895
2018-03-01 18:00:00,16.0305
2018-03-01 19:00:00,15.591
2018-03-01 20:00:00,15.1515
2018-03-01 21:00:00,14.712
2018-03-01 22:00:00,14.2725
2018-03-01 23:00:00,14.2725
2018-03-02 00:00:00,13.3935
2018-03-02 01:00:00,12.5145
2018-03-02 02:00:00,10.537
2018-03-02 03:00:00,9.878
2018-03-02 04:00:00,9.878
2018-03-02 05:00:00,9.878
2018-03-02 06:00:00,10.098
2018-03-02 07:00:00,10.098
2018-03-02 08:00:00,10.098
2018-03-02 09:00:00,10.537
2018-03-02 10:00:00,11.855
2018-03-02 11:00:00,12.954
2018-03-02 12:00:00,13.833
2018-03-02 13:00:00,14.712
2018-03-02 14:00:00,15.3715
2018-03-02 15:00:00,16.4695
2018-03-02 16:00:00,16.6895
2018-03-02 17:00:00,16.4695
2018-03-02 18:00:00,16.25
2018-03-02 19:00:00,16.25
2018-03-02 20:00:00,16.25
2018-03-02 21:00:00,16.25
2018-03-02 22:00:00,15.811
2018-03-02 23:00:00,15.591
2018-03-03 00:00:00,15.1515
2018-03-03 01:00:00,13.1735
2018-03-03 02:00:00,12.5145
2018-03-03 03:00:00,12.954
2018-03-03 04:00:00,13.613
2018-03-03 05:00:00,14.053
2018-03-03 06:00:00,14.492
2018-03-03 07:00:00,14.712
2018-03-03 08:00:00,14.9315
2018-03-03 09:00:00,15.1515
2018-03-03 10:00:00,16.25
2018-03-03 11:00:00,18.4475
2018-03-03 12:00:00,22.1825
2018-03-03 13:00:00,25.039
2018-03-03 14:00:00,26.357
2018-03-03 15:00:00,28.335
2018-03-03 16:00:00,28.335
2018-03-03 17:00:00,27.236
2018-03-03 18:00:00,25.918
2018-03-03 19:00:00,24.5995
2018-03-03 20:00:00,23.9405
2018-03-03 21:00:00,23.281
2018-03-03 22:00:00,22.622
2018-03-03 23:00:00,22.1825
2018-03-04 00:00:00,21.963
2018-03-04 01:00:00,21.523
2018-03-04 02:00:00,21.3035
2018-03-04 03:00:00,20.8645
2018-03-04 04:00:00,20.645
2018-03-04 05:00:00,20.645
2018-03-04 06:00:00,20.645
2018-03-04 07:00:00,20.425
2018-03-04 08:00:00,20.425
2018-03-04 09:00:00,21.5235
2018-03-04 10:00:00,23.9405
2018-03-04 11:00:00,27.8955
2018-03-04 12:00:00,31.8505
2018-03-04 13:00:00,34.927
2018-03-04 14:00:00,36.6845
2018-03-04 15:00:00,34.707
2018-03-04 16:00:00,33.169
2018-03-04 17:00:00,31.631
2018-03-04 18:00:00,29.873
2018-03-04 19:00:00,27.236
2018-03-04 20:00:00,22.1825
2018-03-04 21:00:00,18.667
2018-03-04 22:00:00,16.689
2018-03-04 23:00:00,15.811
2018-03-05 00:00:00,14.492
2018-03-05 01:00:00,13.174
2018-03-05 02:00:00,12.295
2018-03-05 03:00:00,12.075
2018-03-05 04:00:00,11.855
2018-03-05 05:00:00,11.6355
2018-03-05 06:00:00,11.416
2018-03-05 07:00:00,10.757
2018-03-05 08:00:00,10.537
2018-03-05 09:00:00,10.537
2018-03-05 10:00:00,11.1965
2018-03-05 11:00:00,12.5145
2018-03-05 12:00:00,14.712
2018-03-05 13:00:00,17.5685
2018-03-05 14:00:00,21.5235
2018-03-05 15:00:00,24.6
2018-03-05 16:00:00,24.16
2018-03-05 17:00:00,22.622
2018-03-05 18:00:00,20.8645
2018-03-05 19:00:00,18.887
2018-03-05 20:00:00,17.788
2018-03-05 21:00:00,16.689
2018-03-05 22:00:00,15.811
2018-03-05 23:00:00,14.932
2018-03-06 00:00:00,14.492
2018-03-06 01:00:00,13.613
2018-03-06 02:00:00,12.954
2018-03-06 03:00:00,12.295
2018-03-06 04:00:00,11.855
2018-03-06 05:00:00,11.416
2018-03-06 06:00:00,11.1965
2018-03-06 07:00:00,10.757
2018-03-06 08:00:00,10.757
2018-03-06 09:00:00,11.416
2018-03-06 10:00:00,14.2725
2018-03-06 11:00:00,17.129
2018-03-06 12:00:00,18.4475
2018-03-06 13:00:00,18.008
2018-03-06 14:00:00,17.1285
2018-03-06 15:00:00,16.909
2018-03-06 16:00:00,16.4695
2018-03-06 17:00:00,16.25
2018-03-06 18:00:00,16.0305
2018-03-06 19:00:00,16.0305
2018-03-06 20:00:00,13.833
2018-03-06 21:00:00,13.3935
2018-03-06 22:00:00,12.5145
2018-03-06 23:00:00,11.6355
2018-03-07 00:00:00,11.6355
2018-03-07 01:00:00,11.6355
2018-03-07 02:00:00,11.855
2018-03-07 03:00:00,11.1965
2018-03-07 04:00:00,10.757
2018-03-07 05:00:00,10.0975
2018-03-07 06:00:00,9.6585
2018-03-07 07:00:00,9.4385
2018-03-07 08:00:00,9.4385
2018-03-07 09:00:00,9.6585
2018-03-07 10:00:00,9.6585
2018-03-07 11:00:00,10.0975
2018-03-07 12:00:00,10.3175
2018-03-07 13:00:00,10.757
2018-03-07 14:00:00,11.6355
2018-03-07 15:00:00,11.6355
2018-03-07 16:00:00,11.855
2018-03-07 17:00:00,11.855
2018-03-07 18:00:00,11.855
2018-03-07 19:00:00,11.855
2018-03-07 20:00:00,11.855
2018-03-07 21:00:00,12.075
2018-03-07 22:00:00,12.295
2018-03-07 23:00:00,12.295
2018-03-08 00:00:00,12.734
2018-03-08 01:00:00,12.5145
2018-03-08 02:00:00,12.5145
2018-03-08 03:00:00,12.075
2018-03-08 04:00:00,12.075
2018-03-08 05:00:00,11.6355
2018-03-08 06:00:00,11.6355
2018-03-08 07:00:00,11.6355
2018-03-08 08:00:00,11.6355
2018-03-08 09:00:00,12.5145
2018-03-08 10:00:00,13.6135
2018-03-08 11:00:00,15.1515
2018-03-08 12:00:00,17.5685
2018-03-08 13:00:00,19.1065
2018-03-08 14:00:00,18.887
2018-03-08 15:00:00,18.2275
2018-03-08 16:00:00,17.788
2018-03-08 17:00:00,17.5685
2018-03-08 18:00:00,17.1285
2018-03-08 19:00:00,16.6895
2018-03-08 20:00:00,16.4695
2018-03-08 21:00:00,15.811
2018-03-08 22:00:00,15.1515
2018-03-08 23:00:00,14.712
2018-03-09 00:00:00,13.833
2018-03-09 01:00:00,12.734
2018-03-09 02:00:00,11.6355
2018-03-09 03:00:00,11.1965
2018-03-09 04:00:00,10.3175
2018-03-09 05:00:00,9.4385
2018-03-09 06:00:00,8.999
2018-03-09 07:00:00,8.5595
2018-03-09 08:00:00,8.999
2018-03-09 09:00:00,10.9765
2018-03-09 10:00:00,14.2725
2018-03-09 11:00:00,17.5685
2018-03-09 12:00:00,19.985
2018-03-09 13:00:00,21.963
2018-03-09 14:00:00,23.721
2018-03-09 15:00:00,25.259
2018-03-09 16:00:00,24.1605
2018-03-09 17:00:00,22.842
2018-03-09 18:00:00,21.084
2018-03-09 19:00:00,18.667
2018-03-09 20:00:00,17.129
2018-03-09 21:00:00,15.591
2018-03-09 22:00:00,14.492
2018-03-09 23:00:00,14.053
2018-03-10 00:00:00,13.613
2018-03-10 01:00:00,13.174
2018-03-10 02:00:00,12.954
2018-03-10 03:00:00,12.5145
2018-03-10 04:00:00,12.075
2018-03-10 05:00:00,11.416
2018-03-10 06:00:00,10.757
2018-03-10 07:00:00,10.3175
2018-03-10 08:00:00,10.977
2018-03-10 09:00:00,13.174
2018-03-10 10:00:00,17.1285
2018-03-10 11:00:00,21.084
2018-03-10 12:00:00,23.9405
2018-03-10 13:00:00,25.698
2018-03-10 14:00:00,28.555
2018-03-10 15:00:00,30.532
2018-03-10 16:00:00,29.6535
2018-03-10 17:00:00,28.115
2018-03-10 18:00:00,25.6985
2018-03-10 19:00:00,23.721
2018-03-10 20:00:00,21.743
2018-03-10 21:00:00,19.9855
2018-03-10 22:00:00,18.887
2018-03-10 23:00:00,17.568
2018-03-11 00:00:00,16.909
2018-03-11 01:00:00,16.689
2018-03-11 02:00:00,16.689
2018-03-11 03:00:00,16.0305
2018-03-11 04:00:00,14.932
2018-03-11 05:00:00,14.2725
2018-03-11 06:00:00,13.613
2018-03-11 07:00:00,13.174
2018-03-11 08:00:00,14.053
2018-03-11 09:00:00,16.689
2018-03-11 10:00:00,20.425
2018-03-11 11:00:00,24.8195
2018-03-11 12:00:00,28.994
2018-03-11 13:00:00,30.972
2018-03-11 14:00:00,32.9495
2018-03-11 15:00:00,34.048
2018-03-11 16:00:00,32.949
2018-03-11 17:00:00,31.631
2018-03-11 18:00:00,30.0925
2018-03-11 19:00:00,27.236
2018-03-11 20:00:00,25.259
2018-03-11 21:00:00,23.721
2018-03-11 22:00:00,22.842
2018-03-11 23:00:00,22.842
2018-03-12 00:00:00,22.402
2018-03-12 01:00:00,21.963
2018-03-12 02:00:00,20.645
2018-03-12 03:00:00,19.326
2018-03-12 04:00:00,18.2275
2018-03-12 05:00:00,17.3485
2018-03-12 06:00:00,17.129
2018-03-12 07:00:00,17.129
2018-03-12 08:00:00,18.008
2018-03-12 09:00:00,20.205
2018-03-12 10:00:00,24.38
2018-03-12 11:00:00,28.335
2018-03-12 12:00:00,31.411
2018-03-12 13:00:00,33.608
2018-03-12 14:00:00,35.8055
2018-03-12 15:00:00,38.003
2018-03-12 16:00:00,36.6845
2018-03-12 17:00:00,35.1465
2018-03-12 18:00:00,33.6085
2018-03-12 19:00:00,30.752
2018-03-12 20:00:00,28.115
2018-03-12 21:00:00,25.918
2018-03-12 22:00:00,24.6
2018-03-12 23:00:00,23.501
2018-03-13 00:00:00,22.842
2018-03-13 01:00:00,21.963
2018-03-13 02:00:00,21.084
2018-03-13 03:00:00,20.645
2018-03-13 04:00:00,19.9855
2018-03-13 05:00:00,19.766
2018-03-13 06:00:00,19.546
2018-03-13 07:00:00,19.1065
2018-03-13 08:00:00,19.766
2018-03-13 09:00:00,22.402
2018-03-13 10:00:00,26.3575
2018-03-13 11:00:00,30.312
2018-03-13 12:00:00,33.3885
2018-03-13 13:00:00,35.586
2018-03-13 14:00:00,37.7835
2018-03-13 15:00:00,39.3215
2018-03-13 16:00:00,38.223
2018-03-13 17:00:00,36.465
2018-03-13 18:00:00,34.9265
2018-03-13 19:00:00,32.51
2018-03-13 20:00:00,30.312
2018-03-13 21:00:00,28.7745
2018-03-13 22:00:00,27.236
2018-03-13 23:00:00,26.357
2018-03-14 00:00:00,25.479
2018-03-14 01:00:00,24.8195
2018-03-14 02:00:00,24.16
2018-03-14 03:00:00,23.721
2018-03-14 04:00:00,23.721
2018-03-14 05:00:00,23.501
2018-03-14 06:00:00,23.501
2018-03-14 07:00:00,23.501
2018-03-14 08:00:00,23.721
2018-03-14 09:00:00,23.721
2018-03-14 10:00:00,24.8195
2018-03-14 11:00:00,25.6985
2018-03-14 12:00:00,26.3575
2018-03-14 13:00:00,27.456
2018-03-14 14:00:00,29.4335
2018-03-14 15:00:00,28.9945
2018-03-14 16:00:00,28.1155
2018-03-14 17:00:00,27.456
2018-03-14 18:00:00,27.2365
2018-03-14 19:00:00,27.0165
2018-03-14 20:00:00,26.577
2018-03-14 21:00:00,26.3575
2018-03-14 22:00:00,25.918
2018-03-14 23:00:00,25.6985
2018-03-15 00:00:00,25.6985
2018-03-15 01:00:00,25.479
2018-03-15 02:00:00,25.039
2018-03-15 03:00:00,24.8195
2018-03-15 04:00:00,24.6
2018-03-15 05:00:00,24.16
2018-03-15 06:00:00,24.16
2018-03-15 07:00:00,24.16
2018-03-15 08:00:00,24.6
2018-03-15 09:00:00,25.259
2018-03-15 10:00:00,26.577
2018-03-15 11:00:00,28.555
2018-03-15 12:00:00,29.873
2018-03-15 13:00:00,31.191
2018-03-15 14:00:00,33.828
2018-03-15 15:00:00,35.1465
2018-03-15 16:00:00,35.366
2018-03-15 17:00:00,30.752
2018-03-15 18:00:00,28.994
2018-03-15 19:00:00,24.6
2018-03-15 20:00:00,19.546
2018-03-15 21:00:00,17.129
2018-03-15 22:00:00,15.811
2018-03-15 23:00:00,14.712
2018-03-16 00:00:00,14.053
2018-03-16 01:00:00,13.613
2018-03-16 02:00:00,12.954
2018-03-16 03:00:00,12.734
2018-03-16 04:00:00,12.954
2018-03-16 05:00:00,12.5145
2018-03-16 06:00:00,12.075
2018-03-16 07:00:00,11.416
2018-03-16 08:00:00,10.537
2018-03-16 09:00:00,10.537
2018-03-16 10:00:00,10.977
2018-03-16 11:00:00,11.855
2018-03-16 12:00:00,13.3935
2018-03-16 13:00:00,14.2725
2018-03-16 14:00:00,14.932
2018-03-16 15:00:00,15.811
2018-03-16 16:00:00,16.909
2018-03-16 17:00:00,16.909
2018-03-16 18:00:00,16.25
2018-03-16 19:00:00,15.591
2018-03-16 20:00:00,15.371
2018-03-16 21:00:00,14.932
2018-03-16 22:00:00,14.492
2018-03-16 23:00:00,13.613
2018-03-17 00:00:00,12.954
2018-03-17 01:00:00,12.075
2018-03-17 02:00:00,12.075
2018-03-17 03:00:00,11.6355
2018-03-17 04:00:00,11.1965
2018-03-17 05:00:00,11.1965
2018-03-17 06:00:00,11.1965
2018-03-17 07:00:00,11.1965
2018-03-17 08:00:00,12.295
2018-03-17 09:00:00,13.833
2018-03-17 10:00:00,16.4695
2018-03-17 11:00:00,19.1065
2018-03-17 12:00:00,21.963
2018-03-17 13:00:00,23.2815
2018-03-17 14:00:00,23.0615
2018-03-17 15:00:00,23.721
2018-03-17 16:00:00,23.281
2018-03-17 17:00:00,22.842
2018-03-17 18:00:00,21.743
2018-03-17 19:00:00,20.425
2018-03-17 20:00:00,19.9855
2018-03-17 21:00:00,19.546
2018-03-17 22:00:00,19.1065
2018-03-17 23:00:00,19.1065
2018-03-18 00:00:00,17.3485
2018-03-18 01:00:00,16.4695
2018-03-18 02:00:00,16.25
2018-03-18 03:00:00,16.909
2018-03-18 04:00:00,17.3485
2018-03-18 05:00:00,16.909
2018-03-18 06:00:00,16.0305
2018-03-18 07:00:00,16.0305
2018-03-18 08:00:00,16.25
2018-03-18 09:00:00,16.4695
2018-03-18 10:00:00,16.4695
2018-03-18 11:00:00,16.909
2018-03-18 12:00:00,17.3485
2018-03-18 13:00:00,17.788
2018-03-18 14:00:00,17.788
2018-03-18 15:00:00,17.788
2018-03-18 16:00:00,18.008
2018-03-18 17:00:00,17.5685
2018-03-18 18:00:00,16.6895
2018-03-18 19:00:00,16.909
2018-03-18 20:00:00,16.689
2018-03-18 21:00:00,16.25
2018-03-18 22:00:00,16.25
2018-03-18 23:00:00,16.4695
2018-03-19 00:00:00,16.6895
2018-03-19 01:00:00,16.4695
2018-03-19 02:00:00,16.25
2018-03-19 03:00:00,15.811
2018-03-19 04:00:00,15.371
2018-03-19 05:00:00,14.932
2018-03-19 06:00:00,14.492
2018-03-19 07:00:00,14.2725
2018-03-19 08:00:00,14.2725
2018-03-19 09:00:00,14.712
2018-03-19 10:00:00,14.9315
2018-03-19 11:00:00,15.1515
2018-03-19 12:00:00,16.0305
2018-03-19 13:00:00,16.4695
2018-03-19 14:00:00,16.909
2018-03-19 15:00:00,17.129
2018-03-19 16:00:00,16.909
2018-03-19 17:00:00,16.689
2018-03-19 18:00:00,16.4695
2018-03-19 19:00:00,16.25
2018-03-19 20:00:00,16.25
2018-03-19 21:00:00,15.371
2018-03-19 22:00:00,15.371
2018-03-19 23:00:00,15.591
2018-03-20 00:00:00,15.591
2018-03-20 01:00:00,14.492
2018-03-20 02:00:00,14.2725
2018-03-20 03:00:00,13.833
2018-03-20 04:00:00,13.1735
2018-03-20 05:00:00,12.5145
2018-03-20 06:00:00,12.295
2018-03-20 07:00:00,11.855
2018-03-20 08:00:00,11.855
2018-03-20 09:00:00,12.075
2018-03-20 10:00:00,11.6355
2018-03-20 11:00:00,11.6355
2018-03-20 12:00:00,11.855
2018-03-20 13:00:00,12.295
2018-03-20 14:00:00,12.075
2018-03-20 15:00:00,11.8555
2018-03-20 16:00:00,11.8555
2018-03-20 17:00:00,11.6355
2018-03-20 18:00:00,11.6355
2018-03-20 19:00:00,11.416
2018-03-20 20:00:00,10.5375
2018-03-20 21:00:00,10.0975
2018-03-20 22:00:00,10.3175
2018-03-20 23:00:00,10.3175
2018-03-21 00:00:00,10.3175
2018-03-21 01:00:00,10.5375
2018-03-21 02:00:00,10.3175
2018-03-21 03:00:00,9.878
2018-03-21 04:00:00,9.878
2018-03-21 05:00:00,10.0975
2018-03-21 06:00:00,10.3175
2018-03-21 07:00:00,10.3175
2018-03-21 08:00:00,10.9765
2018-03-21 09:00:00,11.8555
2018-03-21 10:00:00,13.6135
2018-03-21 11:00:00,14.2725
2018-03-21 12:00:00,14.492
2018-03-21 13:00:00,16.03
2018-03-21 14:00:00,19.1065
2018-03-21 15:00:00,20.6445
2018-03-21 16:00:00,20.425
2018-03-21 17:00:00,20.425
2018-03-21 18:00:00,19.9855
2018-03-21 19:00:00,18.667
2018-03-21 20:00:00,17.568
2018-03-21 21:00:00,16.25
2018-03-21 22:00:00,15.1515
2018-03-21 23:00:00,14.2725
2018-03-22 00:00:00,13.3935
2018-03-22 01:00:00,12.5145
2018-03-22 02:00:00,12.075
2018-03-22 03:00:00,11.416
2018-03-22 04:00:00,10.757
2018-03-22 05:00:00,10.3175
2018-03-22 06:00:00,9.878
2018-03-22 07:00:00,9.878
2018-03-22 08:00:00,10.977
2018-03-22 09:00:00,13.613
2018-03-22 10:00:00,17.788
2018-03-22 11:00:00,21.5235
2018-03-22 12:00:00,24.1605
2018-03-22 13:00:00,26.138
2018-03-22 14:00:00,27.456
2018-03-22 15:00:00,27.456
2018-03-22 16:00:00,26.357
2018-03-22 17:00:00,25.039
2018-03-22 18:00:00,23.9405
2018-03-22 19:00:00,22.402
2018-03-22 20:00:00,21.084
2018-03-22 21:00:00,20.205
2018-03-22 22:00:00,19.326
2018-03-22 23:00:00,18.887
2018-03-23 00:00:00,18.887
2018-03-23 01:00:00,18.008
2018-03-23 02:00:00,17.129
2018-03-23 03:00:00,16.25
2018-03-23 04:00:00,15.591
2018-03-23 05:00:00,14.932
2018-03-23 06:00:00,14.492
2018-03-23 07:00:00,14.2725
2018-03-23 08:00:00,15.811
2018-03-23 09:00:00,18.447
2018-03-23 10:00:00,22.842
2018-03-23 11:00:00,27.236
2018-03-23 12:00:00,30.3125
2018-03-23 13:00:00,32.29
2018-03-23 14:00:00,34.707
2018-03-23 15:00:00,36.245
2018-03-23 16:00:00,35.1465
2018-03-23 17:00:00,32.7295
2018-03-23 18:00:00,30.0925
2018-03-23 19:00:00,27.8955
2018-03-23 20:00:00,25.918
2018-03-23 21:00:00,24.16
2018-03-23 22:00:00,22.842
2018-03-23 23:00:00,22.1825
2018-03-24 00:00:00,21.963
2018-03-24 01:00:00,21.523
2018-03-24 02:00:00,20.645
2018-03-24 03:00:00,20.205
2018-03-24 04:00:00,19.9855
2018-03-24 05:00:00,19.9855
2018-03-24 06:00:00,19.766
2018-03-24 07:00:00,19.546
2018-03-24 08:00:00,20.8645
2018-03-24 09:00:00,22.842
2018-03-24 10:00:00,24.38
2018-03-24 11:00:00,27.0165
2018-03-24 12:00:00,29.873
2018-03-24 13:00:00,32.0705
2018-03-24 14:00:00,34.707
2018-03-24 15:00:00,36.6845
2018-03-24 16:00:00,36.025
2018-03-24 17:00:00,34.4875
2018-03-24 18:00:00,32.7295
2018-03-24 19:00:00,30.752
2018-03-24 20:00:00,28.7745
2018-03-24 21:00:00,26.797
2018-03-24 22:00:00,25.479
2018-03-24 23:00:00,24.38
2018-03-25 00:00:00,23.721
2018-03-25 01:00:00,22.842
2018-03-25 02:00:00,21.963
2018-03-25 03:00:00,21.3035
2018-03-25 04:00:00,20.645
2018-03-25 05:00:00,20.205
2018-03-25 06:00:00,19.766
2018-03-25 07:00:00,19.546
2018-03-25 08:00:00,20.8645
2018-03-25 09:00:00,23.281
2018-03-25 10:00:00,26.577
2018-03-25 11:00:00,29.214
2018-03-25 12:00:00,30.7515
2018-03-25 13:00:00,32.7295
2018-03-25 14:00:00,34.707
2018-03-25 15:00:00,36.465
2018-03-25 16:00:00,35.8055
2018-03-25 17:00:00,33.828
2018-03-25 18:00:00,31.8505
2018-03-25 19:00:00,29.873
2018-03-25 20:00:00,28.115
2018-03-25 21:00:00,26.797
2018-03-25 22:00:00,25.479
2018-03-25 23:00:00,24.6
2018-03-26 00:00:00,24.16
2018-03-26 01:00:00,23.281
2018-03-26 02:00:00,22.622
2018-03-26 03:00:00,21.743
2018-03-26 04:00:00,21.084
2018-03-26 05:00:00,20.645
2018-03-26 06:00:00,19.9855
2018-03-26 07:00:00,19.546
2018-03-26 08:00:00,20.645
2018-03-26 09:00:00,23.281
2018-03-26 10:00:00,27.456
2018-03-26 11:00:00,31.631
2018-03-26 12:00:00,34.707
2018-03-26 13:00:00,34.9265
2018-03-26 14:00:00,33.8285
2018-03-26 15:00:00,32.7295
2018-03-26 16:00:00,33.169
2018-03-26 17:00:00,33.169
2018-03-26 18:00:00,32.0705
2018-03-26 19:00:00,30.312
2018-03-26 20:00:00,28.555
2018-03-26 21:00:00,26.797
2018-03-26 22:00:00,25.6985
2018-03-26 23:00:00,25.039
2018-03-27 00:00:00,24.16
2018-03-27 01:00:00,23.721
2018-03-27 02:00:00,23.281
2018-03-27 03:00:00,23.281
2018-03-27 04:00:00,22.842
2018-03-27 05:00:00,21.963
2018-03-27 06:00:00,21.523
2018-03-27 07:00:00,21.084
2018-03-27 08:00:00,22.402
2018-03-27 09:00:00,24.1605
2018-03-27 10:00:00,27.6755
2018-03-27 11:00:00,31.411
2018-03-27 12:00:00,34.0475
2018-03-27 13:00:00,35.8055
2018-03-27 14:00:00,37.3435
2018-03-27 15:00:00,38.4425
2018-03-27 16:00:00,37.5635
2018-03-27 17:00:00,36.465
2018-03-27 18:00:00,34.4875
2018-03-27 19:00:00,32.7295
2018-03-27 20:00:00,30.9715
2018-03-27 21:00:00,29.873
2018-03-27 22:00:00,28.7745
2018-03-27 23:00:00,27.8955
2018-03-28 00:00:00,27.456
2018-03-28 01:00:00,26.577
2018-03-28 02:00:00,26.1375
2018-03-28 03:00:00,25.6985
2018-03-28 04:00:00,25.039
2018-03-28 05:00:00,24.38
2018-03-28 06:00:00,23.721
2018-03-28 07:00:00,23.281
2018-03-28 08:00:00,24.38
2018-03-28 09:00:00,26.3575
2018-03-28 10:00:00,30.093
2018-03-28 11:00:00,33.8285
2018-03-28 12:00:00,36.4645
2018-03-28 13:00:00,38.4425
2018-03-28 14:00:00,41.079
2018-03-28 15:00:00,42.6175
2018-03-28 16:00:00,41.079
2018-03-28 17:00:00,39.1015
2018-03-28 18:00:00,37.5635
2018-03-28 19:00:00,34.9265
2018-03-28 20:00:00,32.51
2018-03-28 21:00:00,30.752
2018-03-28 22:00:00,29.434
2018-03-28 23:00:00,28.555
2018-03-29 00:00:00,28.115
2018-03-29 01:00:00,28.115
2018-03-29 02:00:00,27.8955
2018-03-29 03:00:00,27.676
2018-03-29 04:00:00,27.0165
2018-03-29 05:00:00,25.6985
2018-03-29 06:00:00,24.8195
2018-03-29 07:00:00,24.38
2018-03-29 08:00:00,25.479
2018-03-29 09:00:00,27.0165
2018-03-29 10:00:00,30.0925
2018-03-29 11:00:00,33.169
2018-03-29 12:00:00,35.366
2018-03-29 13:00:00,37.124
2018-03-29 14:00:00,39.3215
2018-03-29 15:00:00,39.98
2018-03-29 16:00:00,38.223
2018-03-29 17:00:00,36.465
2018-03-29 18:00:00,35.146
2018-03-29 19:00:00,33.828
2018-03-29 20:00:00,32.51
2018-03-29 21:00:00,31.631
2018-03-29 22:00:00,30.532
2018-03-29 23:00:00,29.434
2018-03-30 00:00:00,28.115
2018-03-30 01:00:00,27.456
2018-03-30 02:00:00,26.577
2018-03-30 03:00:00,25.479
2018-03-30 04:00:00,24.8195
2018-03-30 05:00:00,24.16
2018-03-30 06:00:00,23.721
2018-03-30 07:00:00,23.281
2018-03-30 08:00:00,23.0615
2018-03-30 09:00:00,24.16
2018-03-30 10:00:00,25.259
2018-03-30 11:00:00,25.6985
2018-03-30 12:00:00,26.577
2018-03-30 13:00:00,27.8955
2018-03-30 14:00:00,31.191
2018-03-30 15:00:00,34.048
2018-03-30 16:00:00,34.2675
2018-03-30 17:00:00,33.6085
2018-03-30 18:00:00,32.07
2018-03-30 19:00:00,30.532
2018-03-30 20:00:00,29.434
2018-03-30 21:00:00,28.335
2018-03-30 22:00:00,27.236
2018-03-30 23:00:00,26.577
2018-03-31 00:00:00,26.1375
2018-03-31 01:00:00,26.1375
2018-03-31 02:00:00,26.1375
2018-03-31 03:00:00,26.1375
2018-03-31 04:00:00,26.1375
2018-03-31 05:00:00,26.1375
2018-03-31 06:00:00,26.1375
2018-03-31 07:00:00,26.1375
2018-03-31 08:00:00,26.1375
2018-03-31 09:00:00,26.1375
2018-03-31 10:00:00,26.1375
2018-03-31 11:00:00,26.1375
2018-03-31 12:00:00,26.1375
2018-03-31 13:00:00,26.1375
2018-03-31 14:00:00,26.1375
2018-03-31 15:00:00,26.1375
2018-03-31 16:00:00,26.1375
2018-03-31 17:00:00,26.1375
2018-03-31 18:00:00,26.1375
2018-03-31 19:00:00,26.1375
2018-03-31 20:00:00,26.1375
2018-03-31 21:00:00,26.1375
2018-03-31 22:00:00,26.1375
2018-03-31 23:00:00,26.1375
2018-04-01 00:00:00,27.676
2018-04-01 01:00:00,27.0165
2018-04-01 02:00:00,26.357
2018-04-01 03:00:00,25.6985
2018-04-01 04:00:00,25.039
2018-04-01 05:00:00,24.6
2018-04-01 06:00:00,24.16
2018-04-01 07:00:00,24.16
2018-04-01 08:00:00,25.479
2018-04-01 09:00:00,28.335
2018-04-01 10:00:00,32.07
2018-04-01 11:00:00,36.0255
2018-04-01 12:00:00,38.8815
2018-04-01 13:00:00,40.2005
2018-04-01 14:00:00,42.3975
2018-04-01 15:00:00,42.837
2018-04-01 16:00:00,40.6395
2018-04-01 17:00:00,39.98
2018-04-01 18:00:00,38.4425
2018-04-01 19:00:00,36.6845
2018-04-01 20:00:00,35.366
2018-04-01 21:00:00,34.048
2018-04-01 22:00:00,33.169
2018-04-01 23:00:00,32.7295
2018-04-02 00:00:00,32.29
2018-04-02 01:00:00,31.8505
2018-04-02 02:00:00,31.191
2018-04-02 03:00:00,30.752
2018-04-02 04:00:00,30.312
2018-04-02 05:00:00,29.873
2018-04-02 06:00:00,29.6535
2018-04-02 07:00:00,29.6535
2018-04-02 08:00:00,29.6535
2018-04-02 09:00:00,30.532
2018-04-02 10:00:00,31.8505
2018-04-02 11:00:00,34.4875
2018-04-02 12:00:00,36.245
2018-04-02 13:00:00,37.5635
2018-04-02 14:00:00,39.541
2018-04-02 15:00:00,40.6395
2018-04-02 16:00:00,39.761
2018-04-02 17:00:00,38.003
2018-04-02 18:00:00,36.6845
2018-04-02 19:00:00,35.366
2018-04-02 20:00:00,34.707
2018-04-02 21:00:00,33.828
2018-04-02 22:00:00,32.949
2018-04-02 23:00:00,32.29
2018-04-03 00:00:00,31.631
2018-04-03 01:00:00,30.752
2018-04-03 02:00:00,30.0925
2018-04-03 03:00:00,29.434
2018-04-03 04:00:00,28.994
2018-04-03 05:00:00,28.335
2018-04-03 06:00:00,27.676
2018-04-03 07:00:00,27.676
2018-04-03 08:00:00,28.5545
2018-04-03 09:00:00,30.7515
2018-04-03 10:00:00,34.487
2018-04-03 11:00:00,37.7835
2018-04-03 12:00:00,40.2005
2018-04-03 13:00:00,42.3975
2018-04-03 14:00:00,43.936
2018-04-03 15:00:00,45.034
2018-04-03 16:00:00,43.936
2018-04-03 17:00:00,42.837
2018-04-03 18:00:00,41.5185
2018-04-03 19:00:00,39.102
2018-04-03 20:00:00,36.904
2018-04-03 21:00:00,35.146
2018-04-03 22:00:00,33.828
2018-04-03 23:00:00,32.949
2018-04-04 00:00:00,32.07
2018-04-04 01:00:00,30.532
2018-04-04 02:00:00,28.5545
2018-04-04 03:00:00,26.7965
2018-04-04 04:00:00,25.259
2018-04-04 05:00:00,23.9405
2018-04-04 06:00:00,22.622
2018-04-04 07:00:00,21.743
2018-04-04 08:00:00,20.8645
2018-04-04 09:00:00,19.9855
2018-04-04 10:00:00,19.766
2018-04-04 11:00:00,19.766
2018-04-04 12:00:00,19.766
2018-04-04 13:00:00,19.9855
2018-04-04 14:00:00,19.9855
2018-04-04 15:00:00,19.766
2018-04-04 16:00:00,19.546
2018-04-04 17:00:00,19.1065
2018-04-04 18:00:00,19.1065
2018-04-04 19:00:00,19.1065
2018-04-04 20:00:00,19.1065
2018-04-04 21:00:00,19.1065
2018-04-04 22:00:00,18.667
2018-04-04 23:00:00,18.667
2018-04-05 00:00:00,18.667
2018-04-05 01:00:00,18.667
2018-04-05 02:00:00,18.447
2018-04-05 03:00:00,18.2275
2018-04-05 04:00:00,17.788
2018-04-05 05:00:00,17.568
2018-04-05 06:00:00,17.568
2018-04-05 07:00:00,17.3485
2018-04-05 08:00:00,17.129
2018-04-05 09:00:00,16.4695
2018-04-05 10:00:00,15.371
2018-04-05 11:00:00,14.053
2018-04-05 12:00:00,12.954
2018-04-05 13:00:00,12.954
2018-04-05 14:00:00,12.295
2018-04-05 15:00:00,12.075
2018-04-05 16:00:00,11.6355
2018-04-05 17:00:00,11.1965
2018-04-05 18:00:00,11.1965
2018-04-05 19:00:00,11.1965
2018-04-05 20:00:00,11.1965
2018-04-05 21:00:00,11.1965
2018-04-05 22:00:00,11.6355
2018-04-05 23:00:00,11.6355
2018-04-06 00:00:00,11.8555
2018-04-06 01:00:00,11.8555
2018-04-06 02:00:00,11.636
2018-04-06 03:00:00,12.2945
2018-04-06 04:00:00,12.954
2018-04-06 05:00:00,12.954
2018-04-06 06:00:00,12.954
2018-04-06 07:00:00,13.1735
2018-04-06 08:00:00,14.2725
2018-04-06 09:00:00,16.4695
2018-04-06 10:00:00,18.4475
2018-04-06 11:00:00,21.084
2018-04-06 12:00:00,24.16
2018-04-06 13:00:00,25.918
2018-04-06 14:00:00,26.577
2018-04-06 15:00:00,25.698
2018-04-06 16:00:00,25.0395
2018-04-06 17:00:00,24.38
2018-04-06 18:00:00,22.4025
2018-04-06 19:00:00,20.6445
2018-04-06 20:00:00,19.546
2018-04-06 21:00:00,18.667
2018-04-06 22:00:00,18.2275
2018-04-06 23:00:00,17.788
2018-04-07 00:00:00,17.5685
2018-04-07 01:00:00,16.6895
2018-04-07 02:00:00,16.0305
2018-04-07 03:00:00,15.371
2018-04-07 04:00:00,14.712
2018-04-07 05:00:00,14.0525
2018-04-07 06:00:00,13.3935
2018-04-07 07:00:00,13.3935
2018-04-07 08:00:00,14.932
2018-04-07 09:00:00,16.6895
2018-04-07 10:00:00,19.546
2018-04-07 11:00:00,22.4025
2018-04-07 12:00:00,23.9405
2018-04-07 13:00:00,25.259
2018-04-07 14:00:00,26.797
2018-04-07 15:00:00,27.676
2018-04-07 16:00:00,26.577
2018-04-07 17:00:00,25.2585
2018-04-07 18:00:00,23.501
2018-04-07 19:00:00,21.523
2018-04-07 20:00:00,19.766
2018-04-07 21:00:00,18.2275
2018-04-07 22:00:00,17.129
2018-04-07 23:00:00,16.25
2018-04-08 00:00:00,15.371
2018-04-08 01:00:00,14.932
2018-04-08 02:00:00,14.492
2018-04-08 03:00:00,14.492
2018-04-08 04:00:00,14.053
2018-04-08 05:00:00,13.613
2018-04-08 06:00:00,12.954
2018-04-08 07:00:00,13.174
2018-04-08 08:00:00,15.8105
2018-04-08 09:00:00,18.2275
2018-04-08 10:00:00,22.1825
2018-04-08 11:00:00,25.259
2018-04-08 12:00:00,27.8955
2018-04-08 13:00:00,30.3125
2018-04-08 14:00:00,32.7295
2018-04-08 15:00:00,34.2675
2018-04-08 16:00:00,33.389
2018-04-08 17:00:00,32.07
2018-04-08 18:00:00,30.312
2018-04-08 19:00:00,28.335
2018-04-08 20:00:00,27.236
2018-04-08 21:00:00,26.357
2018-04-08 22:00:00,25.918
2018-04-08 23:00:00,25.039
2018-04-09 00:00:00,23.501
2018-04-09 01:00:00,21.963
2018-04-09 02:00:00,21.084
2018-04-09 03:00:00,20.205
2018-04-09 04:00:00,19.766
2018-04-09 05:00:00,18.887
2018-04-09 06:00:00,18.447
2018-04-09 07:00:00,18.008
2018-04-09 08:00:00,20.6445
2018-04-09 09:00:00,23.9405
2018-04-09 10:00:00,28.335
2018-04-09 11:00:00,32.07
2018-04-09 12:00:00,34.2675
2018-04-09 13:00:00,36.245
2018-04-09 14:00:00,38.4425
2018-04-09 15:00:00,39.9805
2018-04-09 16:00:00,38.882
2018-04-09 17:00:00,37.124
2018-04-09 18:00:00,35.8055
2018-04-09 19:00:00,33.828
2018-04-09 20:00:00,32.07
2018-04-09 21:00:00,30.9715
2018-04-09 22:00:00,29.6535
2018-04-09 23:00:00,29.214
2018-04-10 00:00:00,28.115
2018-04-10 01:00:00,26.797
2018-04-10 02:00:00,25.918
2018-04-10 03:00:00,25.4785
2018-04-10 04:00:00,25.259
2018-04-10 05:00:00,24.8195
2018-04-10 06:00:00,23.721
2018-04-10 07:00:00,23.501
2018-04-10 08:00:00,25.918
2018-04-10 09:00:00,28.9945
2018-04-10 10:00:00,33.169
2018-04-10 11:00:00,36.4645
2018-04-10 12:00:00,38.442
2018-04-10 13:00:00,39.761
2018-04-10 14:00:00,41.5185
2018-04-10 15:00:00,42.3975
2018-04-10 16:00:00,41.5185
2018-04-10 17:00:00,39.98
2018-04-10 18:00:00,38.6375
2018-04-10 19:00:00,36.8795
2018-04-10 20:00:00,34.6825
2018-04-10 21:00:00,32.9245
2018-04-10 22:00:00,32.0455
2018-04-10 23:00:00,31.167
2018-04-11 00:00:00,30.7275
2018-04-11 01:00:00,30.5075
2018-04-11 02:00:00,30.0685
2018-04-11 03:00:00,28.9695
2018-04-11 04:00:00,28.3105
2018-04-11 05:00:00,27.6515
2018-04-11 06:00:00,27.212
2018-04-11 07:00:00,26.7725
2018-04-11 08:00:00,28.5305
2018-04-11 09:00:00,31.167
2018-04-11 10:00:00,33.8035
2018-04-11 11:00:00,36.001
2018-04-11 12:00:00,37.9785
2018-04-11 13:00:00,39.5165
2018-04-11 14:00:00,39.956
2018-04-11 15:00:00,39.297
2018-04-11 16:00:00,38.198
2018-04-11 17:00:00,35.781
2018-04-11 18:00:00,33.584
2018-04-11 19:00:00,32.0455
2018-04-11 20:00:00,30.288
2018-04-11 21:00:00,28.9695
2018-04-11 22:00:00,28.0905
2018-04-11 23:00:00,27.871
2018-04-12 00:00:00,27.212
2018-04-12 01:00:00,26.7725
2018-04-12 02:00:00,26.333
2018-04-12 03:00:00,25.8935
2018-04-12 04:00:00,25.674
2018-04-12 05:00:00,25.674
2018-04-12 06:00:00,25.4545
2018-04-12 07:00:00,25.0145
2018-04-12 08:00:00,25.2345
2018-04-12 09:00:00,25.4545
2018-04-12 10:00:00,25.674
2018-04-12 11:00:00,23.4765
2018-04-12 12:00:00,22.378
2018-04-12 13:00:00,25.674
2018-04-12 14:00:00,26.7725
2018-04-12 15:00:00,26.7725
2018-04-12 16:00:00,26.333
2018-04-12 17:00:00,25.8935
2018-04-12 18:00:00,25.8935
2018-04-12 19:00:00,25.2345
2018-04-12 20:00:00,24.5755
2018-04-12 21:00:00,24.1355
2018-04-12 22:00:00,23.6965
2018-04-12 23:00:00,23.6965
2018-04-13 00:00:00,23.2565
2018-04-13 01:00:00,23.2565
2018-04-13 02:00:00,23.2565
2018-04-13 03:00:00,23.037
2018-04-13 04:00:00,22.8175
2018-04-13 05:00:00,22.598
2018-04-13 06:00:00,22.378
2018-04-13 07:00:00,19.961
2018-04-13 08:00:00,18.203
2018-04-13 09:00:00,17.324
2018-04-13 10:00:00,17.764
2018-04-13 11:00:00,20.4005
2018-04-13 12:00:00,21.7185
2018-04-13 13:00:00,23.037
2018-04-13 14:00:00,23.916
2018-04-13 15:00:00,24.3555
2018-04-13 16:00:00,24.3555
2018-04-13 17:00:00,24.3555
2018-04-13 18:00:00,24.3555
2018-04-13 19:00:00,23.037
2018-04-13 20:00:00,21.499
2018-04-13 21:00:00,20.6205
2018-04-13 22:00:00,19.7415
2018-04-13 23:00:00,19.961
2018-04-14 00:00:00,19.082
2018-04-14 01:00:00,19.082
2018-04-14 02:00:00,18.203
2018-04-14 03:00:00,17.764
2018-04-14 04:00:00,17.764
2018-04-14 05:00:00,17.764
2018-04-14 06:00:00,16.4455
2018-04-14 07:00:00,16.4455
2018-04-14 08:00:00,16.4455
2018-04-14 09:00:00,16.2255
2018-04-14 10:00:00,16.4455
2018-04-14 11:00:00,16.8845
2018-04-14 12:00:00,17.1045
2018-04-14 13:00:00,17.544
2018-04-14 14:00:00,17.7635
2018-04-14 15:00:00,20.181
2018-04-14 16:00:00,20.181
2018-04-14 17:00:00,18.862
2018-04-14 18:00:00,18.6425
2018-04-14 19:00:00,18.6425
2018-04-14 20:00:00,18.8625
2018-04-14 21:00:00,18.8625
2018-04-14 22:00:00,18.8625
2018-04-14 23:00:00,18.4225
2018-04-15 00:00:00,18.4225
2018-04-15 01:00:00,17.9835
2018-04-15 02:00:00,17.764
2018-04-15 03:00:00,17.324
2018-04-15 04:00:00,17.1045
2018-04-15 05:00:00,16.445
2018-04-15 06:00:00,15.7865
2018-04-15 07:00:00,15.5665
2018-04-15 08:00:00,17.544
2018-04-15 09:00:00,20.4005
2018-04-15 10:00:00,24.1355
2018-04-15 11:00:00,27.8715
2018-04-15 12:00:00,30.508
2018-04-15 13:00:00,32.4855
2018-04-15 14:00:00,35.122
2018-04-15 15:00:00,36.001
2018-04-15 16:00:00,34.4625
2018-04-15 17:00:00,32.046
2018-04-15 18:00:00,30.068
2018-04-15 19:00:00,27.871
2018-04-15 20:00:00,25.0145
2018-04-15 21:00:00,22.8175
2018-04-15 22:00:00,21.0595
2018-04-15 23:00:00,19.7415
2018-04-16 00:00:00,18.8625
2018-04-16 01:00:00,17.9835
2018-04-16 02:00:00,17.1045
2018-04-16 03:00:00,16.665
2018-04-16 04:00:00,16.006
2018-04-16 05:00:00,15.5665
2018-04-16 06:00:00,15.3465
2018-04-16 07:00:00,15.7865
2018-04-16 08:00:00,17.544
2018-04-16 09:00:00,19.961
2018-04-16 10:00:00,22.378
2018-04-16 11:00:00,24.5755
2018-04-16 12:00:00,26.7725
2018-04-16 13:00:00,27.4315
2018-04-16 14:00:00,27.4315
2018-04-16 15:00:00,29.1895
2018-04-16 16:00:00,29.849
2018-04-16 17:00:00,29.4095
2018-04-16 18:00:00,28.091
2018-04-16 19:00:00,26.1135
2018-04-16 20:00:00,23.6965
2018-04-16 21:00:00,21.9385
2018-04-16 22:00:00,20.4005
2018-04-16 23:00:00,19.961
2018-04-17 00:00:00,19.5215
2018-04-17 01:00:00,19.5215
2018-04-17 02:00:00,18.8625
2018-04-17 03:00:00,18.203
2018-04-17 04:00:00,17.9835
2018-04-17 05:00:00,17.7635
2018-04-17 06:00:00,17.544
2018-04-17 07:00:00,17.544
2018-04-17 08:00:00,19.302
2018-04-17 09:00:00,21.9385
2018-04-17 10:00:00,25.0145
2018-04-17 11:00:00,28.9695
2018-04-17 12:00:00,31.387
2018-04-17 13:00:00,33.364
2018-04-17 14:00:00,36.4405
2018-04-17 15:00:00,37.759
2018-04-17 16:00:00,36.2205
2018-04-17 17:00:00,34.463
2018-04-17 18:00:00,32.2655
2018-04-17 19:00:00,30.0685
2018-04-17 20:00:00,28.0905
2018-04-17 21:00:00,26.333
2018-04-17 22:00:00,25.2345
2018-04-17 23:00:00,24.795
2018-04-18 00:00:00,24.3555
2018-04-18 01:00:00,23.916
2018-04-18 02:00:00,23.4765
2018-04-18 03:00:00,23.037
2018-04-18 04:00:00,22.378
2018-04-18 05:00:00,21.499
2018-04-18 06:00:00,21.0595
2018-04-18 07:00:00,21.2795
2018-04-18 08:00:00,22.817
2018-04-18 09:00:00,25.4545
2018-04-18 10:00:00,28.9695
2018-04-18 11:00:00,32.705
2018-04-18 12:00:00,34.463
2018-04-18 13:00:00,36.2205
2018-04-18 14:00:00,38.418
2018-04-18 15:00:00,39.517
2018-04-18 16:00:00,38.8575
2018-04-18 17:00:00,37.319
2018-04-18 18:00:00,35.5615
2018-04-18 19:00:00,33.584
2018-04-18 20:00:00,31.3865
2018-04-18 21:00:00,29.4095
2018-04-18 22:00:00,28.5305
2018-04-18 23:00:00,28.3105
2018-04-19 00:00:00,27.871
2018-04-19 01:00:00,27.4315
2018-04-19 02:00:00,26.5525
2018-04-19 03:00:00,25.4545
2018-04-19 04:00:00,24.5755
2018-04-19 05:00:00,23.6965
2018-04-19 06:00:00,22.8175
2018-04-19 07:00:00,23.2565
2018-04-19 08:00:00,25.454
2018-04-19 09:00:00,28.0905
2018-04-19 10:00:00,31.826
2018-04-19 11:00:00,36.4405
2018-04-19 12:00:00,38.6375
2018-04-19 13:00:00,40.1755
2018-04-19 14:00:00,42.8125
2018-04-19 15:00:00,43.911
2018-04-19 16:00:00,42.373
2018-04-19 17:00:00,40.835
2018-04-19 18:00:00,39.297
2018-04-19 19:00:00,37.0995
2018-04-19 20:00:00,35.3415
2018-04-19 21:00:00,33.8035
2018-04-19 22:00:00,32.9245
2018-04-19 23:00:00,32.2655
2018-04-20 00:00:00,31.3865
2018-04-20 01:00:00,30.7275
2018-04-20 02:00:00,30.0685
2018-04-20 03:00:00,29.629
2018-04-20 04:00:00,28.9695
2018-04-20 05:00:00,28.3105
2018-04-20 06:00:00,27.212
2018-04-20 07:00:00,27.212
2018-04-20 08:00:00,29.1895
2018-04-20 09:00:00,31.1665
2018-04-20 10:00:00,33.8035
2018-04-20 11:00:00,36.88
2018-04-20 12:00:00,38.418
2018-04-20 13:00:00,39.517
2018-04-20 14:00:00,41.9335
2018-04-20 15:00:00,41.494
2018-04-20 16:00:00,41.9335
2018-04-20 17:00:00,41.494
2018-04-20 18:00:00,39.956
2018-04-20 19:00:00,38.418
2018-04-20 20:00:00,36.8795
2018-04-20 21:00:00,35.7815
2018-04-20 22:00:00,34.683
2018-04-20 23:00:00,33.804
2018-04-21 00:00:00,32.925
2018-04-21 01:00:00,32.485
2018-04-21 02:00:00,32.2655
2018-04-21 03:00:00,31.606
2018-04-21 04:00:00,31.167
2018-04-21 05:00:00,30.508
2018-04-21 06:00:00,29.849
2018-04-21 07:00:00,29.849
2018-04-21 08:00:00,30.288
2018-04-21 09:00:00,30.9475
2018-04-21 10:00:00,31.826
2018-04-21 11:00:00,33.364
2018-04-21 12:00:00,33.364
2018-04-21 13:00:00,34.463
2018-04-21 14:00:00,36.2205
2018-04-21 15:00:00,34.243
2018-04-21 16:00:00,33.364
2018-04-21 17:00:00,32.925
2018-04-21 18:00:00,30.9475
2018-04-21 19:00:00,30.5075
2018-04-21 20:00:00,30.7275
2018-04-21 21:00:00,30.9475
2018-04-21 22:00:00,30.9475
2018-04-21 23:00:00,30.7275
2018-04-22 00:00:00,30.288
2018-04-22 01:00:00,29.629
2018-04-22 02:00:00,29.849
2018-04-22 03:00:00,30.0685
2018-04-22 04:00:00,30.0685
2018-04-22 05:00:00,28.0905
2018-04-22 06:00:00,26.553
2018-04-22 07:00:00,26.113
2018-04-22 08:00:00,26.1135
2018-04-22 09:00:00,27.212
2018-04-22 10:00:00,28.53
2018-04-22 11:00:00,30.508
2018-04-22 12:00:00,33.1445
2018-04-22 13:00:00,33.8035
2018-04-22 14:00:00,34.2435
2018-04-22 15:00:00,35.5615
2018-04-22 16:00:00,36.4405
2018-04-22 17:00:00,36.4405
2018-04-22 18:00:00,35.5615
2018-04-22 19:00:00,34.463
2018-04-22 20:00:00,33.3645
2018-04-22 21:00:00,32.9245
2018-04-22 22:00:00,32.4855
2018-04-22 23:00:00,31.6065
2018-04-23 00:00:00,31.167
2018-04-23 01:00:00,30.5075
2018-04-23 02:00:00,29.4095
2018-04-23 03:00:00,28.75
2018-04-23 04:00:00,28.0905
2018-04-23 05:00:00,27.6515
2018-04-23 06:00:00,27.212
2018-04-23 07:00:00,26.9925
2018-04-23 08:00:00,25.2345
2018-04-23 09:00:00,23.916
2018-04-23 10:00:00,22.8175
2018-04-23 11:00:00,21.9385
2018-04-23 12:00:00,21.0595
2018-04-23 13:00:00,20.6205
2018-04-23 14:00:00,20.6205
2018-04-23 15:00:00,20.6205
2018-04-23 16:00:00,20.6205
2018-04-23 17:00:00,21.0595
2018-04-23 18:00:00,21.2795
2018-04-23 19:00:00,21.499
2018-04-23 20:00:00,21.0595
2018-04-23 21:00:00,21.0595
2018-04-23 22:00:00,21.2795
2018-04-23 23:00:00,21.499
2018-04-24 00:00:00,21.9385
2018-04-24 01:00:00,21.9385
2018-04-24 02:00:00,22.158
2018-04-24 03:00:00,21.719
2018-04-24 04:00:00,21.719
2018-04-24 05:00:00,21.9385
2018-04-24 06:00:00,21.499
2018-04-24 07:00:00,21.0595
2018-04-24 08:00:00,21.0595
2018-04-24 09:00:00,21.9385
2018-04-24 10:00:00,24.1355
2018-04-24 11:00:00,25.8935
2018-04-24 12:00:00,27.212
2018-04-24 13:00:00,27.6515
2018-04-24 14:00:00,27.432
2018-04-24 15:00:00,27.432
2018-04-24 16:00:00,27.212
2018-04-24 17:00:00,26.992
2018-04-24 18:00:00,26.7725
2018-04-24 19:00:00,25.4545
2018-04-24 20:00:00,24.1355
2018-04-24 21:00:00,23.2565
2018-04-24 22:00:00,22.378
2018-04-24 23:00:00,21.9385
2018-04-25 00:00:00,21.499
2018-04-25 01:00:00,21.0595
2018-04-25 02:00:00,21.0595
2018-04-25 03:00:00,21.0595
2018-04-25 04:00:00,20.6205
2018-04-25 05:00:00,20.1805
2018-04-25 06:00:00,20.1805
2018-04-25 07:00:00,20.6205
2018-04-25 08:00:00,22.378
2018-04-25 09:00:00,25.2345
2018-04-25 10:00:00,28.75
2018-04-25 11:00:00,33.1445
2018-04-25 12:00:00,34.4625
2018-04-25 13:00:00,34.463
2018-04-25 14:00:00,37.0995
2018-04-25 15:00:00,38.6375
2018-04-25 16:00:00,37.9785
2018-04-25 17:00:00,36.221
2018-04-25 18:00:00,34.0235
2018-04-25 19:00:00,32.0455
2018-04-25 20:00:00,29.8485
2018-04-25 21:00:00,28.0905
2018-04-25 22:00:00,27.212
2018-04-25 23:00:00,26.7725
2018-04-26 00:00:00,26.333
2018-04-26 01:00:00,25.8935
2018-04-26 02:00:00,25.674
2018-04-26 03:00:00,25.4545
2018-04-26 04:00:00,25.4545
2018-04-26 05:00:00,25.2345
2018-04-26 06:00:00,25.0145
2018-04-26 07:00:00,25.0145
2018-04-26 08:00:00,25.4545
2018-04-26 09:00:00,26.5525
2018-04-26 10:00:00,27.871
2018-04-26 11:00:00,29.8485
2018-04-26 12:00:00,32.2655
2018-04-26 13:00:00,35.122
2018-04-26 14:00:00,37.3195
2018-04-26 15:00:00,37.3195
2018-04-26 16:00:00,36.66
2018-04-26 17:00:00,35.5615
2018-04-26 18:00:00,34.0235
2018-04-26 19:00:00,32.705
2018-04-26 20:00:00,31.3865
2018-04-26 21:00:00,30.0685
2018-04-26 22:00:00,28.9695
2018-04-26 23:00:00,28.0905
2018-04-27 00:00:00,27.6515
2018-04-27 01:00:00,26.7725
2018-04-27 02:00:00,25.8935
2018-04-27 03:00:00,25.0145
2018-04-27 04:00:00,24.1355
2018-04-27 05:00:00,23.6965
2018-04-27 06:00:00,23.2565
2018-04-27 07:00:00,23.2565
2018-04-27 08:00:00,25.4545
2018-04-27 09:00:00,28.97
2018-04-27 10:00:00,32.4855
2018-04-27 11:00:00,36.6605
2018-04-27 12:00:00,38.8575
2018-04-27 13:00:00,40.6155
2018-04-27 14:00:00,42.8125
2018-04-27 15:00:00,42.373
2018-04-27 16:00:00,41.7135
2018-04-27 17:00:00,40.3955
2018-04-27 18:00:00,38.6375
2018-04-27 19:00:00,36.2205
2018-04-27 20:00:00,33.8035
2018-04-27 21:00:00,32.0455
2018-04-27 22:00:00,30.7275
2018-04-27 23:00:00,29.8485
2018-04-28 00:00:00,28.9695
2018-04-28 01:00:00,28.5305
2018-04-28 02:00:00,28.0905
2018-04-28 03:00:00,27.6515
2018-04-28 04:00:00,26.9925
2018-04-28 05:00:00,26.5525
2018-04-28 06:00:00,25.674
2018-04-28 07:00:00,25.8935
2018-04-28 08:00:00,27.651
2018-04-28 09:00:00,30.508
2018-04-28 10:00:00,33.364
2018-04-28 11:00:00,36.44
2018-04-28 12:00:00,38.198
2018-04-28 13:00:00,39.5165
2018-04-28 14:00:00,42.1535
2018-04-28 15:00:00,43.252
2018-04-28 16:00:00,42.373
2018-04-28 17:00:00,40.615
2018-04-28 18:00:00,39.297
2018-04-28 19:00:00,37.0995
2018-04-28 20:00:00,35.7815
2018-04-28 21:00:00,34.6825
2018-04-28 22:00:00,33.3645
2018-04-28 23:00:00,32.2655
2018-04-29 00:00:00,31.167
2018-04-29 01:00:00,30.7275
2018-04-29 02:00:00,29.8485
2018-04-29 03:00:00,29.629
2018-04-29 04:00:00,29.1895
2018-04-29 05:00:00,28.5305
2018-04-29 06:00:00,28.0905
2018-04-29 07:00:00,27.871
2018-04-29 08:00:00,29.1895
2018-04-29 09:00:00,31.826
2018-04-29 10:00:00,34.0235
2018-04-29 11:00:00,37.0995
2018-04-29 12:00:00,38.638
2018-04-29 13:00:00,40.6155
2018-04-29 14:00:00,41.0545
2018-04-29 15:00:00,39.956
2018-04-29 16:00:00,38.8575
2018-04-29 17:00:00,37.9785
2018-04-29 18:00:00,37.3195
2018-04-29 19:00:00,36.2205
2018-04-29 20:00:00,35.3415
2018-04-29 21:00:00,34.463
2018-04-29 22:00:00,33.3645
2018-04-29 23:00:00,32.705
2018-04-30 00:00:00,32.2655
2018-04-30 01:00:00,31.6065
2018-04-30 02:00:00,30.9475
2018-04-30 03:00:00,30.7275
2018-04-30 04:00:00,30.5075
2018-04-30 05:00:00,30.0685
2018-04-30 06:00:00,29.629
2018-04-30 07:00:00,29.8485
2018-04-30 08:00:00,31.167
2018-04-30 09:00:00,32.9245
2018-04-30 10:00:00,35.122
2018-04-30 11:00:00,37.7585
2018-04-30 12:00:00,39.736
2018-04-30 13:00:00,41.494
2018-04-30 14:00:00,42.593
2018-04-30 15:00:00,41.9335
2018-04-30 16:00:00,41.494
2018-04-30 17:00:00,40.835
2018-04-30 18:00:00,39.956
2018-04-30 19:00:00,38.8575
2018-04-30 20:00:00,37.539
2018-04-30 21:00:00,36.4405
2018-04-30 22:00:00,35.5615
2018-04-30 23:00:00,34.9025
2018-05-01 00:00:00,34.463
2018-05-01 01:00:00,34.0235
2018-05-01 02:00:00,33.8035
2018-05-01 03:00:00,33.3645
2018-05-01 04:00:00,32.4855
2018-05-01 05:00:00,32.0455
2018-05-01 06:00:00,31.6065
2018-05-01 07:00:00,31.826
2018-05-01 08:00:00,33.1445
2018-05-01 09:00:00,34.0235
2018-05-01 10:00:00,35.3415
2018-05-01 11:00:00,36.66
2018-05-01 12:00:00,37.3195
2018-05-01 13:00:00,38.1985
2018-05-01 14:00:00,38.1985
2018-05-01 15:00:00,39.7365
2018-05-01 16:00:00,39.7365
2018-05-01 17:00:00,38.6375
2018-05-01 18:00:00,36.66
2018-05-01 19:00:00,33.3645
2018-05-01 20:00:00,31.6065
2018-05-01 21:00:00,31.3865
2018-05-01 22:00:00,31.3865
2018-05-01 23:00:00,30.508
2018-05-02 00:00:00,30.7275
2018-05-02 01:00:00,30.7275
2018-05-02 02:00:00,30.7275
2018-05-02 03:00:00,30.288
2018-05-02 04:00:00,30.288
2018-05-02 05:00:00,30.288
2018-05-02 06:00:00,30.288
2018-05-02 07:00:00,30.0685
2018-05-02 08:00:00,30.288
2018-05-02 09:00:00,30.7275
2018-05-02 10:00:00,31.6065
2018-05-02 11:00:00,33.584
2018-05-02 12:00:00,35.7815
2018-05-02 13:00:00,36.88
2018-05-02 14:00:00,38.198
2018-05-02 15:00:00,38.1985
2018-05-02 16:00:00,36.8795
2018-05-02 17:00:00,35.7815
2018-05-02 18:00:00,34.6825
2018-05-02 19:00:00,33.1445
2018-05-02 20:00:00,31.3865
2018-05-02 21:00:00,30.5075
2018-05-02 22:00:00,29.629
2018-05-02 23:00:00,28.5305
2018-05-03 00:00:00,28.0905
2018-05-03 01:00:00,26.7725
2018-05-03 02:00:00,25.4545
2018-05-03 03:00:00,24.3555
2018-05-03 04:00:00,23.4765
2018-05-03 05:00:00,22.598
2018-05-03 06:00:00,21.9385
2018-05-03 07:00:00,22.5975
2018-05-03 08:00:00,25.015
2018-05-03 09:00:00,27.871
2018-05-03 10:00:00,30.9475
2018-05-03 11:00:00,34.902
2018-05-03 12:00:00,36.88
2018-05-03 13:00:00,38.198
2018-05-03 14:00:00,40.6155
2018-05-03 15:00:00,41.2745
2018-05-03 16:00:00,40.1755
2018-05-03 17:00:00,38.198
2018-05-03 18:00:00,37.3195
2018-05-03 19:00:00,35.342
2018-05-03 20:00:00,32.9245
2018-05-03 21:00:00,30.7275
2018-05-03 22:00:00,29.4095
2018-05-03 23:00:00,28.0905
2018-05-04 00:00:00,27.212
2018-05-04 01:00:00,26.333
2018-05-04 02:00:00,25.4545
2018-05-04 03:00:00,24.5755
2018-05-04 04:00:00,24.1355
2018-05-04 05:00:00,23.4765
2018-05-04 06:00:00,22.8175
2018-05-04 07:00:00,23.6965
2018-05-04 08:00:00,25.894
2018-05-04 09:00:00,28.75
2018-05-04 10:00:00,31.606
2018-05-04 11:00:00,35.781
2018-05-04 12:00:00,37.0995
2018-05-04 13:00:00,38.8575
2018-05-04 14:00:00,39.7365
2018-05-04 15:00:00,40.615
2018-05-04 16:00:00,39.7365
2018-05-04 17:00:00,38.418
2018-05-04 18:00:00,37.0995
2018-05-04 19:00:00,35.7815
2018-05-04 20:00:00,34.463
2018-05-04 21:00:00,33.584
2018-05-04 22:00:00,32.9245
2018-05-04 23:00:00,31.826
2018-05-05 00:00:00,31.3865
2018-05-05 01:00:00,31.3865
2018-05-05 02:00:00,31.167
2018-05-05 03:00:00,29.4095
2018-05-05 04:00:00,27.871
2018-05-05 05:00:00,27.4315
2018-05-05 06:00:00,26.1135
2018-05-05 07:00:00,26.333
2018-05-05 08:00:00,25.015
2018-05-05 09:00:00,23.4765
2018-05-05 10:00:00,23.257
2018-05-05 11:00:00,24.3555
2018-05-05 12:00:00,25.674
2018-05-05 13:00:00,27.651
2018-05-05 14:00:00,28.75
2018-05-05 15:00:00,28.5305
2018-05-05 16:00:00,29.1895
2018-05-05 17:00:00,30.0685
2018-05-05 18:00:00,30.5075
2018-05-05 19:00:00,30.5075
2018-05-05 20:00:00,30.5075
2018-05-05 21:00:00,30.5075
2018-05-05 22:00:00,30.5075
2018-05-05 23:00:00,30.9475
2018-05-06 00:00:00,30.068
2018-05-06 01:00:00,29.629
2018-05-06 02:00:00,29.629
2018-05-06 03:00:00,29.849
2018-05-06 04:00:00,29.1895
2018-05-06 05:00:00,28.75
2018-05-06 06:00:00,28.75
2018-05-06 07:00:00,29.629
2018-05-06 08:00:00,30.288
2018-05-06 09:00:00,30.288
2018-05-06 10:00:00,29.629
2018-05-06 11:00:00,29.629
2018-05-06 12:00:00,28.0905
2018-05-06 13:00:00,27.432
2018-05-06 14:00:00,28.5305
2018-05-06 15:00:00,28.75
2018-05-06 16:00:00,29.629
2018-05-06 17:00:00,30.0685
2018-05-06 18:00:00,29.4095
2018-05-06 19:00:00,29.629
2018-05-06 20:00:00,29.629
2018-05-06 21:00:00,29.1895
2018-05-06 22:00:00,28.9695
2018-05-06 23:00:00,28.5305
2018-05-07 00:00:00,27.4315
2018-05-07 01:00:00,26.5525
2018-05-07 02:00:00,26.333
2018-05-07 03:00:00,25.8935
2018-05-07 04:00:00,25.674
2018-05-07 05:00:00,25.4545
2018-05-07 06:00:00,25.4545
2018-05-07 07:00:00,25.4545
2018-05-07 08:00:00,25.4545
2018-05-07 09:00:00,25.2345
2018-05-07 10:00:00,25.8935
2018-05-07 11:00:00,26.1135
2018-05-07 12:00:00,26.333
2018-05-07 13:00:00,27.212
2018-05-07 14:00:00,27.6515
2018-05-07 15:00:00,27.6515
2018-05-07 16:00:00,27.6515
2018-05-07 17:00:00,27.871
2018-05-07 18:00:00,27.871
2018-05-07 19:00:00,27.6515
2018-05-07 20:00:00,27.6515
2018-05-07 21:00:00,27.212
2018-05-07 22:00:00,26.7725
2018-05-07 23:00:00,26.7725
2018-05-08 00:00:00,26.5525
2018-05-08 01:00:00,26.333
2018-05-08 02:00:00,26.333
2018-05-08 03:00:00,26.333
2018-05-08 04:00:00,26.333
2018-05-08 05:00:00,26.333
2018-05-08 06:00:00,25.8935
2018-05-08 07:00:00,25.8935
2018-05-08 08:00:00,26.7725
2018-05-08 09:00:00,28.5305
2018-05-08 10:00:00,30.288
2018-05-08 11:00:00,33.3645
2018-05-08 12:00:00,36.66
2018-05-08 13:00:00,37.539
2018-05-08 14:00:00,39.956
2018-05-08 15:00:00,42.153
2018-05-08 16:00:00,41.0545
2018-05-08 17:00:00,38.8575
2018-05-08 18:00:00,37.0995
2018-05-08 19:00:00,35.122
2018-05-08 20:00:00,32.9245
2018-05-08 21:00:00,30.9475
2018-05-08 22:00:00,29.4095
2018-05-08 23:00:00,28.3105
2018-05-09 00:00:00,27.212
2018-05-09 01:00:00,26.333
2018-05-09 02:00:00,25.4545
2018-05-09 03:00:00,24.5755
2018-05-09 04:00:00,24.1355
2018-05-09 05:00:00,23.2565
2018-05-09 06:00:00,22.378
2018-05-09 07:00:00,22.5975
2018-05-09 08:00:00,25.015
2018-05-09 09:00:00,28.5305
2018-05-09 10:00:00,32.0455
2018-05-09 11:00:00,36.2205
2018-05-09 12:00:00,37.3195
2018-05-09 13:00:00,39.5165
2018-05-09 14:00:00,41.9335
2018-05-09 15:00:00,42.373
2018-05-09 16:00:00,39.7365
2018-05-09 17:00:00,37.0995
2018-05-09 18:00:00,35.122
2018-05-09 19:00:00,33.3645
2018-05-09 20:00:00,32.0455
2018-05-09 21:00:00,30.5075
2018-05-09 22:00:00,29.1895
2018-05-09 23:00:00,28.3105
2018-05-10 00:00:00,27.6515
2018-05-10 01:00:00,27.212
2018-05-10 02:00:00,26.333
2018-05-10 03:00:00,25.8935
2018-05-10 04:00:00,25.0145
2018-05-10 05:00:00,24.5755
2018-05-10 06:00:00,24.1355
2018-05-10 07:00:00,24.1355
2018-05-10 08:00:00,25.2345
2018-05-10 09:00:00,26.553
2018-05-10 10:00:00,27.871
2018-05-10 11:00:00,30.7275
2018-05-10 12:00:00,31.826
2018-05-10 13:00:00,32.2655
2018-05-10 14:00:00,35.5615
2018-05-10 15:00:00,37.759
2018-05-10 16:00:00,36.8795
2018-05-10 17:00:00,34.902
2018-05-10 18:00:00,32.9245
2018-05-10 19:00:00,31.167
2018-05-10 20:00:00,30.0685
2018-05-10 21:00:00,29.4095
2018-05-10 22:00:00,28.9695
2018-05-10 23:00:00,28.5305
2018-05-11 00:00:00,27.871
2018-05-11 01:00:00,27.4315
2018-05-11 02:00:00,27.212
2018-05-11 03:00:00,26.7725
2018-05-11 04:00:00,26.553
2018-05-11 05:00:00,26.1135
2018-05-11 06:00:00,25.8935
2018-05-11 07:00:00,26.1135
2018-05-11 08:00:00,26.5525
2018-05-11 09:00:00,28.3105
2018-05-11 10:00:00,29.629
2018-05-11 11:00:00,30.0685
2018-05-11 12:00:00,30.5075
2018-05-11 13:00:00,31.826
2018-05-11 14:00:00,34.463
2018-05-11 15:00:00,36.001
2018-05-11 16:00:00,36.4405
2018-05-11 17:00:00,36.001
2018-05-11 18:00:00,35.122
2018-05-11 19:00:00,34.463
2018-05-11 20:00:00,34.0235
2018-05-11 21:00:00,33.584
2018-05-11 22:00:00,33.3645
2018-05-11 23:00:00,32.9245
2018-05-12 00:00:00,32.705
2018-05-12 01:00:00,32.2655
2018-05-12 02:00:00,31.826
2018-05-12 03:00:00,31.3865
2018-05-12 04:00:00,29.1895
2018-05-12 05:00:00,28.0905
2018-05-12 06:00:00,27.6515
2018-05-12 07:00:00,27.6515
2018-05-12 08:00:00,26.7725
2018-05-12 09:00:00,26.553
2018-05-12 10:00:00,27.6515
2018-05-12 11:00:00,29.1895
2018-05-12 12:00:00,30.288
2018-05-12 13:00:00,30.9475
2018-05-12 14:00:00,32.0455
2018-05-12 15:00:00,32.0455
2018-05-12 16:00:00,32.4855
2018-05-12 17:00:00,32.2655
2018-05-12 18:00:00,32.046
2018-05-12 19:00:00,31.826
2018-05-12 20:00:00,30.7275
2018-05-12 21:00:00,30.0685
2018-05-12 22:00:00,29.629
2018-05-12 23:00:00,28.9695
2018-05-13 00:00:00,28.5305
2018-05-13 01:00:00,28.3105
2018-05-13 02:00:00,27.871
2018-05-13 03:00:00,27.6515
2018-05-13 04:00:00,27.212
2018-05-13 05:00:00,26.9925
2018-05-13 06:00:00,26.9925
2018-05-13 07:00:00,26.9925
2018-05-13 08:00:00,28.5305
2018-05-13 09:00:00,31.1665
2018-05-13 10:00:00,34.243
2018-05-13 11:00:00,38.638
2018-05-13 12:00:00,40.3955
2018-05-13 13:00:00,42.153
2018-05-13 14:00:00,43.6915
2018-05-13 15:00:00,44.5705
2018-05-13 16:00:00,43.6915
2018-05-13 17:00:00,42.593
2018-05-13 18:00:00,40.835
2018-05-13 19:00:00,39.297
2018-05-13 20:00:00,37.539
2018-05-13 21:00:00,36.001
2018-05-13 22:00:00,34.6825
2018-05-13 23:00:00,34.0235
2018-05-14 00:00:00,33.8035
2018-05-14 01:00:00,33.3645
2018-05-14 02:00:00,32.705
2018-05-14 03:00:00,32.485
2018-05-14 04:00:00,32.2655
2018-05-14 05:00:00,31.826
2018-05-14 06:00:00,31.606
2018-05-14 07:00:00,32.046
2018-05-14 08:00:00,33.364
2018-05-14 09:00:00,35.781
2018-05-14 10:00:00,38.198
2018-05-14 11:00:00,41.7135
2018-05-14 12:00:00,42.8125
2018-05-14 13:00:00,43.911
2018-05-14 14:00:00,43.911
2018-05-14 15:00:00,44.351
2018-05-14 16:00:00,45.449
2018-05-14 17:00:00,44.79
2018-05-14 18:00:00,44.131
2018-05-14 19:00:00,43.252
2018-05-14 20:00:00,41.7135
2018-05-14 21:00:00,40.6155
2018-05-14 22:00:00,39.956
2018-05-14 23:00:00,39.517
2018-05-15 00:00:00,39.297
2018-05-15 01:00:00,38.8575
2018-05-15 02:00:00,38.198
2018-05-15 03:00:00,37.319
2018-05-15 04:00:00,36.88
2018-05-15 05:00:00,36.44
2018-05-15 06:00:00,36.2205
2018-05-15 07:00:00,36.44
2018-05-15 08:00:00,37.9785
2018-05-15 09:00:00,40.3955
2018-05-15 10:00:00,42.8125
2018-05-15 11:00:00,46.1085
2018-05-15 12:00:00,47.207
2018-05-15 13:00:00,47.207
2018-05-15 14:00:00,47.8665
2018-05-15 15:00:00,48.3055
2018-05-15 16:00:00,48.086
2018-05-15 17:00:00,47.6465
2018-05-15 18:00:00,46.548
2018-05-15 19:00:00,45.4495
2018-05-15 20:00:00,44.131
2018-05-15 21:00:00,43.032
2018-05-15 22:00:00,42.373
2018-05-15 23:00:00,41.9335
2018-05-16 00:00:00,41.714
2018-05-16 01:00:00,41.274
2018-05-16 02:00:00,40.835
2018-05-16 03:00:00,40.6155
2018-05-16 04:00:00,40.1755
2018-05-16 05:00:00,39.956
2018-05-16 06:00:00,39.956
2018-05-16 07:00:00,39.956
2018-05-16 08:00:00,40.1755
2018-05-16 09:00:00,42.373
2018-05-16 10:00:00,44.131
2018-05-16 11:00:00,47.207
2018-05-16 12:00:00,47.6465
2018-05-16 13:00:00,49.185
2018-05-16 14:00:00,50.283
2018-05-16 15:00:00,50.503
2018-05-16 16:00:00,49.4045
2018-05-16 17:00:00,48.306
2018-05-16 18:00:00,47.6465
2018-05-16 19:00:00,46.548
2018-05-16 20:00:00,45.4495
2018-05-16 21:00:00,44.131
2018-05-16 22:00:00,43.252
2018-05-16 23:00:00,42.373
2018-05-17 00:00:00,41.494
2018-05-17 01:00:00,40.6155
2018-05-17 02:00:00,38.8575
2018-05-17 03:00:00,37.539
2018-05-17 04:00:00,33.8035
2018-05-17 05:00:00,33.1445
2018-05-17 06:00:00,31.3865
2018-05-17 07:00:00,30.5075
2018-05-17 08:00:00,31.167
2018-05-17 09:00:00,29.409
2018-05-17 10:00:00,30.7275
2018-05-17 11:00:00,34.463
2018-05-17 12:00:00,37.9785
2018-05-17 13:00:00,41.0545
2018-05-17 14:00:00,42.593
2018-05-17 15:00:00,43.6915
2018-05-17 16:00:00,43.472
2018-05-17 17:00:00,42.1535
2018-05-17 18:00:00,41.2745
2018-05-17 19:00:00,40.6155
2018-05-17 20:00:00,39.7365
2018-05-17 21:00:00,38.8575
2018-05-17 22:00:00,37.9785
2018-05-17 23:00:00,37.539
2018-05-18 00:00:00,36.8795
2018-05-18 01:00:00,36.4405
2018-05-18 02:00:00,36.2205
2018-05-18 03:00:00,35.7815
2018-05-18 04:00:00,35.3415
2018-05-18 05:00:00,35.122
2018-05-18 06:00:00,34.9025
2018-05-18 07:00:00,35.5615
2018-05-18 08:00:00,36.8795
2018-05-18 09:00:00,38.1985
2018-05-18 10:00:00,39.956
2018-05-18 11:00:00,42.1535
2018-05-18 12:00:00,42.8125
2018-05-18 13:00:00,44.3505
2018-05-18 14:00:00,45.2295
2018-05-18 15:00:00,45.2295
2018-05-18 16:00:00,43.4715
2018-05-18 17:00:00,39.2725
2018-05-18 18:00:00,32.461
2018-05-18 19:00:00,31.1425
2018-05-18 20:00:00,30.2635
2018-05-18 21:00:00,29.6045
2018-05-18 22:00:00,30.2635
2018-05-18 23:00:00,30.2635
2018-05-19 00:00:00,30.703
2018-05-19 01:00:00,31.1425
2018-05-19 02:00:00,31.362
2018-05-19 03:00:00,31.362
2018-05-19 04:00:00,30.703
2018-05-19 05:00:00,30.2635
2018-05-19 06:00:00,29.385
2018-05-19 07:00:00,29.165
2018-05-19 08:00:00,28.945
2018-05-19 09:00:00,28.945
2018-05-19 10:00:00,29.385
2018-05-19 11:00:00,30.9225
2018-05-19 12:00:00,31.3625
2018-05-19 13:00:00,31.3625
2018-05-19 14:00:00,31.3625
2018-05-19 15:00:00,31.1425
2018-05-19 16:00:00,31.1425
2018-05-19 17:00:00,31.1425
2018-05-19 18:00:00,30.703
2018-05-19 19:00:00,30.2635
2018-05-19 20:00:00,30.0435
2018-05-19 21:00:00,29.824
2018-05-19 22:00:00,29.385
2018-05-19 23:00:00,29.385
2018-05-20 00:00:00,29.385
2018-05-20 01:00:00,29.165
2018-05-20 02:00:00,28.945
2018-05-20 03:00:00,28.945
2018-05-20 04:00:00,28.945
2018-05-20 05:00:00,28.506
2018-05-20 06:00:00,28.506
2018-05-20 07:00:00,28.506
2018-05-20 08:00:00,28.506
2018-05-20 09:00:00,28.506
2018-05-20 10:00:00,28.506
2018-05-20 11:00:00,28.7255
2018-05-20 12:00:00,28.945
2018-05-20 13:00:00,28.945
2018-05-20 14:00:00,28.945
2018-05-20 15:00:00,28.7255
2018-05-20 16:00:00,28.506
2018-05-20 17:00:00,28.0665
2018-05-20 18:00:00,27.627
2018-05-20 19:00:00,26.5285
2018-05-20 20:00:00,26.5285
2018-05-20 21:00:00,26.5285
2018-05-20 22:00:00,26.748
2018-05-20 23:00:00,26.748
2018-05-21 00:00:00,26.748
2018-05-21 01:00:00,26.5285
2018-05-21 02:00:00,26.3085
2018-05-21 03:00:00,25.869
2018-05-21 04:00:00,25.869
2018-05-21 05:00:00,25.869
2018-05-21 06:00:00,25.43
2018-05-21 07:00:00,25.43
2018-05-21 08:00:00,25.6495
2018-05-21 09:00:00,26.0885
2018-05-21 10:00:00,26.9675
2018-05-21 11:00:00,27.627
2018-05-21 12:00:00,28.2865
2018-05-21 13:00:00,29.165
2018-05-21 14:00:00,29.824
2018-05-21 15:00:00,29.824
2018-05-21 16:00:00,29.6045
2018-05-21 17:00:00,29.385
2018-05-21 18:00:00,28.0665
2018-05-21 19:00:00,27.627
2018-05-21 20:00:00,28.506
2018-05-21 21:00:00,28.945
2018-05-21 22:00:00,28.945
2018-05-21 23:00:00,28.945
2018-05-22 00:00:00,29.165
2018-05-22 01:00:00,29.165
2018-05-22 02:00:00,29.165
2018-05-22 03:00:00,29.165
2018-05-22 04:00:00,29.165
2018-05-22 05:00:00,28.9455
2018-05-22 06:00:00,29.165
2018-05-22 07:00:00,29.385
2018-05-22 08:00:00,28.945
2018-05-22 09:00:00,28.945
2018-05-22 10:00:00,28.9455
2018-05-22 11:00:00,28.506
2018-05-22 12:00:00,27.627
2018-05-22 13:00:00,25.4295
2018-05-22 14:00:00,24.9905
2018-05-22 15:00:00,25.43
2018-05-22 16:00:00,26.089
2018-05-22 17:00:00,26.089
2018-05-22 18:00:00,25.869
2018-05-22 19:00:00,26.0885
2018-05-22 20:00:00,26.5285
2018-05-22 21:00:00,26.5285
2018-05-22 22:00:00,26.9675
2018-05-22 23:00:00,26.9675
2018-05-23 00:00:00,26.9675
2018-05-23 01:00:00,26.748
2018-05-23 02:00:00,26.748
2018-05-23 03:00:00,25.869
2018-05-23 04:00:00,25.43
2018-05-23 05:00:00,24.551
2018-05-23 06:00:00,24.331
2018-05-23 07:00:00,24.551
2018-05-23 08:00:00,26.748
2018-05-23 09:00:00,29.824
2018-05-23 10:00:00,33.12
2018-05-23 11:00:00,37.0755
2018-05-23 12:00:00,38.833
2018-05-23 13:00:00,40.5905
2018-05-23 14:00:00,42.129
2018-05-23 15:00:00,42.3485
2018-05-23 16:00:00,40.3715
2018-05-23 17:00:00,38.174
2018-05-23 18:00:00,36.6355
2018-05-23 19:00:00,35.0975
2018-05-23 20:00:00,32.681
2018-05-23 21:00:00,30.703
2018-05-23 22:00:00,29.165
2018-05-23 23:00:00,28.286
2018-05-24 00:00:00,27.407
2018-05-24 01:00:00,26.748
2018-05-24 02:00:00,26.3085
2018-05-24 03:00:00,25.869
2018-05-24 04:00:00,25.43
2018-05-24 05:00:00,24.7705
2018-05-24 06:00:00,24.551
2018-05-24 07:00:00,25.6495
2018-05-24 08:00:00,27.847
2018-05-24 09:00:00,30.2635
2018-05-24 10:00:00,32.461
2018-05-24 11:00:00,31.582
2018-05-24 12:00:00,31.802
2018-05-24 13:00:00,35.9765
2018-05-24 14:00:00,38.3935
2018-05-24 15:00:00,39.4925
2018-05-24 16:00:00,37.7345
2018-05-24 17:00:00,36.6355
2018-05-24 18:00:00,35.537
2018-05-24 19:00:00,34.878
2018-05-24 20:00:00,34.4385
2018-05-24 21:00:00,33.779
2018-05-24 22:00:00,33.34
2018-05-24 23:00:00,32.461
2018-05-25 00:00:00,29.824
2018-05-25 01:00:00,29.3845
2018-05-25 02:00:00,29.3845
2018-05-25 03:00:00,29.6045
2018-05-25 04:00:00,29.6045
2018-05-25 05:00:00,29.6045
2018-05-25 06:00:00,29.6045
2018-05-25 07:00:00,29.824
2018-05-25 08:00:00,30.4835
2018-05-25 09:00:00,30.9225
2018-05-25 10:00:00,31.8015
2018-05-25 11:00:00,31.582
2018-05-25 12:00:00,31.362
2018-05-25 13:00:00,32.241
2018-05-25 14:00:00,34.219
2018-05-25 15:00:00,33.779
2018-05-25 16:00:00,33.34
2018-05-25 17:00:00,33.12
2018-05-25 18:00:00,29.385
2018-05-25 19:00:00,26.9675
2018-05-25 20:00:00,27.1875
2018-05-25 21:00:00,27.1875
2018-05-25 22:00:00,27.1875
2018-05-25 23:00:00,26.528
2018-05-26 00:00:00,26.528
2018-05-26 01:00:00,26.748
2018-05-26 02:00:00,26.9675
2018-05-26 03:00:00,27.1875
2018-05-26 04:00:00,27.1875
2018-05-26 05:00:00,27.1875
2018-05-26 06:00:00,27.1875
2018-05-26 07:00:00,27.407
2018-05-26 08:00:00,27.627
2018-05-26 09:00:00,28.506
2018-05-26 10:00:00,28.945
2018-05-26 11:00:00,29.385
2018-05-26 12:00:00,30.2635
2018-05-26 13:00:00,31.582
2018-05-26 14:00:00,32.6805
2018-05-26 15:00:00,33.34
2018-05-26 16:00:00,33.34
2018-05-26 17:00:00,33.34
2018-05-26 18:00:00,32.9005
2018-05-26 19:00:00,32.461
2018-05-26 20:00:00,32.0215
2018-05-26 21:00:00,31.802
2018-05-26 22:00:00,31.582
2018-05-26 23:00:00,31.582
2018-05-27 00:00:00,31.1425
2018-05-27 01:00:00,30.703
2018-05-27 02:00:00,30.483
2018-05-27 03:00:00,30.2635
2018-05-27 04:00:00,30.2635
2018-05-27 05:00:00,30.044
2018-05-27 06:00:00,30.044
2018-05-27 07:00:00,30.044
2018-05-27 08:00:00,30.2635
2018-05-27 09:00:00,29.6045
2018-05-27 10:00:00,29.824
2018-05-27 11:00:00,31.1425
2018-05-27 12:00:00,32.461
2018-05-27 13:00:00,34.219
2018-05-27 14:00:00,35.7565
2018-05-27 15:00:00,38.174
2018-05-27 16:00:00,38.613
2018-05-27 17:00:00,39.053
2018-05-27 18:00:00,38.3935
2018-05-27 19:00:00,37.075
2018-05-27 20:00:00,35.757
2018-05-27 21:00:00,34.658
2018-05-27 22:00:00,33.5595
2018-05-27 23:00:00,32.681
2018-05-28 00:00:00,32.0215
2018-05-28 01:00:00,31.582
2018-05-28 02:00:00,31.1425
2018-05-28 03:00:00,30.703
2018-05-28 04:00:00,30.2635
2018-05-28 05:00:00,30.2635
2018-05-28 06:00:00,29.824
2018-05-28 07:00:00,30.2635
2018-05-28 08:00:00,31.802
2018-05-28 09:00:00,33.5595
2018-05-28 10:00:00,34.4385
2018-05-28 11:00:00,35.537
2018-05-28 12:00:00,37.7345
2018-05-28 13:00:00,38.3935
2018-05-28 14:00:00,38.613
2018-05-28 15:00:00,39.053
2018-05-28 16:00:00,39.053
2018-05-28 17:00:00,39.053
2018-05-28 18:00:00,38.174
2018-05-28 19:00:00,37.075
2018-05-28 20:00:00,36.196
2018-05-28 21:00:00,35.537
2018-05-28 22:00:00,34.878
2018-05-28 23:00:00,34.4385
2018-05-29 00:00:00,33.999
2018-05-29 01:00:00,33.779
2018-05-29 02:00:00,33.34
2018-05-29 03:00:00,32.9005
2018-05-29 04:00:00,32.9005
2018-05-29 05:00:00,32.461
2018-05-29 06:00:00,32.461
2018-05-29 07:00:00,32.461
2018-05-29 08:00:00,33.34
2018-05-29 09:00:00,34.658
2018-05-29 10:00:00,35.0975
2018-05-29 11:00:00,35.317
2018-05-29 12:00:00,36.196
2018-05-29 13:00:00,36.636
2018-05-29 14:00:00,37.075
2018-05-29 15:00:00,37.7345
2018-05-29 16:00:00,37.7345
2018-05-29 17:00:00,37.295
2018-05-29 18:00:00,36.8555
2018-05-29 19:00:00,36.196
2018-05-29 20:00:00,35.537
2018-05-29 21:00:00,34.658
2018-05-29 22:00:00,33.779
2018-05-29 23:00:00,33.779
2018-05-30 00:00:00,33.779
2018-05-30 01:00:00,33.34
2018-05-30 02:00:00,31.582
2018-05-30 03:00:00,31.802
2018-05-30 04:00:00,32.0215
2018-05-30 05:00:00,32.0215
2018-05-30 06:00:00,32.0215
2018-05-30 07:00:00,32.461
2018-05-30 08:00:00,32.9005
2018-05-30 09:00:00,33.779
2018-05-30 10:00:00,35.0975
2018-05-30 11:00:00,36.196
2018-05-30 12:00:00,37.295
2018-05-30 13:00:00,38.174
2018-05-30 14:00:00,38.174
2018-05-30 15:00:00,38.833
2018-05-30 16:00:00,39.712
2018-05-30 17:00:00,39.712
2018-05-30 18:00:00,38.3935
2018-05-30 19:00:00,37.295
2018-05-30 20:00:00,35.9765
2018-05-30 21:00:00,35.317
2018-05-30 22:00:00,34.658
2018-05-30 23:00:00,33.999
2018-05-31 00:00:00,33.779
2018-05-31 01:00:00,33.779
2018-05-31 02:00:00,33.779
2018-05-31 03:00:00,33.779
2018-05-31 04:00:00,33.779
2018-05-31 05:00:00,33.779
2018-05-31 06:00:00,33.779
2018-05-31 07:00:00,33.779
2018-05-31 08:00:00,33.779
2018-05-31 09:00:00,33.779
2018-05-31 10:00:00,33.779
2018-05-31 11:00:00,33.779
2018-05-31 12:00:00,33.779
2018-05-31 13:00:00,33.779
2018-05-31 14:00:00,33.779
2018-05-31 15:00:00,33.779
2018-05-31 16:00:00,33.779
2018-05-31 17:00:00,33.779
2018-05-31 18:00:00,33.779
2018-05-31 19:00:00,33.779
2018-05-31 20:00:00,33.779
2018-05-31 21:00:00,33.779
2018-05-31 22:00:00,33.779
2018-05-31 23:00:00,33.779
2018-06-01 00:00:00,28.9205
2018-06-01 01:00:00,28.4815
2018-06-01 02:00:00,27.6025
2018-06-01 03:00:00,27.1635
2018-06-01 04:00:00,26.7235
2018-06-01 05:00:00,26.2845
2018-06-01 06:00:00,25.8445
2018-06-01 07:00:00,26.2845
2018-06-01 08:00:00,28.701
2018-06-01 09:00:00,32.217
2018-06-01 10:00:00,34.1945
2018-06-01 11:00:00,37.2705
2018-06-01 12:00:00,40.786
2018-06-01 13:00:00,42.3245
2018-06-01 14:00:00,42.9835
2018-06-01 15:00:00,42.983
2018-06-01 16:00:00,41.8845
2018-06-01 17:00:00,40.762
2018-06-01 18:00:00,39.663
2018-06-01 19:00:00,37.9055
2018-06-01 20:00:00,36.587
2018-06-01 21:00:00,35.049
2018-06-01 22:00:00,34.17
2018-06-01 23:00:00,33.95
2018-06-02 00:00:00,33.291
2018-06-02 01:00:00,32.852
2018-06-02 02:00:00,31.973
2018-06-02 03:00:00,31.3135
2018-06-02 04:00:00,30.874
2018-06-02 05:00:00,30.4345
2018-06-02 06:00:00,30.215
2018-06-02 07:00:00,30.215
2018-06-02 08:00:00,31.5335
2018-06-02 09:00:00,33.511
2018-06-02 10:00:00,34.829
2018-06-02 11:00:00,36.8065
2018-06-02 12:00:00,37.466
2018-06-02 13:00:00,39.004
2018-06-02 14:00:00,38.345
2018-06-02 15:00:00,38.5645
2018-06-02 16:00:00,37.0265
2018-06-02 17:00:00,37.0265
2018-06-02 18:00:00,36.3675
2018-06-02 19:00:00,35.4885
2018-06-02 20:00:00,34.829
2018-06-02 21:00:00,34.17
2018-06-02 22:00:00,33.291
2018-06-02 23:00:00,32.852
2018-06-03 00:00:00,32.412
2018-06-03 01:00:00,32.1925
2018-06-03 02:00:00,31.753
2018-06-03 03:00:00,31.533
2018-06-03 04:00:00,31.094
2018-06-03 05:00:00,30.654
2018-06-03 06:00:00,30.215
2018-06-03 07:00:00,30.654
2018-06-03 08:00:00,32.1925
2018-06-03 09:00:00,33.291
2018-06-03 10:00:00,35.708
2018-06-03 11:00:00,39.443
2018-06-03 12:00:00,40.542
2018-06-03 13:00:00,42.3
2018-06-03 14:00:00,44.2775
2018-06-03 15:00:00,44.9365
2018-06-03 16:00:00,43.179
2018-06-03 17:00:00,40.542
2018-06-03 18:00:00,38.125
2018-06-03 19:00:00,36.3675
2018-06-03 20:00:00,34.829
2018-06-03 21:00:00,33.95
2018-06-03 22:00:00,33.0715
2018-06-03 23:00:00,32.1925
2018-06-04 00:00:00,31.533
2018-06-04 01:00:00,31.094
2018-06-04 02:00:00,30.654
2018-06-04 03:00:00,30.215
2018-06-04 04:00:00,29.336
2018-06-04 05:00:00,28.457
2018-06-04 06:00:00,28.018
2018-06-04 07:00:00,28.457
2018-06-04 08:00:00,29.775
2018-06-04 09:00:00,32.1925
2018-06-04 10:00:00,35.049
2018-06-04 11:00:00,39.443
2018-06-04 12:00:00,41.641
2018-06-04 13:00:00,43.3985
2018-06-04 14:00:00,46.475
2018-06-04 15:00:00,46.9145
2018-06-04 16:00:00,44.2775
2018-06-04 17:00:00,41.6405
2018-06-04 18:00:00,39.443
2018-06-04 19:00:00,37.466
2018-06-04 20:00:00,36.1475
2018-06-04 21:00:00,35.488
2018-06-04 22:00:00,34.609
2018-06-04 23:00:00,33.73
2018-06-05 00:00:00,33.291
2018-06-05 01:00:00,32.852
2018-06-05 02:00:00,32.412
2018-06-05 03:00:00,31.973
2018-06-05 04:00:00,31.533
2018-06-05 05:00:00,31.533
2018-06-05 06:00:00,31.3135
2018-06-05 07:00:00,31.973
2018-06-05 08:00:00,32.852
2018-06-05 09:00:00,33.95
2018-06-05 10:00:00,35.049
2018-06-05 11:00:00,36.587
2018-06-05 12:00:00,38.564
2018-06-05 13:00:00,38.784
2018-06-05 14:00:00,39.004
2018-06-05 15:00:00,39.2235
2018-06-05 16:00:00,38.345
2018-06-05 17:00:00,37.2465
2018-06-05 18:00:00,36.3675
2018-06-05 19:00:00,35.2685
2018-06-05 20:00:00,34.3895
2018-06-05 21:00:00,33.5105
2018-06-05 22:00:00,32.852
2018-06-05 23:00:00,31.973
2018-06-06 00:00:00,31.753
2018-06-06 01:00:00,31.533
2018-06-06 02:00:00,30.654
2018-06-06 03:00:00,30.215
2018-06-06 04:00:00,29.336
2018-06-06 05:00:00,28.896
2018-06-06 06:00:00,28.457
2018-06-06 07:00:00,29.336
2018-06-06 08:00:00,31.5335
2018-06-06 09:00:00,34.3895
2018-06-06 10:00:00,37.0265
2018-06-06 11:00:00,40.762
2018-06-06 12:00:00,42.3
2018-06-06 13:00:00,43.398
2018-06-06 14:00:00,44.9365
2018-06-06 15:00:00,45.156
2018-06-06 16:00:00,43.838
2018-06-06 17:00:00,42.7395
2018-06-06 18:00:00,41.641
2018-06-06 19:00:00,40.3225
2018-06-06 20:00:00,38.784
2018-06-06 21:00:00,37.686
2018-06-06 22:00:00,36.807
2018-06-06 23:00:00,36.1475
2018-06-07 00:00:00,35.708
2018-06-07 01:00:00,35.0485
2018-06-07 02:00:00,34.6095
2018-06-07 03:00:00,34.6095
2018-06-07 04:00:00,34.3895
2018-06-07 05:00:00,33.95
2018-06-07 06:00:00,33.5105
2018-06-07 07:00:00,33.73
2018-06-07 08:00:00,35.4885
2018-06-07 09:00:00,37.4655
2018-06-07 10:00:00,40.3225
2018-06-07 11:00:00,43.3985
2018-06-07 12:00:00,44.9365
2018-06-07 13:00:00,46.475
2018-06-07 14:00:00,46.6945
2018-06-07 15:00:00,46.475
2018-06-07 16:00:00,44.9365
2018-06-07 17:00:00,43.8375
2018-06-07 18:00:00,43.3985
2018-06-07 19:00:00,42.3
2018-06-07 20:00:00,40.9815
2018-06-07 21:00:00,40.1025
2018-06-07 22:00:00,39.663
2018-06-07 23:00:00,39.443
2018-06-08 00:00:00,38.784
2018-06-08 01:00:00,37.9055
2018-06-08 02:00:00,37.246
2018-06-08 03:00:00,36.807
2018-06-08 04:00:00,36.367
2018-06-08 05:00:00,35.488
2018-06-08 06:00:00,35.2685
2018-06-08 07:00:00,34.829
2018-06-08 08:00:00,35.928
2018-06-08 09:00:00,37.2465
2018-06-08 10:00:00,39.663
2018-06-08 11:00:00,39.883
2018-06-08 12:00:00,40.322
2018-06-08 13:00:00,41.421
2018-06-08 14:00:00,42.739
2018-06-08 15:00:00,44.717
2018-06-08 16:00:00,44.0575
2018-06-08 17:00:00,42.0805
2018-06-08 18:00:00,39.663
2018-06-08 19:00:00,37.466
2018-06-08 20:00:00,36.1475
2018-06-08 21:00:00,35.4885
2018-06-08 22:00:00,35.4885
2018-06-08 23:00:00,35.4885
2018-06-09 00:00:00,35.2685
2018-06-09 01:00:00,34.6095
2018-06-09 02:00:00,33.95
2018-06-09 03:00:00,33.5105
2018-06-09 04:00:00,31.533
2018-06-09 05:00:00,32.1925
2018-06-09 06:00:00,32.412
2018-06-09 07:00:00,32.852
2018-06-09 08:00:00,33.291
2018-06-09 09:00:00,33.73
2018-06-09 10:00:00,32.852
2018-06-09 11:00:00,30.4345
2018-06-09 12:00:00,27.578
2018-06-09 13:00:00,26.699
2018-06-09 14:00:00,26.26
2018-06-09 15:00:00,26.919
2018-06-09 16:00:00,28.6765
2018-06-09 17:00:00,29.5555
2018-06-09 18:00:00,29.995
2018-06-09 19:00:00,29.995
2018-06-09 20:00:00,29.995
2018-06-09 21:00:00,29.995
2018-06-09 22:00:00,29.775
2018-06-09 23:00:00,29.775
2018-06-10 00:00:00,29.5555
2018-06-10 01:00:00,29.336
2018-06-10 02:00:00,28.896
2018-06-10 03:00:00,28.896
2018-06-10 04:00:00,28.896
2018-06-10 05:00:00,28.457
2018-06-10 06:00:00,28.2375
2018-06-10 07:00:00,28.457
2018-06-10 08:00:00,29.775
2018-06-10 09:00:00,31.753
2018-06-10 10:00:00,32.632
2018-06-10 11:00:00,33.5105
2018-06-10 12:00:00,34.6095
2018-06-10 13:00:00,36.587
2018-06-10 14:00:00,39.0035
2018-06-10 15:00:00,39.663
2018-06-10 16:00:00,37.9055
2018-06-10 17:00:00,37.686
2018-06-10 18:00:00,36.807
2018-06-10 19:00:00,35.708
2018-06-10 20:00:00,34.609
2018-06-10 21:00:00,33.291
2018-06-10 22:00:00,32.412
2018-06-10 23:00:00,31.533
2018-06-11 00:00:00,31.094
2018-06-11 01:00:00,30.4345
2018-06-11 02:00:00,29.995
2018-06-11 03:00:00,29.336
2018-06-11 04:00:00,28.896
2018-06-11 05:00:00,28.6765
2018-06-11 06:00:00,28.6765
2018-06-11 07:00:00,29.336
2018-06-11 08:00:00,31.3135
2018-06-11 09:00:00,34.1695
2018-06-11 10:00:00,36.807
2018-06-11 11:00:00,40.542
2018-06-11 12:00:00,42.959
2018-06-11 13:00:00,44.9365
2018-06-11 14:00:00,47.134
2018-06-11 15:00:00,47.354
2018-06-11 16:00:00,45.5955
2018-06-11 17:00:00,44.0575
2018-06-11 18:00:00,42.7395
2018-06-11 19:00:00,40.9815
2018-06-11 20:00:00,39.2235
2018-06-11 21:00:00,38.3445
2018-06-11 22:00:00,37.0265
2018-06-11 23:00:00,36.1475
2018-06-12 00:00:00,35.488
2018-06-12 01:00:00,34.829
2018-06-12 02:00:00,34.3895
2018-06-12 03:00:00,33.95
2018-06-12 04:00:00,33.291
2018-06-12 05:00:00,32.852
2018-06-12 06:00:00,32.412
2018-06-12 07:00:00,33.291
2018-06-12 08:00:00,35.0485
2018-06-12 09:00:00,37.4655
2018-06-12 10:00:00,40.1025
2018-06-12 11:00:00,43.838
2018-06-12 12:00:00,46.0355
2018-06-12 13:00:00,48.0125
2018-06-12 14:00:00,49.9905
2018-06-12 15:00:00,50.4295
2018-06-12 16:00:00,49.1115
2018-06-12 17:00:00,47.3535
2018-06-12 18:00:00,46.6945
2018-06-12 19:00:00,44.7165
2018-06-12 20:00:00,42.7395
2018-06-12 21:00:00,40.542
2018-06-12 22:00:00,39.2235
2018-06-12 23:00:00,38.125
2018-06-13 00:00:00,37.246
2018-06-13 01:00:00,36.1475
2018-06-13 02:00:00,35.488
2018-06-13 03:00:00,34.609
2018-06-13 04:00:00,33.73
2018-06-13 05:00:00,32.852
2018-06-13 06:00:00,32.632
2018-06-13 07:00:00,33.291
2018-06-13 08:00:00,35.4885
2018-06-13 09:00:00,38.3445
2018-06-13 10:00:00,40.542
2018-06-13 11:00:00,44.497
2018-06-13 12:00:00,46.4745
2018-06-13 13:00:00,48.8915
2018-06-13 14:00:00,50.21
2018-06-13 15:00:00,49.1115
2018-06-13 16:00:00,48.2325
2018-06-13 17:00:00,46.914
2018-06-13 18:00:00,45.5955
2018-06-13 19:00:00,44.2775
2018-06-13 20:00:00,42.3
2018-06-13 21:00:00,40.542
2018-06-13 22:00:00,39.2235
2018-06-13 23:00:00,38.564
2018-06-14 00:00:00,37.686
2018-06-14 01:00:00,36.807
2018-06-14 02:00:00,36.367
2018-06-14 03:00:00,35.488
2018-06-14 04:00:00,34.829
2018-06-14 05:00:00,34.17
2018-06-14 06:00:00,33.73
2018-06-14 07:00:00,34.17
2018-06-14 08:00:00,36.1475
2018-06-14 09:00:00,38.784
2018-06-14 10:00:00,41.8605
2018-06-14 11:00:00,45.596
2018-06-14 12:00:00,48.2325
2018-06-14 13:00:00,49.9905
2018-06-14 14:00:00,49.551
2018-06-14 15:00:00,49.1115
2018-06-14 16:00:00,48.6715
2018-06-14 17:00:00,46.4745
2018-06-14 18:00:00,44.7165
2018-06-14 19:00:00,42.959
2018-06-14 20:00:00,41.421
2018-06-14 21:00:00,40.1025
2018-06-14 22:00:00,39.004
2018-06-14 23:00:00,38.784
2018-06-15 00:00:00,38.564
2018-06-15 01:00:00,37.9055
2018-06-15 02:00:00,37.246
2018-06-15 03:00:00,36.1475
2018-06-15 04:00:00,35.2685
2018-06-15 05:00:00,34.609
2018-06-15 06:00:00,34.17
2018-06-15 07:00:00,34.609
2018-06-15 08:00:00,36.1475
2018-06-15 09:00:00,38.5645
2018-06-15 10:00:00,40.9815
2018-06-15 11:00:00,44.277
2018-06-15 12:00:00,46.255
2018-06-15 13:00:00,46.9145
2018-06-15 14:00:00,47.354
2018-06-15 15:00:00,48.0125
2018-06-15 16:00:00,47.3535
2018-06-15 17:00:00,46.255
2018-06-15 18:00:00,44.9365
2018-06-15 19:00:00,43.618
2018-06-15 20:00:00,42.3
2018-06-15 21:00:00,40.762
2018-06-15 22:00:00,39.883
2018-06-15 23:00:00,39.004
2018-06-16 00:00:00,38.3445
2018-06-16 01:00:00,37.9055
2018-06-16 02:00:00,37.246
2018-06-16 03:00:00,36.367
2018-06-16 04:00:00,35.708
2018-06-16 05:00:00,35.049
2018-06-16 06:00:00,34.609
2018-06-16 07:00:00,34.609
2018-06-16 08:00:00,34.829
2018-06-16 09:00:00,36.1475
2018-06-16 10:00:00,37.9055
2018-06-16 11:00:00,39.883
2018-06-16 12:00:00,41.641
2018-06-16 13:00:00,42.5195
2018-06-16 14:00:00,43.618
2018-06-16 15:00:00,43.3985
2018-06-16 16:00:00,43.1785
2018-06-16 17:00:00,42.52
2018-06-16 18:00:00,41.201
2018-06-16 19:00:00,39.443
2018-06-16 20:00:00,38.125
2018-06-16 21:00:00,37.0265
2018-06-16 22:00:00,36.1475
2018-06-16 23:00:00,35.708
2018-06-17 00:00:00,35.488
2018-06-17 01:00:00,35.049
2018-06-17 02:00:00,34.609
2018-06-17 03:00:00,34.17
2018-06-17 04:00:00,33.291
2018-06-17 05:00:00,32.852
2018-06-17 06:00:00,32.632
2018-06-17 07:00:00,32.412
2018-06-17 08:00:00,32.852
2018-06-17 09:00:00,34.17
2018-06-17 10:00:00,36.367
2018-06-17 11:00:00,40.3225
2018-06-17 12:00:00,42.08
2018-06-17 13:00:00,43.8375
2018-06-17 14:00:00,45.376
2018-06-17 15:00:00,46.255
2018-06-17 16:00:00,45.1565
2018-06-17 17:00:00,43.6185
2018-06-17 18:00:00,42.739
2018-06-17 19:00:00,41.421
2018-06-17 20:00:00,40.542
2018-06-17 21:00:00,39.663
2018-06-17 22:00:00,39.004
2018-06-17 23:00:00,38.3445
2018-06-18 00:00:00,37.9055
2018-06-18 01:00:00,37.466
2018-06-18 02:00:00,37.0265
2018-06-18 03:00:00,36.1475
2018-06-18 04:00:00,35.708
2018-06-18 05:00:00,35.0485
2018-06-18 06:00:00,34.829
2018-06-18 07:00:00,34.829
2018-06-18 08:00:00,35.928
2018-06-18 09:00:00,37.9055
2018-06-18 10:00:00,40.1025
2018-06-18 11:00:00,44.0575
2018-06-18 12:00:00,46.475
2018-06-18 13:00:00,47.134
2018-06-18 14:00:00,46.6945
2018-06-18 15:00:00,48.2325
2018-06-18 16:00:00,47.573
2018-06-18 17:00:00,46.035
2018-06-18 18:00:00,44.9365
2018-06-18 19:00:00,43.838
2018-06-18 20:00:00,43.1785
2018-06-18 21:00:00,42.3
2018-06-18 22:00:00,41.421
2018-06-18 23:00:00,40.762
2018-06-19 00:00:00,40.322
2018-06-19 01:00:00,39.883
2018-06-19 02:00:00,39.443
2018-06-19 03:00:00,39.2235
2018-06-19 04:00:00,38.784
2018-06-19 05:00:00,37.9055
2018-06-19 06:00:00,37.466
2018-06-19 07:00:00,37.466
2018-06-19 08:00:00,38.125
2018-06-19 09:00:00,39.883
2018-06-19 10:00:00,41.201
2018-06-19 11:00:00,41.641
2018-06-19 12:00:00,41.641
2018-06-19 13:00:00,41.641
2018-06-19 14:00:00,40.9815
2018-06-19 15:00:00,36.807
2018-06-19 16:00:00,36.367
2018-06-19 17:00:00,34.17
2018-06-19 18:00:00,32.1925
2018-06-19 19:00:00,30.4345
2018-06-19 20:00:00,30.654
2018-06-19 21:00:00,31.094
2018-06-19 22:00:00,31.094
2018-06-19 23:00:00,31.3135
2018-06-20 00:00:00,32.1925
2018-06-20 01:00:00,31.973
2018-06-20 02:00:00,31.973
2018-06-20 03:00:00,31.753
2018-06-20 04:00:00,32.1925
2018-06-20 05:00:00,32.1925
2018-06-20 06:00:00,32.632
2018-06-20 07:00:00,32.632
2018-06-20 08:00:00,33.291
2018-06-20 09:00:00,34.17
2018-06-20 10:00:00,35.049
2018-06-20 11:00:00,35.488
2018-06-20 12:00:00,36.587
2018-06-20 13:00:00,38.5645
2018-06-20 14:00:00,39.2235
2018-06-20 15:00:00,39.883
2018-06-20 16:00:00,40.1025
2018-06-20 17:00:00,39.443
2018-06-20 18:00:00,38.564
2018-06-20 19:00:00,37.686
2018-06-20 20:00:00,36.587
2018-06-20 21:00:00,36.1475
2018-06-20 22:00:00,35.049
2018-06-20 23:00:00,34.17
2018-06-21 00:00:00,33.73
2018-06-21 01:00:00,33.291
2018-06-21 02:00:00,32.852
2018-06-21 03:00:00,32.412
2018-06-21 04:00:00,31.533
2018-06-21 05:00:00,30.874
2018-06-21 06:00:00,30.4345
2018-06-21 07:00:00,30.654
2018-06-21 08:00:00,32.852
2018-06-21 09:00:00,34.3895
2018-06-21 10:00:00,36.367
2018-06-21 11:00:00,38.3445
2018-06-21 12:00:00,40.542
2018-06-21 13:00:00,40.9815
2018-06-21 14:00:00,43.618
2018-06-21 15:00:00,44.2775
2018-06-21 16:00:00,43.179
2018-06-21 17:00:00,41.8605
2018-06-21 18:00:00,40.5175
2018-06-21 19:00:00,39.419
2018-06-21 20:00:00,38.3205
2018-06-21 21:00:00,37.6615
2018-06-21 22:00:00,37.002
2018-06-21 23:00:00,36.7825
2018-06-22 00:00:00,36.5625
2018-06-22 01:00:00,36.123
2018-06-22 02:00:00,35.244
2018-06-22 03:00:00,34.8045
2018-06-22 04:00:00,34.585
2018-06-22 05:00:00,34.3655
2018-06-22 06:00:00,33.706
2018-06-22 07:00:00,31.289
2018-06-22 08:00:00,30.6295
2018-06-22 09:00:00,30.1905
2018-06-22 10:00:00,29.5315
2018-06-22 11:00:00,28.6525
2018-06-22 12:00:00,29.3115
2018-06-22 13:00:00,28.433
2018-06-22 14:00:00,27.554
2018-06-22 15:00:00,28.6525
2018-06-22 16:00:00,28.213
2018-06-22 17:00:00,27.7735
2018-06-22 18:00:00,27.1145
2018-06-22 19:00:00,27.334
2018-06-22 20:00:00,28.213
2018-06-22 21:00:00,28.6525
2018-06-22 22:00:00,27.9935
2018-06-22 23:00:00,27.9935
2018-06-23 00:00:00,27.9935
2018-06-23 01:00:00,27.9935
2018-06-23 02:00:00,27.9935
2018-06-23 03:00:00,27.9935
2018-06-23 04:00:00,28.213
2018-06-23 05:00:00,28.4325
2018-06-23 06:00:00,28.4325
2018-06-23 07:00:00,28.872
2018-06-23 08:00:00,29.3115
2018-06-23 09:00:00,30.41
2018-06-23 10:00:00,32.3875
2018-06-23 11:00:00,34.1455
2018-06-23 12:00:00,36.7825
2018-06-23 13:00:00,36.123
2018-06-23 14:00:00,37.4415
2018-06-23 15:00:00,37.881
2018-06-23 16:00:00,37.002
2018-06-23 17:00:00,36.5625
2018-06-23 18:00:00,36.123
2018-06-23 19:00:00,35.6835
2018-06-23 20:00:00,34.3655
2018-06-23 21:00:00,33.9255
2018-06-23 22:00:00,33.2665
2018-06-23 23:00:00,32.8275
2018-06-24 00:00:00,32.168
2018-06-24 01:00:00,31.7285
2018-06-24 02:00:00,31.289
2018-06-24 03:00:00,30.8495
2018-06-24 04:00:00,30.41
2018-06-24 05:00:00,30.19
2018-06-24 06:00:00,29.9705
2018-06-24 07:00:00,30.6295
2018-06-24 08:00:00,32.388
2018-06-24 09:00:00,34.365
2018-06-24 10:00:00,36.782
2018-06-24 11:00:00,39.6385
2018-06-24 12:00:00,39.858
2018-06-24 13:00:00,39.858
2018-06-24 14:00:00,38.76
2018-06-24 15:00:00,38.3205
2018-06-24 16:00:00,38.54
2018-06-24 17:00:00,38.7595
2018-06-24 18:00:00,38.101
2018-06-24 19:00:00,37.661
2018-06-24 20:00:00,36.782
2018-06-24 21:00:00,36.343
2018-06-24 22:00:00,35.464
2018-06-24 23:00:00,35.464
2018-06-25 00:00:00,35.464
2018-06-25 01:00:00,35.464
2018-06-25 02:00:00,35.024
2018-06-25 03:00:00,34.585
2018-06-25 04:00:00,34.1455
2018-06-25 05:00:00,34.1455
2018-06-25 06:00:00,34.3655
2018-06-25 07:00:00,35.024
2018-06-25 08:00:00,35.903
2018-06-25 09:00:00,38.1005
2018-06-25 10:00:00,40.957
2018-06-25 11:00:00,44.4725
2018-06-25 12:00:00,46.4505
2018-06-25 13:00:00,48.6475
2018-06-25 14:00:00,50.625
2018-06-25 15:00:00,50.625
2018-06-25 16:00:00,49.746
2018-06-25 17:00:00,48.867
2018-06-25 18:00:00,47.9885
2018-06-25 19:00:00,46.45
2018-06-25 20:00:00,44.692
2018-06-25 21:00:00,43.8135
2018-06-25 22:00:00,42.9105
2018-06-25 23:00:00,42.4705
2018-06-26 00:00:00,42.251
2018-06-26 01:00:00,41.8115
2018-06-26 02:00:00,40.9325
2018-06-26 03:00:00,40.493
2018-06-26 04:00:00,40.0535
2018-06-26 05:00:00,39.6145
2018-06-26 06:00:00,39.6145
2018-06-26 07:00:00,39.6145
2018-06-26 08:00:00,41.1525
2018-06-26 09:00:00,42.6905
2018-06-26 10:00:00,44.448
2018-06-26 11:00:00,46.6455
2018-06-26 12:00:00,45.9865
2018-06-26 13:00:00,46.8655
2018-06-26 14:00:00,47.085
2018-06-26 15:00:00,47.085
2018-06-26 16:00:00,48.1835
2018-06-26 17:00:00,48.1835
2018-06-26 18:00:00,46.8655
2018-06-26 19:00:00,45.9865
